{
	"name": "裂位墙",
	"description": "利用钍的放射线在其表面空间撕开一道裂位空间，瞬间注入大量能量会导致裂位空间闭合失效。",
	"type": "Wall",
	"health":850 ,
	"flashHit":true,
	"chanceDeflect":100,
	"size":1,
	"destroyBullet": {
		"splashDamage":120,
		"splashDamageRadius":30,
		"lightningColor": "EEC591",
		"lightningDamage": 88,
		"lightning": 1,
		"lightningLength": 7,
		"buildingDamageMultiplier":0.8,
		"collides": false,
		"instantDisappear": true,
		"pierceArmor": true,
		"hittable":false,
		"absorbable":false,
		"status":"崩溃",
		"statusDuration":480,
		"hitSound":"plasmaboom",
		"hitSoundVolume":6,
		"hitShake":4,
		"hitEffect":{"type": "MultiEffect",
		"effects": [
		{"type": "ParticleEffect",
		"particles": 9,
		"sizeFrom": 6,
		"sizeTo": 0,
		"length": 30,
		"baseLength": 4,
		"interp": "pow10Out",
		"sizeInterp": "pow5In",
		"lifetime": 65,
		"colorFrom": "EEC59180",
		"colorTo": "EEC591",
		"cone": 360},
		{"type": "WaveEffect",
		"lifetime": 18,
		"sizeFrom": 5,
		"sizeTo": 30,
		"strokeFrom":3,
		"strokeTo":0,
		"colorFrom":"EEC591",
		"colorTo": "EEC591"}]}
		},
	"requirements": [
	{ "item": "thorium", "amount":4 },
	{ "item": "裂位能", "amount":2 }
	],
	"category": "defense",
	"research": "phase-wall-large"
}