{
	"type": "flying",
	"name": "雷鸣",
	"description": "发射脉冲弹与闪电发生器，装甲厚重，强袭敌军重要目标。",
	"speed": 2,
	"drag": 0.02,
	"accel": 0.05,
	"rotateSpeed": 8,
	"ammoType": {
		"type": "PowerAmmoType",
		"totalPower": 1000
	},
	"ammoCapacity": 300,
	"hitSize": 30,
	"health": 1800,
	"armor": 22,
	"engineOffset": 13,
	"engineSize": 5,
	"research": {
		"parent": "特种工厂",
		"objectives": [
			{
				"type": "SectorComplete",
				"preset": "雷鸣裂谷"
			}
		]
	},
	"weapons": [
		{
			"name": "雷鸣1",
			"x": 0,
			"y": 0,
			"reload": 48,
			"shoot": {
				"shots": 3,
				"shotDelay": 3,
				"type": "ShootPattern",
				"firstShotDelay": 14
			},
			"inaccuracy": 0,
			"mirror": false,
			"rotate": false,
			"shootSound": "laser",
			"shootY": 6,
			"bullet": {
				"type": "BasicBulletType",
				"speed": 10,
				"recoil": 0.3,
				"lifetime": 30,
				"width": 8,
				"height": 15,
				"damage": 17,
				"hitSize": 20,
				"sprite": "circle-bullet",
				"shrinkY": 0,
				"knockback": 9,
				"trailLength": 5,
				"trailWidth": 2.3,
				"trailColor": "FEEBB3FF",
				"frontColor": "FEEBB3FF",
				"backColor": "FEEBB3FF",
				"shootEffect": "none",
				"splashDamageRadius": 45,
				"splashDamage": 65,
				"hitShake": 2,
				"chargeEffect": {
					"type": "WaveEffect",
					"lifetime": 14,
					"sizeFrom": 20,
					"sizeTo": 0,
					"strokeFrom": 0,
					"strokeTo": 1,
					"colorFrom": "FEEBB390",
					"colorTo": "FEEBB3FF"
				},
				"hitEffect": {
					"type": "MultiEffect",
					"effects": [
						{
							"type": "ParticleEffect",
							"particles": 6,
							"sizeFrom": 4,
							"sizeTo": 0,
							"length": 40,
							"baseLength": 8,
							"lifetime": 35,
							"colorFrom": "FEEBB3FF",
							"colorTo": "ffffff",
							"cone": 360
						},
						{
							"type": "WaveEffect",
							"lifetime": 18,
							"sizeFrom": 1,
							"sizeTo": 70,
							"strokeFrom": 3,
							"strokeTo": 0,
							"colorFrom": "FEEBB3FF",
							"colorTo": "FEEBB380"
						}
					]
				},
				"despawnEffect": "none",
				"ammoMultiplier": 6,
				"status": "blasted",
				"statusDuration": 60,
				"lightningDamage": 17,
				"lightning": 3,
				"lightningLength": 7
			}
		},
		{
			"name": "雷鸣2",
			"x": 0,
			"y": 3,
			"reload": 300,
			"recoil": 0,
			"inaccuracy": 0,
			"rotate": false,
			"mirror": false,
			"shootSound": "laserblast",
			"bullet": {
				"damage": 35,
				"shootEffect": {
					"type": "ParticleEffect",
					"particles": 9,
					"sizeFrom": 3,
					"sizeTo": 0,
					"length": 35,
					"baseLength": 0,
					"lifetime": 36,
					"colorFrom": "FEEBB3FF",
					"colorTo": "ffffff",
					"cone": 60
				},
				"despawnEffect": "none",
				"hitEffect": {
					"type": "MultiEffect",
					"effects": [
						{
							"type": "ParticleEffect",
							"particles": 9,
							"sizeFrom": 8,
							"sizeTo": 0,
							"length": 65,
							"baseLength": 9,
							"lifetime": 15,
							"colorFrom": "FEEBB3FF",
							"colorTo": "ffffff",
							"cone": 40
						},
						{
							"type": "WaveEffect",
							"lifetime": 10,
							"sizeFrom": 2,
							"sizeTo": 60,
							"strokeFrom": 5,
							"strokeTo": 0,
							"colorFrom": "FEEBB3FF",
							"colorTo": "FEEBB3FF"
						}
					]
				},
				"hitSound": "plasmaboom",
				"shrinkY": 0,
				"width": 38,
				"height": 38,
				"spin": 10,
				"hitSize": 15,
				"sprite": "large-bomb",
				"trailLength": 2,
				"trailWidth": 5,
				"trailColor": "FEEBB3FF",
				"frontColor": "FEEBB3FF",
				"backColor": "FEEBB3FF",
				"speed": 3,
				"lifetime": 120,
				"splashDamageRadius": 80,
				"splashDamage": 25,
				"pierce": true,
				"status": "崩溃",
				"statusDuration": 10,
				"bulletInterval": 2,
				"intervalBullets": 3,
				"intervalRandomSpread": 360,
				"intervalSpread": 16,
				"intervalAngle": 0,
				"intervalBullet": {
					"type": "LightningBulletType",
					"damage": 16,
					"lightningColor": "FEEBB3FAA",
					"hitColor": "FEEBB3AA",
					"lightningLength": 5,
					"lightningLengthRand": 5,
					"hitEffect": "hitLancer",
					"despawnEffect": "none",
					"status": "shocked",
					"statusDuration": 10
				}
			}
		}
	]
}