{
	"type": "flying",
	"name": "欧米茄",
	"description": "保护最高指挥中心。拥有快速建造能力与强劲的迎敌系统。搭载穿甲燃烧弹，中程狗斗弹与热熔射线系统",
	"accel": 0.05,
	"drag": 0.03,
	"rotateSpeed": 6,
	//"speed": 3.8,
	"itemCapacity": 10000,
	"speed": 10,
	"immunities": [
		"sapped","slow","unmoving",
		"spore-slowed","corroded","electrified",
		"崩溃"
	],
	"ammoType": "thorium",
	"ammoCapacity": 300,
	"hitSize": 38,
	"buildSpeed": 3,
	"buildBeamOffset": 16,
	"flying": true,
	"health": 4800,
	"armor": 12,
	"range": 320,
	"engines": [
		{"x": -13,"y": -15,
		"radius": 2.5,"rotation": -135},
		{"x": 13,"y": -15,
		"radius": 2.5,"rotation": -45},
		{"x": -16.5,"y": -9.5,
		"radius": 2,"rotation": -135},
		{"x": 16.5,"y": -9.5,
		"radius": 2,"rotation": -45}
	],
	"engineOffset": 16,
	"engineSize": 5.5,
	"weapons": [
		{
			"name": "欧米茄1",
			"x": 0,
			"y": 0,
			"recoil": 0,
			"shootX": 5,
			"shootY": 22,
			"reload": 4,
			"top": false,
			"rotate": false,
			"shootSound": "bolt",
			"bullet": {
				"damage": 45,
				"pierceArmor": true,
				"pierce": true,
				"pierceCap": 2,
				"splashDamageRadius": 10,
				"splashDamage": 16,
				"buildingDamageMultiplier": 0.5,
				"hitEffect": {
					"type": "ParticleEffect",
					"particles": 3,
					"sizeFrom": 4,
					"sizeTo": 0,
					"length": 35,
					"baseLength": 5,
					"lifetime": 15,
					"colorFrom": "FF8C0080",
					"colorTo": "FF8C0080",
					"cone": 360
				},
				"despawnEffect": "none",
				"makeFire": true,
				"trailLength": 2,
				"trailWidth": 3,
				"trailColor": "FF8C00",
				"frontColor": "FFD700",
				"backColor": "FF8C00",
				"status": "burning",
				"statusDuration": 600,
				"width": 10,
				"height": 15,
				"speed": 20,
				"lifetime": 16
			}
		},
		{
			"name": "欧米茄2",
			"x": 14,
			"y": 0,
			"reload": 42,
			"mirror": true,
			"rotate": false,
			"alternate": true,
			"rotateSpeed": 0,
			"shoot": {
				"shots": 6,
				"shotDelay": 2,
				"type": "ShootBarrel",
				"barrels": [
					0,1,-30,
					1,0,-35,
					2,-4,-40,
					2,-4,-40,
					1,0,-35,
					0,1,-30
				]},
			"shootSound": "missile",
			"inaccuracy": 2,
			"shootCone": 180,
			"bullet": {
				"type": "MissileBulletType",
				"damage": 33,
				"keepVelocity": false,
				"buildingDamageMultiplier": 0.5,
				"status": "blasted",
				"statusDuration": 60,
				"homingDelay": 6,
				"homingRange": 80,
				"homingPower": 1,
				"splashDamageRadius": 45,
				"splashDamage": 45,
				"hitEffect": "flakExplosionBig",
				"despawnEffect": "flakExplosionBig",
				"sprite": "饱和火力-落雁",
				"trailLength": 8,
				"trailWidth": 0.8,
				"trailColor": "FFFFFF",
				"frontColor": "E3E3E3",
				"backColor": "FF5B5B",
				"drag": -0.012,
				"shrinkY": 0,
				"width": 8,"height": 30,
				"speed": 11,"lifetime": 30
			}
		},
		{
			"name": "欧米茄3",
			"mirror": false,
			"top": false,
			"shake": 3,
			"rotate": false,
			"x": 0,
			"y": 0,
			"shootY": 7,
			"recoil": 0,
			"reload": 60,
			"shootSound": "laser",
			"continuous": true,
			"bullet": {
				"type": "LaserBulletType",
				"damage": 280,
				"buildingDamageMultiplier": 0.5,
				"shootEffect": {
					"type": "ParticleEffect",
					"particles": 5,
					"line": true,
					"strokeFrom": 2,
					"strokeTo": 0,
					"lenFrom": 20,
					"lenTo": 0,
					"length": 50,
					"baseLength": 0,
					"lifetime": 30,
					"colorFrom": "FEEBB3FF",
					"colorTo": "ffffff",
					"cone": 30
				},
				"status": "melting",
				"statusDuration": 600,
				"sideAngle": 135,
				"sideWidth": 1,
				"sideLength": 55,
				"colors": [
					"FEEBB390",
					"FEEBB3FF",
					"FFFFFF"
				],
				"lifetime": 25,
				"width": 15,
				"length": 330
			}
		}
	]
}