{
	"type": "legs",
    //"hidden":true,
	"lockLegBase": true,
	"legCount":4,
	"legLength":35,
	"legForwardScl":0.35,
	"hovering":true,
	"canDrown":false,
	"drownTimeMultiplier":105,
	"legMoveSpace":1,
	"allowLegStep":true,
	"legPhysicsLayer":false,
	"legSplashDamage":108,
	"legSplashRange":15,
	"name": "偏袒",
	"description": "精英机动导弹部队。跨越大多数地形发射质子导弹。",
	"details": "信息缺失！",
	"rotateSpeed": 1.88,
	"speed": 1.05,
	"hitSize": 33,
	"immunities":[
		"blasted","burning","electrified",
		"freezing","melting","disarmed",
		"sapped","shocked","slow",
		"tarred","unmoving","wet",
		"spore-slowed","corroded",
		"标记","裂位标记","崩溃","干扰"],
	"ammoType":"裂位能",
	"ammoCapacity": 2000,
	"health": 58000,
	"armor": 88,
	"drag": 0.15,
	"accel": 0.35,
	"itemCapacity": 0,
	"faceTarget": false,
	"abilities": [
		{"type": "ShieldArcAbility",
		"radius": 30,
		"width": 20,
		"max": 3600,
		"regen": 12,
		"cooldown": 160,
		"angle": 100,
		"angleOffset": 0},
		{"type": "ShieldArcAbility",
		"whenShooting":false,
		"radius": 35,
		"width": 9,
		"max": 2400,
		"regen": 12,
		"cooldown": 160,
		"angle": 60,
		"angleOffset": 120},
		{"type": "ShieldArcAbility",
		"whenShooting":false,
		"radius": 35,
		"width": 9,
		"max": 2400,
		"regen": 12,
		"cooldown": 160,
		"angle": 60,
		"angleOffset": -120}
	],
	"weapons":[
	{"name":"偏袒3.3",
	"reload": 15,
	"shootStatusDuration":20,
	"shootStatus":"强攻",
	"x": 0,  "y": 18,
	"controllable":false,
	"autoTarget":true,
	"rotate": true,
	"rotateSpeed":20,
	"recoil":0,
	"mirror":false,
	"inaccuracy": 0,
	"shootCone":15,
	"shootSound":"bolt",
	"shake":0,
	"parts":[{
		"type": "ShapePart",
		"progress": "warmup",
		"color": "FF5B5B",
		"layer":100,
		"circle": true,
		"hollow": false,
		"radius": 1,
		"radiusTo": 4,
		"x": 0,"y": 0
			}],
			"bullet":{
				"type": "PointBulletType",
				"damage": 68,
				"lightningColor": "FF5B5B",
				"lightningDamage": 57,
				"lightning": 1,
				"lightningLength": 5,
                "buildingDamageMultiplier": 0.63,
				"status":"碎解",
				"statusDuration":106,
				"lifetime": 12,
				"speed": 20,
				"hitSound": "spark",
				"shootEffect":{
				"type": "ParticleEffect",
				"particles": 0,
				"sizeFrom": 8,
				"sizeTo": 0,
				"length": 0,
				"baseLength":0,
				"lifetime": 15,
				"colorFrom": "FF5B5B",
				"colorTo": "FF5B5B",
				"cone": 360},
				"smokeEffect": "none",
				"hitEffect": {
					"type": "ParticleEffect",
					"particles": 1,
					"sizeFrom": 8,
					"sizeTo": 0,
					"length": 0,
					"baseLength":0,
					"lifetime": 19,
					"colorFrom": "FF5B5B",
					"colorTo": "FF5B5B",
					"cone": 360},
				"despawnEffect":"none",
				"trailSpacing": 9,
				"trailEffect": {
					"type": "ParticleEffect",
					"particles": 1,
					"length": 0,
					"baseLength": 1,
					"lifetime": 10,
					"line": true,
					"randLength": false,
					"lenFrom": 10,
					"lenTo": 10,
					"strokeFrom": 2,
					"strokeTo": 0,
					"colorFrom": "FF5B5B",
					"colorTo": "FF5B5B",
					"cone": 0
				}
			}
		},
	{"name": "偏袒3",
	"reload": 98,
	"shootStatusDuration":66,
	"shootStatus":"强攻",
	"x": 0,  "y": 0,
	"shootX":14,
	"shootY":21,
	"rotate": true,
	"rotateSpeed":6.3,
	"recoil":0,
	"mirror":true,
	"inaccuracy": 0,
	"shootCone":30,
	"shootSound":"missileLarge",
	"shake":8.6,
	"parts": [
		{"type":"RegionPart",
		"mirror":false,
		"x":0,"y":0,
		"suffix":"-管",
		"progress":"recoil",
		"heatProgress": "recoil",
		"under":true,
		"moveY":-8
		}],
	"bullet":{
	"type":"MissileBulletType",
	"damage":119,
	"splashDamage":328,
	"splashDamageRadius":48,
	"buildingDamageMultiplier":2.3,
	"sprite":"饱和火力-导弹",
	"width":12,  "height":50,
	"speed":1, "lifetime":108,
	"homingRange": 250,
	"homingDelay":55,
	"homingPower": 0.1,
	"keepVelocity":false,
	"drag":-0.03,
	"pierceArmor": true,
	"hittable":false,
	"absorbable":false,
	"status":"崩溃",
	"statusDuration":206,
	"frontColor":"FFFFFF",	
	"backColor":"EEC591",
	"shrinkY":0,
	"hitSound":"titanExplosion",
	"hitSoundVolume":6,
	"hitShake":8,
	"hitEffect":{"type": "MultiEffect",
	"effects": [
	{"type": "ParticleEffect",
	"particles": 8,
	"sizeFrom": 8,
	"sizeTo": 0,
	"length": 55,
	"baseLength": 8,
	"interp": "pow10Out",
	"sizeInterp": "pow5In",
	"lifetime": 85,
	"colorFrom": "EEC59180",
	"colorTo": "EEC591",
	"cone": 360},
	{"type": "ParticleEffect",
	"particles": 1,
	"sizeFrom": 0,
	"sizeTo": 45,
	"length": 0,
	"baseLength": 0,
	"lifetime": 8,
	"colorFrom": "EEC591",
	"colorTo": "EEC591",
	"cone": 360},
	{"type": "ParticleEffect",
	"particles": 1,
	"sizeFrom": 45,
	"sizeTo": 0,
	"length": 0,
	"baseLength": 0,
	"lifetime": 9,
	"startDelay":8.5,
	"colorFrom": "EEC591",
	"colorTo": "EEC591",
	"cone": 360},
	{"type": "ParticleEffect",
	"particles": 32,
	"line":true,
	"interp": "pow10Out",
	"sizeInterp":"pow10In",
	"strokeFrom": 1.33,
	"strokeTo": 0,
	"lenFrom": 35,
	"lenTo": 0,
	"length": 40,
	"baseLength": 30,
	"lifetime": 16,
	"colorFrom": "EEC591",
	"colorTo": "EEC591",
	"cone": 360
	},
	{"type": "WaveEffect",
	"lifetime": 16,
	"sizeFrom": 5,
	"sizeTo": 60,
	"strokeFrom":11,
	"strokeTo":0,
	"colorFrom":"EEC591",
	"colorTo": "EEC591"}]},
	"shootEffect":{
	"type": "ParticleEffect",
	"particles": 9,
	"interp": "pow5Out",
	"sizeInterp": "pow5In",
	"sizeFrom": 6,
	"sizeTo": 0,
	"length": 38,
	"baseLength": 0,
	"lifetime": 65,
	"colorFrom": "EEC591",
	"colorTo": "EEC59180",
	"cone": 22},
	"smokeEffect":"none",
	"despawnEffect":{
	"type": "ParticleEffect",
	"particles": 1,
	"sizeInterp":"pow10In",
	"sizeFrom": 60,
	"sizeTo": 0,
	"length": 0,
	"baseLength": 0,
	"lifetime": 105,
	"colorFrom": "EEC591",
	"colorTo": "EEC591",
	"cone": 360},
	"trailChance": 1,
	"trailRotation": true,
	"trailLength": 10,
	"trailWidth": 2,
	"trailColor": "EEC591",
	"trailEffect":{
		"type": "MultiEffect",
		"effects": [
		{"type": "ParticleEffect",
		"particles": 3,
		"sizeFrom": 3,
		"sizeTo": 0,
		"length": -50,
		"lifetime": 60,
		"interp": "pow5Out",
		"sizeInterp":"pow5In",
		"colorFrom": "EEC591A8",
		"colorTo": "EEC591A8",
		"cone": 19},
		{"type": "ParticleEffect",
		"particles": 3,
		"lenFrom": 35,
		"lenTo": 0,
		"strokeFrom": 1,
		"strokeTo": 1,
		"line": true,
		"baseLength":16,
		"length": -70,
		"lifetime": 15,
		"interp": "pow5Out",
		"colorFrom": "EEC591",
		"colorTo": "EEC591",
		"cone": 16}
		]}
	}
}
	]
}