{
	"type": "flying",
	"name": "亚龙",
	"description": "信息缺失！",
	"details": "信息缺失！",
	"speed": 0.5,
	"accel": 0.05,
	"drag": 0.017,
	"flying": true,
	"engineOffset": 110,
	"engineSize": 38,
	"hitSize": 220,
	"immunities": [
		"blasted","burning","electrified",
		"freezing","melting",
		"disarmed",
		"sapped","shocked","slow",
		"tarred","unmoving","wet",
		"spore-slowed","corroded","标记","裂位标记",
		"拆解","干扰","绝判","油蚀","崩溃",
		"碎解","阳电","阴电","余热"
	],
	"health": 650000,
    "ammoCapacity": 99999,
	"armor": 360,
	"faceTarget": false,
	"lowAltitude": true,
	"rotateSpeed": 0.3,
	"itemCapacity": 1000,
	"targetFlags": ["factory","core"],
	"abilities": [
		{
			"type": "EnergyFieldAbility",
			"damage": 20,
			"reload": 40,
			"range": 800,
			"healPercent": 5,
			"x": 0,
			"y": -48,
			"color": "FF5B5BFF",
			"effectRadius": 25,
			"sectorRad": 0.14,
			"rotateSpeed": 0.6,
			"hitEffect": {
				"type": "ParticleEffect",
				"particles": 9,
				"lenFrom": 10,
				"lenTo": 20,
				"strokeFrom": 4,
				"strokeTo": 0,
				"line": true,
				"length": 90,
				"baseLength": 0,
				"lifetime": 25,
				"colorFrom": "FF5B5BFF",
				"colorTo": "FF5B5BFF",
				"cone": 360
			},
			"damageEffect": "chainLightning",
			"status": "unmoving",
			"shootSound": "plasmaboom",
			"statusDuration": 10,
			"maxTargets": 800
		},
		{
			"type": "ShieldRegenFieldAbility",
			"amount": 200,
			"max": 3000,
			"reload": 70,
			"range": 640,
			"applyEffect": {
				"type": "MultiEffect",
				"effects": [
					{
						"type": "ParticleEffect",
						"particles": 1,
						"sizeFrom": 0,
						"sizeTo": 640,
						"length": 0,
						"baseLength": 0,
						"lifetime": 60,
						"colorFrom": "FF5B5B18",
						"colorTo": "FF5B5B00",
						"cone": 0
					},
					{
						"type": "WaveEffect",
						"lifetime": 60,
						"sizeFrom": 0,
						"sizeTo": 640,
						"strokeFrom": 4,
						"strokeTo": 0,
						"colorFrom": "FF5B5BFF",
						"colorTo": "FF5B5BFF"
					}
				]
			},
			"activeEffect": {
				"type": "WaveEffect",
				"lifetime": 30,
				"sizeFrom": 0,
				"sizeTo": 640,
				"strokeFrom": 8,
				"strokeTo": 0,
				"colorFrom": "FEEBB3FF",
				"colorTo": "FEEBB3FF"
			}
		},
		{
			"type": "UnitSpawnAbility",
			"unit": "利刃",
			"spawnX": 0,
			"spawnY": 48,
			"spawnTime": 12000
		},
		{
			"type": "UnitSpawnAbility",
			"unit": "flare",
			"spawnX": -76,
			"spawnY": -84,
			"spawnTime": 600
		},
		{
			"type": "UnitSpawnAbility",
			"unit": "flare",
			"spawnX": 76,
			"spawnY": -84,
			"spawnTime": 600
		},
		{
			"type": "UnitSpawnAbility",
			"unit": "flare",
			"spawnX": -80,
			"spawnY": -112,
			"spawnTime": 600
		},
		{
			"type": "UnitSpawnAbility",
			"unit": "flare",
			"spawnX": 80,
			"spawnY": -112,
			"spawnTime": 600
		},
		{"type": "ForceFieldAbility",
			"radius": 360,
			"sides":17,
			"regen": 180,
			"max": 30000,
			"cooldown": 2000
		}
	],
	"research": "亚龙",
	"weapons": [
		{"name": "震爆弹",
			"x": 0,
			"y": -48,
			"reload": 120,
			"mirror": false,
			"rotate": true,
			"rotateSpeed":8,
			"shootSound": "palsmadrop",
			"shake": 5,
			"bullet": {
				"type":"EmpBulletType",
				"timeIncrease":1,
				"powerDamageScl":3,
				"powerSclDecrease":0.6,
				"hitUnits":true,
				"unitDamageScl":6,
				"trailChance": 1,
				"trailInterval": 8,
				"trailEffect": {
					"type": "ParticleEffect",
					"particles": 5,
					"sizeFrom": 12,
					"sizeTo": 0,
					"region":"饱和火力-菱形",
					"interp": "pow10Out",
					"sizeInterp": "pow10In",
					"length": 100,
					"lifetime": 90,
					"colorFrom": "FF5B5BFF",
					"colorTo": "C4333380",
					"cone": 360
				},
				"keepVelocity":false,
				"speed":3,
				"drag":-0.05,
				"lifetime":70,
				"height": 85,
				"width": 40,
				"shrinkX":0,
				"shrinkY":0,
				"trailLength": 20,
				"trailWidth": 9,
				"trailColor": "FF5B5BFF",
				"sprite": "circle-bullet",
				"frontColor": "ffffff",
				"backColor": "FF5B5BFF",
				"status": "unmoving",
				"statusDuration": 60,
				"damage":255,
				"radius":300,
				"splashDamageRadius": 300,
				"splashDamage": 550,
				"hitPowerEffect":{
					"type": "WaveEffect",
					"lifetime": 10,
					"sizeFrom": 0,
					"sizeTo": 30,
					"strokeFrom": 6,
					"strokeTo": 0,
					"colorFrom": "FF5B5BFF",
					"colorTo": "FF5B5BFF"
				},
				"smokeEffect": {
					"type": "WaveEffect",
					"lifetime": 30,
					"sizeFrom": 0,
					"sizeTo": 500,
					"strokeFrom": 18,
					"strokeTo": 0,
					"colorFrom": "C43333FF",
					"colorTo": "FF5B5BFF"
				},
				"shootEffect": "none",
				"hitShake":20,
				"hitSound": "plasmaboom",
				"hitEffect":{"type": "MultiEffect",
				"effects": [
				{
					"type": "WaveEffect",
					"lifetime": 60,
					"sizeFrom": 300,
					"sizeTo": 300,
					"strokeFrom": 12,
					"strokeTo": 0,
					"colorFrom": "FF5B5BFF",
					"colorTo": "FF5B5BFF"
				},
				{
					"type": "ParticleEffect",
					"particles": 25,
					"sizeFrom": 33,
					"sizeTo": 0,
					"region":"饱和火力-菱形",
					"interp": "pow10Out",
					"sizeInterp": "pow5In",
					"length": 300,
					"lifetime": 70,
					"colorFrom": "FF5B5BFF",
					"colorTo": "FF5B5B",
					"cone": 360
				},
				{
					"type": "ParticleEffect",
					"particles": 1,
					"sizeFrom": 300,
					"sizeTo": 300,
					"lifetime": 15,
					"baseLength": 0,
					"length": 0,
					"colorFrom": "FF5B5BFF",
					"colorTo": "FF5B5B00"
				}
				]},
				"despawnEffect":{
					"type": "ParticleEffect",
					"particles": 1,
					"sizeFrom": 30,
					"sizeTo": 0,
					"lifetime": 88,
					"interp": "pow10In",
					"baseLength": 0,
					"length": 0,
					"colorFrom": "FF5B5BFF",
					"colorTo": "FF5B5BFF"
				},
				"parts":[
					{"type": "HaloPart",
					"sides": 3,
					"shapes": 2,
					"color": "FF5B5B",
					"colorTo":"FF5B5B",
					"tri": true,
					"radius": 16,
					"radiusTo": 16,
					"triLength": 100,
					"triLengthTo": 10,
					"haloRadius": 50,
					"haloRotation": 0,
					"haloRotateSpeed": 3},
					{"type": "HaloPart",
					"shapeRotation":180,
					"sides": 3,
					"shapes": 2,
					"color": "FF5B5B",
					"colorTo":"FF5B5B",
					"tri": true,
					"radius": 16,
					"radiusTo": 16,
					"triLength": 40,
					"triLengthTo": 4,
					"haloRadius": 50,
					"haloRotation": 0,
					"haloRotateSpeed": 3},
					{"type": "HaloPart",
					"sides": 4,
					"shapes": 1,
					"rotateSpeed": 1.65,
					"color": "FF5B5B",
					"colorTo":"FF5B5B",
					"tri": false,
					"hollow": true,
					"stroke": 5,
					"strokeTo": 5,
					"radius": 120,
					"radiusTo": 40,
					"haloRotation": 22.5,
					"haloRadius": 0},
					{"type": "HaloPart",
					"sides": 3,
					"shapes": 2,
					"color": "FF5B5B",
					"colorTo":"FF5B5B",
					"tri": true,
					"radius":9,
					"radiusTo": 9,
					"triLength": 30,
					"triLengthTo": 3,
					"haloRadius": 90,
					"haloRotation": 0,
					"haloRotateSpeed": -4.6},
					{"type": "HaloPart",
					"shapeRotation":180,
					"sides": 3,
					"shapes": 2,
					"color": "FF5B5B",
					"colorTo":"FF5B5B",
					"tri": true,
					"radius": 9,
					"radiusTo": 9,
					"triLength": 40,
					"triLengthTo": 4,
					"haloRadius": 90,
					"haloRotation": 0,
					"haloRotateSpeed": -4.6}
				]
			}
		},
		{"name": "火炮",
			"x": 0,
			"y": -48,
			"shootSound": "laser",
			"rotate": true,
			"rotateSpeed": 99,
			"mirror": false,
			"alternate": false,
			"shoot": {
				"type": "ShootHelix",
				"mag": 2,
				"scl": 9
			},
			"shake": 14,
			"reload": 1000,
			"autoTarget": true,
			"bullet": {
				"type": "BasicBulletType",
				"width": 64,
				"height": 64,
				"shrinkY": 0,
				"splashDamage": 2750,
				"splashDamageRadius": 256,
				"keepVelocity":false,
				"scaleLife": true,
				"lifetime": 800,
				"speed": 4,
				"sprite": "circle-bullet",
				"trailColor": "FF5B5BFF",
				"trailLength": 30,
				"trailWidth": 16,
				"hitShake": 20,
				"hitSound": "DBZ",
				"backColor": "FF5B5BFF",
				"frontColor": "FFFFFF",
				"trailChance": 1,
				"trailInterval": 80,
				"trailEffect": {
					"type": "WaveEffect",
					"lifetime": 60,
					"sizeFrom": 8,
					"sizeTo": 80,
					"strokeFrom": 3,
					"strokeTo": 0,
					"colorFrom": "FF5B5BFF",
					"colorTo": "ffffff"
				},

				"hitEffect": {
					"type": "MultiEffect",
					"lifetime": 120,
					"effects": [
						{
							"type": "ParticleEffect",
							"particles": 50,
							"sizeFrom": 20,
							"sizeTo": 0,
							"length": 800,
							"baseLength": 8,
							"lifetime": 90,
							"colorFrom": "FF5B5BFF",
							"colorTo": "FF5B5BFF",
							"cone": 360
						},
						{
							"type": "WaveEffect",
							"lifetime": 15,
							"sizeFrom": 8,
							"sizeTo": 400,
							"strokeFrom": 16,
							"strokeTo": 0,
							"colorFrom": "FF5B5BFF",
							"colorTo": "FF5B5BFF"
						},
						{
							"type": "WaveEffect",
							"lifetime": 200,
							"sizeFrom": 8,
							"sizeTo": 800,
							"strokeFrom": 48,
							"strokeTo": 0,
							"colorFrom": "FF5B5BFF",
							"colorTo": "FF5B5BFF"
						}
					]
				},
				"status": "unmoving",
				"statusDuration": 100,
				"collides": false,
				"shootEffect": {
					"type": "WaveEffect",
					"lifetime": 90,
					"sizeFrom": 8,
					"sizeTo": 350,
					"strokeFrom": 25,
					"strokeTo": 0,
					"colorFrom": "FF5B5BFF",
					"colorTo": "FF5B5BFF"
				},
				"smokeEffect": {
					"type": "ParticleEffect",
					"particles": 55,
					"sizeFrom": 29,
					"sizeTo": 0,
					"interp": "pow5In",
					"sizeInterp": "pow5Out",
					"length": 300,
					"baseLength": 0,
					"lifetime": 130,
					"colorFrom": "C4333330",
					"colorTo": "FF5B5B00",
					"cone": 360},
				"fragLifeMin": 0.3,
				"fragBullets": 135,
				"fragBullet": {
					"type":"BasicBulletType",
					"hitEffect": {
						"type": "MultiEffect",
						"lifetime": 120,
						"effects": [
							{
								"type": "ParticleEffect",
								"particles": 11,
								"line": true,
								"strokeFrom": 5,
								"strokeTo": 3,
								"lenFrom": 90,
								"lenTo": 8,
								"sizeFrom": 8,
								"sizeTo": 0,
								"interp":"pow10Out",
								"length": 100,
								"baseLength": 8,
								"lifetime": 25,
								"colorFrom": "C43333FF",
								"colorTo": "FF5B5BFF",
								"cone": 360
							},
							{
								"type": "ParticleEffect",
								"particles": 16,
								"sizeFrom": 20,
								"sizeTo": 0,
								"sizeInterp": "pow10In",
								"interp":"pow10Out",
								"length": 0,
								"baseLength": 80,
								"lifetime": 125,
								"colorFrom": "C43333FF",
								"colorTo": "FF5B5BFF",
								"cone": 360
							},
							{
								"type": "WaveEffect",
								"lifetime": 15,
								"sizeFrom": 8,
								"sizeTo": 80,
								"strokeFrom": 3,
								"strokeTo": 0,
								"colorFrom": "C43333FF",
								"colorTo": "FF5B5BFF"
							}
						]
					},
					"despawnEffect": "none",
					"sprite": "circle-bullet",
					"status": "blasted",
					"statusDuration": 60,
					"trailColor": "FF5B5BFF",
					"trailLength": 4,
					"trailWidth": 8,
					"collides":false,
					"hittable":false,
					"absorbable":false,
					"shrinkY": 0,
					"hitShake": 3,
					"hitSound": "plasmaboom",
					"backColor": "FF5B5BFF",
					"frontColor": "FF5B5BFF",
					"lightningColor": "FF5B5BFF",
					"width": 15,
					"height": 15,
					"lightningDamage": 92,
					"lightning": 5,
					"lightningLength": 25,
					"splashDamageRadius": 80,
					"splashDamage": 358,
					"lifetime": 150,
					"speed": 6,
					"drag": 0.005
				}
			}
		},

		{"name": "四联导弹",
			"x": 48,
			"y": 104,
			"mirror": true,
			"reload": 15,
			"xRand": 8,
			"shoot": {
				"shots": 3,
				"shotDelay": 3
			},
			"shootCone": 100,
			"shootSound": "missile",
			"rotate": true,
			"recoil": 0,
			"rotateSpeed": 5,
			"inaccuracy": 20,
			"bullet": {
				"type": "MissileBulletType",
				"damage": 138,
				"splashDamageRadius": 50,
				"splashDamage": 182,
				"homingRange": 80,
				"homingPower": 0.3,
				"hitEffect": "flakExplosionBig",
				"despawnEffect": "flakExplosionBig",
				"sprite": "饱和火力-落雁",
				"trailLength": 5,
				"trailWidth": 1.3,
				"trailEffect": "none",
				"trailColor": "FFFFFF",
				"backColor": "FF5B5BFF",
				"frontColor": "E3E3E3",
				"drag": -0.01,
				"width": 13,
				"height": 35,
				"speed": 8,
				"lifetime": 90
			}
		},
		{"name": "四联导弹",
			"x": -32,
			"y": 64,
			"mirror": true,
			"reload": 15,
			"xRand": 8,
			"shoot": {
				"shots": 3,
				"shotDelay": 3
			},
			"shootCone": 100,
			"shootSound": "missile",
			"rotate": true,
			"recoil": 0,
			"rotateSpeed": 5,
			"inaccuracy": 20,
			"bullet": {
				"type": "MissileBulletType",
				"damage": 138,
				"splashDamageRadius": 50,
				"splashDamage": 182,
				"homingRange": 80,
				"homingPower": 0.3,
				"hitEffect": "flakExplosionBig",
				"despawnEffect": "flakExplosionBig",
				"sprite": "饱和火力-落雁",
				"trailLength": 5,
				"trailWidth": 1.3,
				"trailEffect": "none",
				"trailColor": "FFFFFF",
				"backColor": "FF5B5BFF",
				"frontColor": "E3E3E3",
				"drag": -0.01,
				"width": 13,
				"height": 35,
				"speed": 8,
				"lifetime": 90
			}
		},
		{"name": "四联导弹",
			"x": 56,
			"y": -120,
			"mirror": true,
			"reload": 15,
			"xRand": 8,
			"shoot": {
				"shots": 3,
				"shotDelay": 3
			},
			"shootCone": 100,
			"shootSound": "missile",
			"rotate": true,
			"recoil": 0,
			"rotateSpeed": 5,
			"inaccuracy": 20,
			"bullet": {
				"type": "MissileBulletType",
				"damage": 138,
				"splashDamageRadius": 50,
				"splashDamage": 182,
				"homingRange": 80,
				"homingPower": 0.3,
				"hitEffect": "flakExplosionBig",
				"despawnEffect": "flakExplosionBig",
				"sprite": "饱和火力-落雁",
				"trailLength": 5,
				"trailWidth": 1.3,
				"trailEffect": "none",
				"trailColor": "FFFFFF",
				"backColor": "FF5B5BFF",
				"frontColor": "E3E3E3",
				"drag": -0.01,
				"width": 13,
				"height": 35,
				"speed": 8,
				"lifetime": 90
			}
		},

		{"name": "点防",
			"type": "PointDefenseWeapon",
			"x": 32,
			"y": -16,
			"rotate": true,
			"shootSound": "lasercharge2",
			"recoil": 0,
			"rotateSpeed": 9,
			"reload": 8,
			"targetInterval": 5,
			"targetSwitchInterval": 5,
			"bullet": {
				"speed": 40,
				"lifetime": 10,
				"shootEffect": "sparkShoot",
				"hitEffect": "pointHit",
				"maxRange": 640,
				"damage": 400
			}
		},
		{
			"name": "点防",
			"type": "PointDefenseWeapon",
			"x": 36,
			"y": 32,
			"rotate": true,
			"shootSound": "lasercharge2",
			"recoil": 0,
			"rotateSpeed": 9,
			"reload": 8,
			"targetInterval": 5,
			"targetSwitchInterval": 5,
			"bullet": {
				"speed": 40,
				"lifetime": 10,
				"shootEffect": "sparkShoot",
				"hitEffect": "pointHit",
				"maxRange": 640,
				"damage": 400
			}
		},
		{
			"name": "点防",
			"type": "PointDefenseWeapon",
			"x": 70,
			"y": 0,
			"rotate": true,
			"shootSound": "lasercharge2",
			"recoil": 0,
			"rotateSpeed": 9,
			"reload": 8,
			"targetInterval": 5,
			"targetSwitchInterval": 5,
			"bullet": {
				"speed": 40,
				"lifetime": 10,
				"shootEffect": "sparkShoot",
				"hitEffect": "pointHit",
				"maxRange": 640,
				"damage": 400
			}
		},
		{
			"name": "点防",
			"type": "PointDefenseWeapon",
			"x": 70,
			"y": 48,
			"rotate": true,
			"shootSound": "lasercharge2",
			"recoil": 0,
			"rotateSpeed": 9,
			"reload": 8,
			"targetInterval": 5,
			"targetSwitchInterval": 5,
			"bullet": {
				"speed": 40,
				"lifetime": 10,
				"shootEffect": "sparkShoot",
				"hitEffect": "pointHit",
				"maxRange": 640,
				"damage": 400
			}
		},
		{
			"name": "点防",
			"type": "PointDefenseWeapon",
			"x": 80,
			"y": -90,
			"rotate": true,
			"shootSound": "lasercharge2",
			"recoil": 0,
			"rotateSpeed": 9,
			"reload": 8,
			"targetInterval": 5,
			"targetSwitchInterval": 5,
			"bullet": {
				"speed": 40,
				"lifetime": 10,
				"shootEffect": "sparkShoot",
				"hitEffect": "pointHit",
				"maxRange": 640,
				"damage": 400
			}
		},

		{"name": "脉冲",
			"reload": 20,
			"shootY": 12,
			"x": 50,
			"y": -24,
			"shoot": {
				"shots": 3,
				"shotDelay": 3
			},
			"rotate": true,
			"rotateSpeed": 4,
			"inaccuracy": 1,
			"shootSound": "laser",
			"shake": 3,
			"bullet": {
				"damage": 195,
				"splashDamage": 255,
				"splashDamageRadius": 45,
				"status":"碎解",
				"statusDuration":180,
				"speed": 20,
				"lifetime": 40,
				"hitShake": 3,
				"width": 16,
				"height": 45,
				"sprite":"missile-large",
				"backColor": "FF5B5BFF",
				"frontColor": "FF5B5BFF",
				"trailLength": 15,
				"trailWidth": 2,
				"trailColor": "FF5B5BFF",
				"hitSound": "plasmaboom",
				"shootEffect":{
					"type": "ParticleEffect",
					"particles": 5,
					"sizeFrom": 4,
					"sizeTo": 0,
					"interp": "pow10Out",
					"sizeInterp": "pow5In",
					"length": 60,
					"baseLength": 8,
					"lifetime": 45,
					"colorFrom": "FF5B5B",
					"colorTo": "FF5B5B",
					"cone":10
				},
				"smokeEffect": "bigShockwave",
				"hitEffect": {
					"type": "MultiEffect",
					"effects": [
						{
							"type": "ParticleEffect",
							"particles": 8,
							"sizeFrom": 9,
							"sizeTo": 0,
							"interp": "pow10Out",
							"sizeInterp": "pow5In",
							"length": 60,
							"baseLength": 8,
							"lifetime": 25,
							"colorFrom": "FF5B5B80",
							"colorTo": "FF5B5B00"
						},
						{
							"type": "WaveEffect",
							"lifetime": 10,
							"sizeFrom": 8,
							"sizeTo": 50,
							"strokeFrom": 5,
							"strokeTo": 0,
							"colorFrom": "FF5B5BFF",
							"colorTo": "FF5B5BFF"
						}
					]
				},
				"despawnEffect": "none"
			}
		},
		{
			"name": "脉冲",
			"reload": 20,
			"shootY": 12,
			"x": -72,
			"y": -64,
			"shoot": {
				"shots": 3,
				"shotDelay": 3
			},
			"rotate": true,
			"rotateSpeed": 4,
			"inaccuracy": 1,
			"shootSound": "laser",
			"shake": 3,
			"bullet": {
				"damage": 195,
				"splashDamage": 255,
				"splashDamageRadius": 45,
				"status":"碎解",
				"statusDuration":180,
				"speed": 20,
				"lifetime": 40,
				"hitShake": 3,
				"width": 16,
				"height": 45,
				"sprite":"missile-large",
				"backColor": "FF5B5BFF",
				"frontColor": "FF5B5BFF",
				"trailLength": 15,
				"trailWidth": 2,
				"trailColor": "FF5B5BFF",
				"hitSound": "plasmaboom",
				"shootEffect":{
					"type": "ParticleEffect",
					"particles": 5,
					"sizeFrom": 4,
					"sizeTo": 0,
					"interp": "pow10Out",
					"sizeInterp": "pow5In",
					"length": 60,
					"baseLength": 8,
					"lifetime": 45,
					"colorFrom": "FF5B5B",
					"colorTo": "FF5B5B",
					"cone":10
				},
				"smokeEffect": "bigShockwave",
				"hitEffect": {
					"type": "MultiEffect",
					"effects": [
						{
							"type": "ParticleEffect",
							"particles": 8,
							"sizeFrom": 9,
							"sizeTo": 0,
							"interp": "pow10Out",
							"sizeInterp": "pow5In",
							"length": 60,
							"baseLength": 8,
							"lifetime": 25,
							"colorFrom": "FF5B5B80",
							"colorTo": "FF5B5B00"
						},
						{
							"type": "WaveEffect",
							"lifetime": 10,
							"sizeFrom": 8,
							"sizeTo": 50,
							"strokeFrom": 5,
							"strokeTo": 0,
							"colorFrom": "FF5B5BFF",
							"colorTo": "FF5B5BFF"
						}
					]
				},
				"despawnEffect": "none"
			}
		},

		{"name": "聚爆",
			"reload": 200,
			"shootY": 20,
			"cooldownTime": 180,
			"x": 56,
			"y": 40,
			"rotate": true,
			"rotateSpeed": 1,
			"inaccuracy": 0,
			"shootSound": "release",
			"shake": 6,
			"bullet": {
				"type": "PointBulletType",
				"trailEffect": {
					"type": "ParticleEffect",
					"particles": 1,
					"baseLength": 1,
					"lifetime": 20,
					"line": true,
					"randLength": false,
					"lenFrom": 10,
					"lenTo": 10,
					"strokeFrom": 10,
					"strokeTo": 0,
					"colorFrom": "FF5B5BFF",
					"colorTo": "FF5B5B00",
					"cone": 0
				},
				"trailSpacing": 9,
				"pierceArmor":true,
				"status": "碎解",
				"statusDuration": 600,
				"splashDamage": 750,
				"splashDamageRadius": 45,
				"speed": 180,
				"lifetime": 5,
				"hitSound": "plasmaboom",
				"shootEffect": {
					"type": "MultiEffect",
					"effects": [
						{
							"type": "WaveEffect",
							"lifetime": 15,
							"sizeFrom": 0,
							"sizeTo": 100,
							"strokeFrom": 3,
							"strokeTo": 0,
							"colorFrom": "FF5B5BFF",
							"colorTo": "C43333FF"
						},
						{
							"type": "ParticleEffect",
							"particles": 12,
							"lenFrom": 8,
							"lenTo": 20,
							"strokeFrom": 6,
							"strokeTo": 0,
							"length": 80,
							"baseLength": 8,
							"lifetime": 120,
							"colorFrom": "FF5B5BFF",
							"colorTo": "C43333FF",
							"cone": 60
						},
						{
							"type": "ParticleEffect",
							"particles": 1,
							"sizeFrom": 20,
							"sizeTo": 0,
							"length": 0,
							"baseLength": 0,
							"lifetime": 70,
							"colorFrom": "FF5B5Bb8",
							"colorTo": "C4333300",
							"cone": 0
						}
					]
				},
				"smokeEffect": "bigShockwave",
				"hitEffect": {
					"type": "MultiEffect",
					"effects": [
						{
							"type": "ParticleEffect",
							"particles": 1,
							"sizeFrom": 45,
							"sizeTo": 45,
							"length": 0,
							"baseLength": 0,
							"lifetime": 30,
							"colorFrom": "FF5B5Bb8",
							"colorTo": "C4333300",
							"cone": 0
						},
						{
							"type": "WaveEffect",
							"lifetime": 45,
							"sizeFrom": 0,
							"sizeTo": 100,
							"strokeFrom": 8,
							"strokeTo": 0,
							"colorFrom": "FF5B5Bb8",
							"colorTo": "C43333b8"
						}
					]
				},
				"despawnEffect": "bigShockwave"
			}
		},
		{
			"name": "聚爆",
			"reload": 200,
			"shootY": 20,
			"cooldownTime": 180,
			"x": -48,
			"y": -80,
			"rotate": true,
			"rotateSpeed": 1,
			"inaccuracy": 0,
			"shootSound": "release",
			"shake": 6,
			"bullet": {
				"type": "PointBulletType",
				"trailEffect": {
					"type": "ParticleEffect",
					"particles": 1,
					"baseLength": 1,
					"lifetime": 20,
					"randLength": false,
					"line": true,
					"lenFrom": 10,
					"lenTo": 10,
					"strokeFrom": 10,
					"strokeTo": 0,
					"colorFrom": "FF5B5BFF",
					"colorTo": "FF5B5B00",
					"cone": 0
				},
				"trailSpacing": 9,
				"pierceArmor":true,
				"status": "碎解",
				"statusDuration": 600,
				"splashDamage": 750,
				"splashDamageRadius": 45,
				"speed": 180,
				"lifetime": 5,
				"hitSound": "plasmaboom",
				"shootEffect": {
					"type": "MultiEffect",
					"effects": [
						{
							"type": "WaveEffect",
							"lifetime": 15,
							"sizeFrom": 0,
							"sizeTo": 100,
							"strokeFrom": 3,
							"strokeTo": 0,
							"colorFrom": "FF5B5BFF",
							"colorTo": "C43333FF"
						},
						{
							"type": "ParticleEffect",
							"particles": 12,
							"lenFrom": 8,
							"lenTo": 20,
							"strokeFrom": 6,
							"strokeTo": 0,
							"length": 80,
							"baseLength": 8,
							"lifetime": 120,
							"colorFrom": "FF5B5BFF",
							"colorTo": "C43333FF",
							"cone": 60
						},
						{
							"type": "ParticleEffect",
							"particles": 1,
							"sizeFrom": 20,
							"sizeTo": 0,
							"length": 0,
							"baseLength": 0,
							"lifetime": 70,
							"colorFrom": "FF5B5Bb8",
							"colorTo": "C4333300",
							"cone": 0
						}
					]
				},
				"smokeEffect": "bigShockwave",
				"hitEffect": {
					"type": "MultiEffect",
					"effects": [
						{
							"type": "ParticleEffect",
							"particles": 1,
							"sizeFrom": 45,
							"sizeTo": 45,
							"length": 0,
							"baseLength": 0,
							"lifetime": 30,
							"colorFrom": "FF5B5Bb8",
							"colorTo": "C4333300",
							"cone": 0
						},
						{
							"type": "WaveEffect",
							"lifetime": 45,
							"sizeFrom": 0,
							"sizeTo": 100,
							"strokeFrom": 8,
							"strokeTo": 0,
							"colorFrom": "FF5B5Bb8",
							"colorTo": "C43333b8"
						}
					]
				},
				"despawnEffect": "bigShockwave"
			}
		},

		{"name": "空间导弹",
			"x": 0,"y": 0,
			"reload": 1805,
			"mirror": false,
			"rotate": false,
			"shootCone":360,
			"ignoreRotation":true,
			"shootSound":"laserblast",
			"chargeSound":"lasercharge",
			"inaccuracy": 135,
			"velocityRnd":0.732,
			"shootStatusDuration":620,
			"shootStatus":"强攻",
			"shoot":{
				"type":"ShootPattern",
				"firstShotDelay":90,
				"shots": 5,
				"shotDelay": 10
			},
			"bullet":{
				"type": "PointBulletType",
				"trailEffect":"none",
				"status": "裂位标记",
				"statusDuration": 600,
				"splashDamage": 5,
				"splashDamageRadius": 80,
				"speed": 64,
				"lifetime": 68.75,
				"hitSound": "wave",
				"shootEffect":{
					"type": "WaveEffect",
					"lifetime": 180,
					"sizeFrom": 0,
					"sizeTo": 1600,
					"strokeFrom": 200,
					"strokeTo": 0,
					"colorFrom": "EEC59111",
					"colorTo": "EEC59100"
				},
				"smokeEffect": {
					"type": "WaveEffect",
					"lifetime": 180,
					"sizeFrom": 0,
					"sizeTo": 1600,
					"strokeFrom": 200,
					"strokeTo": 0,
					"startDelay":20,
					"colorFrom": "EEC59111",
					"colorTo": "EEC59100"
				},
				"hitEffect": {
					"type": "MultiEffect",
					"effects": [
						{   "type": "ParticleEffect",
							"particles": 1,
							"sizeFrom": 60,
							"sizeTo": 80,
							"length": 0,
							"baseLength": 0,
							"lifetime": 8,
							"colorFrom": "EEC59110",
							"colorTo": "EEC59100",
							"cone": 0},
						{"type": "WaveEffect",
						"lifetime": 8,
						"sizeFrom": 60,
						"sizeTo": 80,
						"strokeFrom": 12,
						"strokeTo": 0,
						"colorFrom": "EEC591",
						"colorTo": "EEC591b8"
						}
					]
				},
				"despawnEffect": "none",
			"spawnBullets":[
				{"type": "PointBulletType",
				"trailEffect":"none",
				"status": "碎解",
				"keepVelocity":false,
				"statusDuration": 600,
				"splashDamage": 50,
				"splashDamageRadius": 200,
				"speed": 64,
				"lifetime": 12,
				"hitSound": "lasercharge2",
				"hitEffect": {
					"type": "MultiEffect",
					"effects": [
						{   "type": "ParticleEffect",
							"particles": 1,
							"sizeFrom": 190,
							"sizeTo": 190,
							"length": 0,
							"baseLength": 0,
							"lifetime": 20,
							"colorFrom": "EEC59190",
							"colorTo": "EEC59100",
							"cone": 0},
						{"type": "WaveEffect",
						"lifetime": 25,
						"sizeFrom": 0,
						"sizeTo": 200,
						"strokeFrom": 22,
						"strokeTo": 0,
						"colorFrom": "EEC591",
						"colorTo": "EEC591b8"
						}
					]
				},
				"despawnEffect": "bigShockwave",
				"fragBullets": 1,
				"fragLifeMin": 1,
				"fragBullet":{
					"type":"BasicBulletType",
					"collides":false,
					"hittable":false,
					"absorbable":false,
					"homingRange": 1100,
					"homingDelay":144,
					"homingPower": 0.02,
					"hitEffect":"none",
					"trailChance": 0,
					"trailInterval": 35,
					"trailEffect": {
						"type": "WaveEffect",
						"lifetime": 40,
						"sizeFrom": 0,
						"sizeTo": 200,
						"strokeFrom": 8,
						"strokeTo": 0,
						"colorFrom": "EEC591",
						"colorTo": "EEC591b8"
						},
						"parts": [
							{"type": "HaloPart",
							"sides": 4,
							"shapes": 1,
							"rotateSpeed": 1.65,
							"color": "EEC591",
							"colorTo":"EEC591",
							"tri": false,
							"hollow": true,
							"stroke": 4,
							"strokeTo": 3,
							"radius": 50,
							"radiusTo": 50,
							"haloRadius": 0},
							{"type": "HaloPart",
							"sides": 8,
							"shapes": 1,
							"rotateSpeed": -1.88,
							"color": "EEC591",
							"colorTo":"EEC591",
							"tri": false,
							"hollow": true,
							"stroke": 4,
							"strokeTo": 3,
							"radius": 75,
							"radiusTo": 75,
							"haloRadius": 0},
							{
								"type": "HaloPart",
								"sides": 3,
								"shapes": 3,
								"color": "EEC591",
								"colorTo":"EEC591",
								"tri": true,
								"radius": 8,
								"radiusTo": 8,
								"triLength": 38,
								"triLengthTo": 38,
								"haloRadius": 150,
								"haloRotation": 0,
								"haloRotateSpeed": 1.22
								},
							{
								"type": "HaloPart",
								"shapeRotation":180,
								"sides": 3,
								"shapes": 3,
								"color": "EEC591",
								"colorTo":"EEC591",
								"tri": true,
								"radius": 8,
								"radiusTo": 8,
								"triLength": 38,
								"triLengthTo": 38,
								"haloRadius": 150,
								"haloRotation": 0,
								"haloRotateSpeed": 1.22
								},
							{
								"type": "HaloPart",
								"sides": 3,
								"shapes": 5,
								"color": "EEC591",
								"colorTo":"EEC591",
								"tri": true,
								"radius": 12,
								"radiusTo": 12,
								"triLength": 56,
								"triLengthTo": 56,
								"haloRadius": 57,
								"haloRotation": 0,
								"haloRotateSpeed": -1
								},
							{
								"type": "HaloPart",
								"shapeRotation":180,
								"sides": 3,
								"shapes": 5,
								"color": "EEC591",
								"colorTo":"EEC591",
								"tri": true,
								"radius": 12,
								"radiusTo": 12,
								"triLength": 16,
								"triLengthTo": 16,
								"haloRadius": 57,
								"haloRotation": 0,
								"haloRotateSpeed": -1
								}
							],
					"despawnEffect":{
						"type": "ParticleEffect",
						"particles": 1,
						"sizeFrom": 50,
						"sizeTo": 220,
						"sizeInterp": "pow5Out",
						"length": 0,
						"baseLength": 0,
						"lifetime": 60,
						"colorFrom": "EEC591",
						"colorTo": "EEC59100",
						"cone": 0},
					"hitSound":"explosionbig",
					"width": 225,
					"height": 225,
					"backColor": "EEC591",
					"frontColor": "EEC591",
					"sprite": "饱和火力-海胆",
					"spin":0.88,
					"shrinkY": 0,
					"shrinkX": 0,
					"pierceArmor":true,
					"status": "绝判",
					"statusDuration": 600,
					"speed":1.63,"lifetime":480,
					"splashDamageRadius":200,
					"splashDamage":126,
					"lightningDamage":580,
					"lightning":3,
					"lightningLength":15,
					"hitShake": 15,
					"fragBullets":6,
					"fragLifeMin": 0.9,
					"fragLifeMax": 1.3,
					"fragBullet":{
						"type":"PointBulletType",
						"trailSpacing": 9,
						"trailEffect":{
					"type": "ParticleEffect",
					"particles": 1,
					"length":0,
					"baseLength": 1,
					"lifetime": 20,
					"line": true,
					"randLength": false,
					"lenFrom": 9,
					"lenTo":9,
					"strokeFrom": 20,
					"strokeTo": 0,
					"colorFrom": "EEC591",
					"colorTo": "EEC591",
					"cone":0 },
						"lifetime": 8,
						"speed": 35,
						"status":"崩溃",
						"statusDuration":600,
						"buildingDamageMultiplier":3,
						"splashDamageRadius": 48,
						"splashDamage": 96,
						"hitShake":6,
						"hitSound": "laser",
					"hitEffect":{
						"type": "ParticleEffect",
						"particles": 1,
						"sizeFrom": 20,
						"sizeTo": 48,
						"sizeInterp": "pow5Out",
						"length": 0,
						"baseLength": 0,
						"lifetime": 60,
						"colorFrom": "EEC591",
						"colorTo": "EEC59100",
						"cone": 0},
					"despawnEffect":"none"
					},
					"bulletInterval": 6.4,
					"intervalBullets": 1,
					"intervalBullet":{
						"type": "BasicBulletType",
						"damage": 125,
						"knockback": 48,
						"status": "崩溃",
						"statusDuration": 600,
						"pierce": true,
						"pierceArmor":true,
						"pierceCap": 2,
						"absorbable": false,
						"splashDamageRadius": 80,
						"splashDamage": 240,
						"homingRange": 3800,
						"homingDelay":38,
						"homingPower": 0.5,
						"shrinkY": 0,
						"hitEffect": {
							"type": "MultiEffect",
							"effects": [
								{
									"type": "ParticleEffect",
									"particles": 1,
									"sizeFrom": 10,
									"sizeTo": 100,
									"length": 0,
									"baseLength": 8,
									"lifetime": 13,
									"colorFrom": "EEC591",
									"colorTo": "EEC59100",
									"cone": 360
								},
								{
									"type": "ParticleEffect",
									"particles": 9,
									"sizeFrom": 10,
									"sizeTo": 0,
									"interp": "pow5Out",
									"sizeInterp": "pow5In",
									"length": 90,
									"baseLength": 8,
									"lifetime": 95,
									"colorFrom": "EEC591FF",
									"colorTo": "EEC59100",
									"cone": 360
								},
								{
									"type": "WaveEffect",
									"lifetime": 13,
									"sizeFrom": 10,
									"sizeTo": 100,
									"strokeFrom": 8,
									"strokeTo": 0,
									"colorFrom": "EEC591FF",
									"colorTo": "EEC59100"
								}
							]
						},
						"hitSound": "plasmaboom",
						"despawnEffect": "none",
						"sprite": "饱和火力-大导弹",
						"trailChance": 1,
						"trailInterval": 2,
						"trailEffect":{
							"type": "MultiEffect",
							"effects": [
							{"type": "ParticleEffect",
							"particles": 4,
							"sizeFrom": 2,
							"sizeTo": 8,
							"length": -80,
							"lifetime": 20,
							"interp": "pow5Out",
							"colorFrom": "FEEBB3",
							"colorTo": "FEEBB300",
							"cone": 15},
							{"type": "ParticleEffect",
							"particles": 4,
							"lenFrom": 35,
							"lenTo": 0,
							"strokeFrom": 1,
							"strokeTo": 1,
							"line": true,
							"baseLength":16,
							"length": -90,
							"lifetime": 15,
							"interp": "pow5Out",
							"colorFrom": "FF8C00",
							"colorTo": "e3e3e3",
							"cone": 15}
							]},
						"trailRotation": true,
						"trailLength": 10,
						"trailWidth": 2.3,
						"trailColor": "FEEBB3FF",
						"backColor": "EEC591",
						"speed":3,
						"drag":-0.05,
						"lifetime":86,
						"width": 25,
						"height": 76
					}
				}},
				{"type": "PointBulletType",
				"trailEffect":"none",
				"status": "碎解",
				"keepVelocity":false,
				"statusDuration": 600,
				"splashDamage": 50,
				"splashDamageRadius": 200,
				"speed": 64,
				"lifetime": 12,
				"hitSound": "lasercharge2",
				"hitEffect": {
					"type": "MultiEffect",
					"effects": [
						{   "type": "ParticleEffect",
							"particles": 1,
							"sizeFrom": 190,
							"sizeTo": 190,
							"length": 0,
							"baseLength": 0,
							"lifetime": 20,
							"colorFrom": "EEC59190",
							"colorTo": "EEC59100",
							"cone": 0},
						{"type": "WaveEffect",
						"lifetime": 25,
						"sizeFrom": 0,
						"sizeTo": 200,
						"strokeFrom": 22,
						"strokeTo": 0,
						"colorFrom": "EEC591",
						"colorTo": "EEC591b8"
						}
					]
				},
				"despawnEffect": "bigShockwave",
				"fragBullets": 1,
				"fragLifeMin": 1,
				"fragBullet":{
					"type":"BasicBulletType",
					"collides":false,
					"hittable":false,
					"absorbable":false,
					"homingRange": 1100,
					"homingDelay":144,
					"homingPower": 0.02,
					"hitEffect":"none",
					"trailChance": 0,
					"trailInterval": 35,
					"trailEffect": {
						"type": "WaveEffect",
						"lifetime": 40,
						"sizeFrom": 0,
						"sizeTo": 200,
						"strokeFrom": 8,
						"strokeTo": 0,
						"colorFrom": "EEC591",
						"colorTo": "EEC591b8"
						},
						"parts": [
							{"type": "HaloPart",
							"sides": 4,
							"shapes": 1,
							"rotateSpeed": 1.65,
							"color": "EEC591",
							"colorTo":"EEC591",
							"tri": false,
							"hollow": true,
							"stroke": 4,
							"strokeTo": 3,
							"radius": 50,
							"radiusTo": 50,
							"haloRadius": 0},
							{"type": "HaloPart",
							"sides": 8,
							"shapes": 1,
							"rotateSpeed": -1.88,
							"color": "EEC591",
							"colorTo":"EEC591",
							"tri": false,
							"hollow": true,
							"stroke": 4,
							"strokeTo": 3,
							"radius": 75,
							"radiusTo": 75,
							"haloRadius": 0},
							{
								"type": "HaloPart",
								"sides": 3,
								"shapes": 3,
								"color": "EEC591",
								"colorTo":"EEC591",
								"tri": true,
								"radius": 8,
								"radiusTo": 8,
								"triLength": 38,
								"triLengthTo": 38,
								"haloRadius": 150,
								"haloRotation": 0,
								"haloRotateSpeed": 1.22
								},
							{
								"type": "HaloPart",
								"shapeRotation":180,
								"sides": 3,
								"shapes": 3,
								"color": "EEC591",
								"colorTo":"EEC591",
								"tri": true,
								"radius": 8,
								"radiusTo": 8,
								"triLength": 38,
								"triLengthTo": 38,
								"haloRadius": 150,
								"haloRotation": 0,
								"haloRotateSpeed": 1.22
								},
							{
								"type": "HaloPart",
								"sides": 3,
								"shapes": 5,
								"color": "EEC591",
								"colorTo":"EEC591",
								"tri": true,
								"radius": 12,
								"radiusTo": 12,
								"triLength": 56,
								"triLengthTo": 56,
								"haloRadius": 57,
								"haloRotation": 0,
								"haloRotateSpeed": -1
								},
							{
								"type": "HaloPart",
								"shapeRotation":180,
								"sides": 3,
								"shapes": 5,
								"color": "EEC591",
								"colorTo":"EEC591",
								"tri": true,
								"radius": 12,
								"radiusTo": 12,
								"triLength": 16,
								"triLengthTo": 16,
								"haloRadius": 57,
								"haloRotation": 0,
								"haloRotateSpeed": -1
								}
							],
					"despawnEffect":{
						"type": "ParticleEffect",
						"particles": 1,
						"sizeFrom": 50,
						"sizeTo": 220,
						"sizeInterp": "pow5Out",
						"length": 0,
						"baseLength": 0,
						"lifetime": 60,
						"colorFrom": "EEC591",
						"colorTo": "EEC59100",
						"cone": 0},
					"hitSound":"explosionbig",
					"width": 225,
					"height": 225,
					"backColor": "EEC591",
					"frontColor": "EEC591",
					"sprite": "饱和火力-海胆",
					"spin":0.88,
					"shrinkY": 0,
					"shrinkX": 0,
					"pierceArmor":true,
					"speed":1.63,"lifetime":480,
					"splashDamageRadius":200,
					"splashDamage":126,
					"lightningDamage":420,
					"lightning":3,
					"lightningLength":15,
					"hitShake": 15,
					"fragBullets":6,
					"fragLifeMin": 0.9,
					"fragLifeMax": 1.3,
					"fragBullet":{
						"type":"PointBulletType",
						"trailSpacing": 9,
						"trailEffect":{
					"type": "ParticleEffect",
					"particles": 1,
					"length":0,
					"baseLength": 1,
					"lifetime": 20,
					"line": true,
					"randLength": false,
					"lenFrom": 9,
					"lenTo":9,
					"strokeFrom": 20,
					"strokeTo": 0,
					"colorFrom": "EEC591",
					"colorTo": "EEC591",
					"cone":0 },
						"lifetime": 8,
						"speed": 35,
						"status":"崩溃",
						"statusDuration":600,
						"buildingDamageMultiplier":3,
						"splashDamageRadius": 48,
						"splashDamage": 96,
						"hitShake":6,
						"hitSound": "laser",
					"hitEffect":{
						"type": "ParticleEffect",
						"particles": 1,
						"sizeFrom": 20,
						"sizeTo": 48,
						"sizeInterp": "pow5Out",
						"length": 0,
						"baseLength": 0,
						"lifetime": 60,
						"colorFrom": "EEC591",
						"colorTo": "EEC59100",
						"cone": 0},
					"despawnEffect":"none"
					},
					"bulletInterval": 6.4,
					"intervalBullets": 1,
					"intervalBullet":{
						"type": "BasicBulletType",
						"damage": 125,
						"knockback": 48,
						"status": "崩溃",
						"statusDuration": 600,
						"pierce": true,
						"pierceArmor":true,
						"pierceCap": 2,
						"absorbable": false,
						"splashDamageRadius": 80,
						"splashDamage": 240,
						"homingRange": 3800,
						"homingDelay":38,
						"homingPower": 0.5,
						"shrinkY": 0,
						"hitEffect": {
							"type": "MultiEffect",
							"effects": [
								{
									"type": "ParticleEffect",
									"particles": 1,
									"sizeFrom": 10,
									"sizeTo": 100,
									"length": 0,
									"baseLength": 8,
									"lifetime": 13,
									"colorFrom": "EEC591",
									"colorTo": "EEC59100",
									"cone": 360
								},
								{
									"type": "ParticleEffect",
									"particles": 9,
									"sizeFrom": 10,
									"sizeTo": 0,
									"interp": "pow5Out",
									"sizeInterp": "pow5In",
									"length": 90,
									"baseLength": 8,
									"lifetime": 95,
									"colorFrom": "EEC591FF",
									"colorTo": "EEC59100",
									"cone": 360
								},
								{
									"type": "WaveEffect",
									"lifetime": 13,
									"sizeFrom": 10,
									"sizeTo": 100,
									"strokeFrom": 8,
									"strokeTo": 0,
									"colorFrom": "EEC591FF",
									"colorTo": "EEC59100"
								}
							]
						},
						"hitSound": "plasmaboom",
						"despawnEffect": "none",
						"sprite": "饱和火力-大导弹",
						"trailChance": 1,
						"trailInterval": 2,
						"trailEffect":{
							"type": "MultiEffect",
							"effects": [
							{"type": "ParticleEffect",
							"particles": 4,
							"sizeFrom": 2,
							"sizeTo": 8,
							"length": -80,
							"lifetime": 20,
							"interp": "pow5Out",
							"colorFrom": "FEEBB3",
							"colorTo": "FEEBB300",
							"cone": 15},
							{"type": "ParticleEffect",
							"particles": 4,
							"lenFrom": 35,
							"lenTo": 0,
							"strokeFrom": 1,
							"strokeTo": 1,
							"line": true,
							"baseLength":16,
							"length": -90,
							"lifetime": 15,
							"interp": "pow5Out",
							"colorFrom": "FF8C00",
							"colorTo": "e3e3e3",
							"cone": 15}
							]},
						"trailRotation": true,
						"trailLength": 10,
						"trailWidth": 2.3,
						"trailColor": "FEEBB3FF",
						"backColor": "EEC591",
						"speed":3,
						"drag":-0.05,
						"lifetime":86,
						"width": 25,
						"height": 76
					}
				}},
				{"type": "PointBulletType",
				"trailEffect":"none",
				"status": "碎解",
				"keepVelocity":false,
				"statusDuration": 600,
				"splashDamage": 50,
				"splashDamageRadius": 200,
				"speed": 64,
				"lifetime": 12,
				"hitSound": "lasercharge2",
				"hitEffect": {
					"type": "MultiEffect",
					"effects": [
						{   "type": "ParticleEffect",
							"particles": 1,
							"sizeFrom": 190,
							"sizeTo": 190,
							"length": 0,
							"baseLength": 0,
							"lifetime": 20,
							"colorFrom": "EEC59190",
							"colorTo": "EEC59100",
							"cone": 0},
						{"type": "WaveEffect",
						"lifetime": 25,
						"sizeFrom": 0,
						"sizeTo": 200,
						"strokeFrom": 22,
						"strokeTo": 0,
						"colorFrom": "EEC591",
						"colorTo": "EEC591b8"
						}
					]
				},
				"despawnEffect": "bigShockwave",
				"fragBullets": 1,
				"fragLifeMin": 1,
				"fragBullet":{
					"type":"BasicBulletType",
					"collides":false,
					"hittable":false,
					"absorbable":false,
					"homingRange": 1100,
					"homingDelay":144,
					"homingPower": 0.02,
					"hitEffect":"none",
					"trailChance": 0,
					"trailInterval": 35,
					"trailEffect": {
						"type": "WaveEffect",
						"lifetime": 40,
						"sizeFrom": 0,
						"sizeTo": 200,
						"strokeFrom": 8,
						"strokeTo": 0,
						"colorFrom": "EEC591",
						"colorTo": "EEC591b8"
						},
						"parts": [
							{"type": "HaloPart",
							"sides": 4,
							"shapes": 1,
							"rotateSpeed": 1.65,
							"color": "EEC591",
							"colorTo":"EEC591",
							"tri": false,
							"hollow": true,
							"stroke": 4,
							"strokeTo": 3,
							"radius": 50,
							"radiusTo": 50,
							"haloRadius": 0},
							{"type": "HaloPart",
							"sides": 8,
							"shapes": 1,
							"rotateSpeed": -1.88,
							"color": "EEC591",
							"colorTo":"EEC591",
							"tri": false,
							"hollow": true,
							"stroke": 4,
							"strokeTo": 3,
							"radius": 75,
							"radiusTo": 75,
							"haloRadius": 0},
							{
								"type": "HaloPart",
								"sides": 3,
								"shapes": 3,
								"color": "EEC591",
								"colorTo":"EEC591",
								"tri": true,
								"radius": 8,
								"radiusTo": 8,
								"triLength": 38,
								"triLengthTo": 38,
								"haloRadius": 150,
								"haloRotation": 0,
								"haloRotateSpeed": 1.22
								},
							{
								"type": "HaloPart",
								"shapeRotation":180,
								"sides": 3,
								"shapes": 3,
								"color": "EEC591",
								"colorTo":"EEC591",
								"tri": true,
								"radius": 8,
								"radiusTo": 8,
								"triLength": 38,
								"triLengthTo": 38,
								"haloRadius": 150,
								"haloRotation": 0,
								"haloRotateSpeed": 1.22
								},
							{
								"type": "HaloPart",
								"sides": 3,
								"shapes": 5,
								"color": "EEC591",
								"colorTo":"EEC591",
								"tri": true,
								"radius": 12,
								"radiusTo": 12,
								"triLength": 56,
								"triLengthTo": 56,
								"haloRadius": 57,
								"haloRotation": 0,
								"haloRotateSpeed": -1
								},
							{
								"type": "HaloPart",
								"shapeRotation":180,
								"sides": 3,
								"shapes": 5,
								"color": "EEC591",
								"colorTo":"EEC591",
								"tri": true,
								"radius": 12,
								"radiusTo": 12,
								"triLength": 16,
								"triLengthTo": 16,
								"haloRadius": 57,
								"haloRotation": 0,
								"haloRotateSpeed": -1
								}
							],
					"despawnEffect":{
						"type": "ParticleEffect",
						"particles": 1,
						"sizeFrom": 50,
						"sizeTo": 220,
						"sizeInterp": "pow5Out",
						"length": 0,
						"baseLength": 0,
						"lifetime": 60,
						"colorFrom": "EEC591",
						"colorTo": "EEC59100",
						"cone": 0},
					"hitSound":"explosionbig",
					"width": 225,
					"height": 225,
					"backColor": "EEC591",
					"frontColor": "EEC591",
					"sprite": "饱和火力-海胆",
					"spin":0.88,
					"shrinkY": 0,
					"shrinkX": 0,
					"pierceArmor":true,
					"speed":1.63,"lifetime":480,
					"splashDamageRadius":200,
					"splashDamage":126,
					"lightningDamage":420,
					"lightning":3,
					"lightningLength":15,
					"hitShake": 15,
					"fragBullets":6,
					"fragLifeMin": 0.9,
					"fragLifeMax": 1.3,
					"fragBullet":{
						"type":"PointBulletType",
						"trailSpacing": 9,
						"trailEffect":{
					"type": "ParticleEffect",
					"particles": 1,
					"length":0,
					"baseLength": 1,
					"lifetime": 20,
					"line": true,
					"randLength": false,
					"lenFrom": 9,
					"lenTo":9,
					"strokeFrom": 20,
					"strokeTo": 0,
					"colorFrom": "EEC591",
					"colorTo": "EEC591",
					"cone":0 },
						"lifetime": 8,
						"speed": 35,
						"status":"崩溃",
						"statusDuration":600,
						"buildingDamageMultiplier":3,
						"splashDamageRadius": 48,
						"splashDamage": 96,
						"hitShake":6,
						"hitSound": "laser",
					"hitEffect":{
						"type": "ParticleEffect",
						"particles": 1,
						"sizeFrom": 20,
						"sizeTo": 48,
						"sizeInterp": "pow5Out",
						"length": 0,
						"baseLength": 0,
						"lifetime": 60,
						"colorFrom": "EEC591",
						"colorTo": "EEC59100",
						"cone": 0},
					"despawnEffect":"none"
					},
					"bulletInterval": 6.4,
					"intervalBullets": 1,
					"intervalBullet":{
						"type": "BasicBulletType",
						"damage": 125,
						"knockback": 48,
						"status": "崩溃",
						"statusDuration": 600,
						"pierce": true,
						"pierceArmor":true,
						"pierceCap": 2,
						"absorbable": false,
						"splashDamageRadius": 80,
						"splashDamage": 240,
						"homingRange": 3800,
						"homingDelay":38,
						"homingPower": 0.5,
						"shrinkY": 0,
						"hitEffect": {
							"type": "MultiEffect",
							"effects": [
								{
									"type": "ParticleEffect",
									"particles": 1,
									"sizeFrom": 10,
									"sizeTo": 100,
									"length": 0,
									"baseLength": 8,
									"lifetime": 13,
									"colorFrom": "EEC591",
									"colorTo": "EEC59100",
									"cone": 360
								},
								{
									"type": "ParticleEffect",
									"particles": 9,
									"sizeFrom": 10,
									"sizeTo": 0,
									"interp": "pow5Out",
									"sizeInterp": "pow5In",
									"length": 90,
									"baseLength": 8,
									"lifetime": 95,
									"colorFrom": "EEC591FF",
									"colorTo": "EEC59100",
									"cone": 360
								},
								{
									"type": "WaveEffect",
									"lifetime": 13,
									"sizeFrom": 10,
									"sizeTo": 100,
									"strokeFrom": 8,
									"strokeTo": 0,
									"colorFrom": "EEC591FF",
									"colorTo": "EEC59100"
								}
							]
						},
						"hitSound": "plasmaboom",
						"despawnEffect": "none",
						"sprite": "饱和火力-大导弹",
						"trailChance": 1,
						"trailInterval": 2,
						"trailEffect":{
							"type": "MultiEffect",
							"effects": [
							{"type": "ParticleEffect",
							"particles": 4,
							"sizeFrom": 2,
							"sizeTo": 8,
							"length": -80,
							"lifetime": 20,
							"interp": "pow5Out",
							"colorFrom": "FEEBB3",
							"colorTo": "FEEBB300",
							"cone": 15},
							{"type": "ParticleEffect",
							"particles": 4,
							"lenFrom": 35,
							"lenTo": 0,
							"strokeFrom": 1,
							"strokeTo": 1,
							"line": true,
							"baseLength":16,
							"length": -90,
							"lifetime": 15,
							"interp": "pow5Out",
							"colorFrom": "FF8C00",
							"colorTo": "e3e3e3",
							"cone": 15}
							]},
						"trailRotation": true,
						"trailLength": 10,
						"trailWidth": 2.3,
						"trailColor": "FEEBB3FF",
						"backColor": "EEC591",
						"speed":3,
						"drag":-0.05,
						"lifetime":86,
						"width": 25,
						"height": 76
					}
				}}
		]
		}
		}
	]
}