{
	"type": "PowerTurret",
	"name": "愤倾",
	"description": "向敌人倾泻高密度瘫痪弹，瘫痪系统功能并造成严重损毁。",
	"health": 18000,
	"size": 8,
	"canOverdrive": false,
	"accurateDelay": false,
	"shootSound": "plasmadrop",
	"shoot": {
		"type": "ShootMulti",
		"source": {},
		"dest": [
	{"shots":35,
	"shotDelay":1
	},
	{"type":"ShootSpread",
	"firstShotDelay":65,
	"shots":35,
	"spread": 1.5
	},
	{"type": "ShootHelix",
	"firstShotDelay":125,
	"shots":26,
	"scl": 8,
	"mag": 5
	}
		]
	},
	"shootWarmupSpeed": 0.012,
	"minWarmup": 0.88,
	"drawer": {
		"type": "DrawTurret",
		"parts": [
			{
				"type": "ShapePart",
				"progress": "warmup",
				"y": -17,
				"color": "25C9AB00",
				"colorTo": "BFFFDBFF",
				"circle": true,
				"hollow": false,
				"radius": 99,
				"radiusTo": 6,
				"layer": 110
			},
			{
				"type": "ShapePart",
				"progress": "warmup",
				"y": -17,
				"color": "25C9AB00",
				"colorTo": "BFFFDB80",
				"stroke": 50,
				"strokeTo":2.5,
				"circle": true,
				"hollow": true,
				"radius": 300,
				"radiusTo": 45,
				"layer": 110
			},
			{
				"type": "ShapePart",
				"progress": "warmup",
				"y": -17,
				"color": "25C9AB00",
				"colorTo": "BFFFDB80",
				"stroke": 50,
				"strokeTo":2,
				"circle": true,
				"hollow": true,
				"radius": 300,
				"radiusTo": 25,
				"layer": 110
			},
			{
				"type": "ShapePart",
				"progress": "warmup",
				"y": -17,
				"color": "25C9AB00",
				"colorTo": "BFFFDBFF",
				"stroke": 50,
				"strokeTo":4,
				"circle": true,
				"hollow": true,
				"radius": 300,
				"radiusTo": 65,
				"layer": 110
			},
			{
				"type": "HaloPart",
				"shapeRotation": 180,
				"progress": "warmup",
				"sides": 3,
				"shapes": 3,
				"y": -17,
				"color": "25C9AB00",
				"colorTo": "BFFFDBFF",
				"layer": 110,
				"tri": true,
				"radius": 0,
				"radiusTo": 16,
				"triLength": 0,
				"triLengthTo": 57,
				"haloRadius": 300,
				"haloRadiusTo": 67,
				"haloRotateSpeed": -1.2
			},
			{
				"type": "HaloPart",
				"progress": "warmup",
				"sides": 3,
				"shapes": 3,
				"y": -17,
				"color": "25C9AB00",
				"colorTo": "BFFFDBFF",
				"layer": 110,
				"tri": true,
				"radius": 0,
				"radiusTo": 16,
				"triLength": 0,
				"triLengthTo": 22,
				"haloRadius": 300,
				"haloRadiusTo": 65,
				"haloRotateSpeed": -1.2
			}
		]
	},
	"shootY": 15,
	"cooldownTime": 360,
	"shake": 8,
	"inaccuracy": 8,
	"shootCone":120,
	"recoil": 8,
	"recoilTime": 178,
    "velocityRnd": 0.12,
	"shootType": {
		"type": "EmpBulletType",
		"timeIncrease":1,
		"powerDamageScl":3,
		"powerSclDecrease":0.8,
		"unitDamageScl":1.5,
		"speed": 9,
		"lifetime": 48.33,
		"drag": -0.02,
		"status": "干扰",
		"statusDuration": 22,
		"homingDelay": 40,
		"homingPower": 0.08,
		"homingRange": 50,
		"pierce": true,
		"pierceCap": 2,
		"hitShake":6,
		"damage": 18,
		"splashDamageRadius": 85,
		"splashDamage": 20,
        "buildingDamageMultiplier":0.18,
		"radius":85,
		"ammoMultiplier": 1,
		"sprite": "circle-bullet",
		"shrinkY": 0,
		"trailLength": 20,
		"trailWidth": 4,
		"trailColor": "BFFFDBFF",
		"frontColor": "FFFFFF",
		"backColor": "BFFFDBFF",
		"width": 10,
		"height": 10,
		"lightningDamage": 63,
		"lightning": 2,
		"lightningLength": 7,
		"lightningColor": "BFFFDB",
		"hitSound": "plasmaboom",
		"chainEffect":"chainLightning",
		"applyEffect":"electrified",
		"hitPowerEffect":{
			"type": "ParticleEffect",
			"particles": 5,  
			"baseLength": 0,
			"length":90,
			"lifetime": 16,
			"line": true,
			"lenFrom": 30,
			"lenTo":0,
			"strokeFrom": 2,
			"strokeTo": 0,
			"colorFrom": "BFFFDB",
			"colorTo": "BFFFDB",
			"cone":360 },
		"despawnEffect": {
			"type": "ParticleEffect",
			"particles": 1,
			"sizeFrom": 85,
			"sizeTo": 0,
			"sizeInterp":"pow5Out",
			"length": 0,
			"baseLength": 0,
			"lifetime": 96,
			"colorFrom": "BFFFDB80",
			"colorTo": "BFFFDB",
			"cone": 360
		},
		"hitEffect": {
			"type": "ExplosionEffect",
			"lifetime": 48,
			"waveStroke": 3,
			"waveLife": 12,
			"waveRadBase": 6,
			"waveColor": "BFFFDB",
			"waveRad": 85,
			"smokes": 9,
			"smokeColor": "BFFFDB",
			"sparkColor": "BFFFDB",
			"sparks": 8,
			"sparkRad": 85,
			"sparkStroke": 2,
			"sparkLen": 36
		}
	},
	"shootEffect":{"type":"MultiEffect",
	"effects":[
		{"type": "ParticleEffect",
		"particles": 1,
		"sizeFrom": 6,
		"sizeTo": 0,
		"interp": "pow10Out",
		"sizeInterp": "pow10In",
		"length": 88,
		"baseLength": 0,
		"lifetime": 85,
		"colorFrom": "BFFFDB",
		"colorTo": "BFFFDB80",
		"cone": 13},
		{"type": "ParticleEffect",
		"particles": 2,
		"line": true,
        "lenFrom": 43,
        "lenTo":0,
        "strokeFrom": 3.36,
        "strokeTo": 0,
		"interp": "pow10Out",
		"length": 93,
		"baseLength": 0,
		"lifetime": 85,
		"colorFrom": "BFFFDB",
		"colorTo": "BFFFDB80",
		"cone": 13}
	]},
	"smokeEffect": {
		"type": "WaveEffect",
		"lifetime": 20,
		"sizeFrom": 0,
		"sizeTo": 60,
		"strokeFrom": 2,
		"strokeTo": 0,
		"colorFrom": "BFFFDB",
		"colorTo": "BFFFDB88"
	},
	"consumes": {
		"power": 360,
		"liquid": {
            "liquid": "cryofluid",
            "amount": 3.5
	}},
	"liquidCapacity": 60,
	"reload": 230,
	"rotateSpeed": 1.32,
	"range": 862,
	"category": "turret",
    "research": {"parent": "清宁",
    "objectives": [
		{"type": "SectorComplete","preset": "第五战区"}
		]},
	"requirements": [
		"镄/1800","硅钢/3000",
		"纳米核/800","泰勒合金/800",
		"裂位能/2000",
		"二级协议/40","三级协议/30"
	]
}