{
	"type": "ItemTurret",
	"name": "怨灵",
	"description": "向目标发射巨型被帽钝头弹，造成严重杀伤并击退敌人",
	"health": 33000,
	"armor": 46,
	"size": 8,
	"reload": 6,
	"range": 520,
	"maxAmmo": 32,
	"shootCone":35,
	"recoilTime": 90,
	"canOverdrive": false,
	"recoil": 8,
	"cooldownTime": 90,
	"shoot": {
		"type": "ShootAlternate",
		"barrels": 2,
		"spread": 24
	},
	"ammoUseEffect": "casing4",
	"ammoPerShot": 4,
	"targetGround": true,
	"targetAir": true,
	"consumes": {
		"coolant": {
			"amount": 6,
			"optional": true
		}
	},
	"coolantMultiplier": 0.75,
	"liquidCapacity": 120,
	"inaccuracy": 2,
	"shake": 5,
	"shootSound": "shootBig",
	"rotateSpeed": 3.5,
	"ammoTypes": {
		"硅钢": {
			"type": "BasicBulletType",
			"speed": 17,
			"lifetime": 30,
			"width": 16,
			"height": 19,
			"damage": 105,
			"splashDamageRadius": 38,
			"splashDamage": 57.5,
			"status": "unmoving",
			"statusDuration": 8.65,
			"shootEffect": {
				"type": "MultiEffect",
				"effects": [
					{
						"type": "ParticleEffect",
						"particles": 3,
						"strokeFrom": 3,
						"strokeTo": 0,
						"lenFrom": 10,
						"lenTo": 0,
						"length": 30,
						"baseLength": 0,
						"lifetime": 25,
						"colorFrom": "ffffff",
						"colorTo": "ffffff",
						"cone": 15
					},
					{
						"type": "WaveEffect",
						"lifetime": 10,
						"sizeFrom": 0,
						"sizeTo": 16,
						"strokeFrom": 3,
						"strokeTo": 0,
						"colorFrom": "ffffff",
						"colorTo": "ffffff"
					}
				]
			},
			"smokeEffect": {
				"type": "ParticleEffect",
				"particles": 3,
				"sizeFrom": 6,
				"sizeTo": 0,
				"length": 25,
				"baseLength": 0,
				"lifetime": 15,
				"colorFrom": "ffffff",
				"colorTo": "ffffff",
				"cone": 10
			},
			"hitEffect": "flakExplosionBig",
			"despawnEffect": "flakExplosionBig",
			"ammoMultiplier": 1
		},
		"thorium": {
			"speed": 21,
			"damage": 293.75,
			"lifetime": 25,
			"knockback": 4,
			"pierce": true,
			"pierceArmor": true,
			"pierceCap": 2,
			"width": 16,
			"height": 18,
			"shootEffect": {
				"type": "MultiEffect",
				"effects": [
					{
						"type": "ParticleEffect",
						"particles": 3,
						"strokeFrom": 6,
						"strokeTo": 0,
						"lenFrom": 10,
						"lenTo": 0,
						"length": 30,
						"baseLength": 0,
						"lifetime": 25,
						"colorFrom": "ffffff",
						"colorTo": "ffffff",
						"cone": 15
					},
					{
						"type": "WaveEffect",
						"lifetime": 10,
						"sizeFrom": 0,
						"sizeTo": 16,
						"strokeFrom": 3,
						"strokeTo": 0,
						"colorFrom": "ffffff",
						"colorTo": "ffffff"
					}
				]
			},
			"smokeEffect": {
				"type": "ParticleEffect",
				"particles": 3,
				"sizeFrom": 6,
				"sizeTo": 0,
				"length": 25,
				"baseLength": 0,
				"lifetime": 15,
				"colorFrom": "ffffff",
				"colorTo": "ffffff",
				"cone": 10
			},
			"ammoMultiplier": 1
		},
		"surge-alloy": {
			"type": "BasicBulletType",
			"speed": 17,
			"lifetime": 30,
			"knockback": 8,
			"width": 18,
			"height": 20,
			"damage": 175,
			"splashDamageRadius": 38,
			"splashDamage": 127.5,
			"shootEffect": {
				"type": "MultiEffect",
				"effects": [
					{
						"type": "ParticleEffect",
						"particles": 3,
						"strokeFrom": 3,
						"strokeTo": 0,
						"lenFrom": 10,
						"lenTo": 0,
						"length": 30,
						"baseLength": 0,
						"lifetime": 25,
						"colorFrom": "FFE176FF",
						"colorTo": "ffffff",
						"cone": 15
					},
					{
						"type": "WaveEffect",
						"lifetime": 10,
						"sizeFrom": 0,
						"sizeTo": 16,
						"strokeFrom": 3,
						"strokeTo": 0,
						"colorFrom": "ffffff",
						"colorTo": "ffffff"
					}
				]
			},
			"smokeEffect": {
				"type": "ParticleEffect",
				"particles": 3,
				"sizeFrom": 6,
				"sizeTo": 0,
				"length": 25,
				"baseLength": 0,
				"lifetime": 15,
				"colorFrom": "FFE176FF",
				"colorTo": "FFE176FF",
				"cone": 10
			},
			"hitEffect": "flakExplosionBig",
			"despawnEffect": "flakExplosionBig",
			"ammoMultiplier": 2,
			"lightningDamage": 57,
			"lightning": 3,
			"lightningLength": 15
		},
		"裂位能": {
			"type": "BasicBulletType",
			"speed": 13,
			"damage": 85.5,
			"rangeChange": 88,
			"ammoMultiplier": 2,
			"lifetime": 45,
			"width": 18,
			"height": 50,
			"absorbable": false,
			"pierceArmor": true,
			"sprite": "饱和火力-透彻",
			"backColor": "EEC591",
			"frontColor": "E3E3E3",
			"trailLength": 5,
			"trailWidth": 2.2,
			"trailColor": "FFFFFF",
			"trailEffect": "none",
			"hitEffect": {
				"type": "MultiEffect",
				"effects": [
					{
						"type": "ParticleEffect",
						"particles": 5,
						"sizeFrom": 4,
						"sizeTo": 0,
						"length": 55,
						"baseLength": 9,
						"lifetime": 15,
						"colorFrom": "FEEBB3FF",
						"colorTo": "ffffff",
						"cone": 360
					},
					{
						"type": "WaveEffect",
						"lifetime": 10,
						"sizeFrom": 2,
						"sizeTo": 50,
						"strokeFrom": 3,
						"strokeTo": 0,
						"colorFrom": "FEEBB3FF",
						"colorTo": "FEEBB3FF"
					}
				]
			},
			"despawnEffect": "instBomb",
			"shootEffect": {
				"type": "MultiEffect",
				"effects": [
					{
						"type": "ParticleEffect",
						"particles": 3,
						"strokeFrom": 6,
						"strokeTo": 0,
						"lenFrom": 10,
						"lenTo": 0,
						"length": 30,
						"baseLength": 0,
						"lifetime": 25,
						"colorFrom": "ffffff",
						"colorTo": "ffffff",
						"cone": 15
					},
					{
						"type": "WaveEffect",
						"lifetime": 10,
						"sizeFrom": 0,
						"sizeTo": 16,
						"strokeFrom": 3,
						"strokeTo": 0,
						"colorFrom": "ffffff",
						"colorTo": "ffffff"
					}
				]
			},
			"hitSound": "laser",
			"status": "崩溃",
			"statusDuration": 60,
			"splashDamageRadius": 48,
			"splashDamage": 185,
			"fragRandomSpread": 0,
			"fragBullets": 2,
			"fragBullet": {
				"hitEffect": {
					"type": "MultiEffect",
					"effects": [
						{
							"type": "ParticleEffect",
							"particles": 5,
							"sizeFrom": 4,
							"sizeTo": 0,
							"length": 45,
							"baseLength": 9,
							"lifetime": 15,
							"colorFrom": "FEEBB3FF",
							"colorTo": "ffffff",
							"cone": 40
						},
						{
							"type": "WaveEffect",
							"lifetime": 10,
							"sizeFrom": 2,
							"sizeTo": 40,
							"strokeFrom": 3,
							"strokeTo": 0,
							"colorFrom": "FEEBB3FF",
							"colorTo": "FEEBB3FF"
						}
					]
				},
				"despawnEffect": "instBomb",
				"hitSound": "laser",
				"width": 10,
				"height": 4,
				"damage": 55,
				"collides": true,
				"pierceArmor": true,
				"status": "崩溃",
				"statusDuration": 50,
				"splashDamageRadius": 50,
				"splashDamage": 74.25,
				"lifetime": 10,
				"speed": 3.2,
				"fragRandomSpread": 0,
				"fragBullets": 1,
				"fragBullet": {
					"hitEffect": {
						"type": "MultiEffect",
						"effects": [
							{
								"type": "ParticleEffect",
								"particles": 5,
								"sizeFrom": 4,
								"sizeTo": 0,
								"length": 45,
								"baseLength": 9,
								"lifetime": 15,
								"colorFrom": "FEEBB3FF",
								"colorTo": "ffffff",
								"cone": 40
							},
							{
								"type": "WaveEffect",
								"lifetime": 10,
								"sizeFrom": 2,
								"sizeTo": 40,
								"strokeFrom": 3,
								"strokeTo": 0,
								"colorFrom": "FEEBB3FF",
								"colorTo": "FEEBB3FF"
							}
						]
					},
					"despawnEffect": "instBomb",
					"hitSound": "laser",
					"width": 10,
					"height": 4,
					"damage": 55,
					"collides": true,
					"pierceArmor": true,
					"status": "崩溃",
					"statusDuration": 50,
					"splashDamageRadius": 50,
					"splashDamage": 74.25,
					"lifetime": 10,
					"speed": 3.2
				}
			}
		},
		"镄": {
			"speed": 26,
			"damage": 352.5,
			"lifetime": 20,
			"knockback": 0.65,
			"pierce": true,
			"pierceArmor": true,
			"pierceBuilding": true,
			"pierceCap": 3,
			"width": 20,
			"height": 26,
			"shootEffect": {
				"type": "MultiEffect",
				"effects": [
					{
						"type": "ParticleEffect",
						"particles": 3,
						"strokeFrom": 3,
						"strokeTo": 0,
						"lenFrom": 10,
						"lenTo": 0,
						"length": 30,
						"baseLength": 0,
						"lifetime": 25,
						"colorFrom": "ffffff",
						"colorTo": "ffffff",
						"cone": 15
					},
					{
						"type": "WaveEffect",
						"lifetime": 10,
						"sizeFrom": 0,
						"sizeTo": 16,
						"strokeFrom": 3,
						"strokeTo": 0,
						"colorFrom": "ffffff",
						"colorTo": "ffffff"
					}
				]
			},
			"smokeEffect": {
				"type": "ParticleEffect",
				"particles": 3,
				"sizeFrom": 6,
				"sizeTo": 0,
				"length": 25,
				"baseLength": 0,
				"lifetime": 15,
				"colorFrom": "ffffff",
				"colorTo": "ffffff",
				"cone": 10
			},
			"ammoMultiplier": 3,
			"fragBullets": 4,
			"fragRandomSpread": 30,
			"fragBullet": {
				"hitEffect": "none",
				"width": 9,
				"height": 10,
				"damage": 55,
				"pierce": true,
				"pierceBuilding": true,
				"lifetime": 9,
				"speed": 26,
				"drag": 0.05
			}
		},
		"铬": {
			"speed": 21,
			"damage": 200,
			"pierceArmor": true,
			"lifetime": 25,
			"knockback": 8,
			"width": 20,
			"height": 24,
			"shootEffect": {
				"type": "MultiEffect",
				"effects": [
					{
						"type": "ParticleEffect",
						"particles": 3,
						"strokeFrom": 3,
						"strokeTo": 0,
						"lenFrom": 10,
						"lenTo": 0,
						"length": 30,
						"baseLength": 0,
						"lifetime": 25,
						"colorFrom": "ffffff",
						"colorTo": "ffffff",
						"cone": 15
					},
					{
						"type": "WaveEffect",
						"lifetime": 10,
						"sizeFrom": 0,
						"sizeTo": 16,
						"strokeFrom": 3,
						"strokeTo": 0,
						"colorFrom": "ffffff",
						"colorTo": "ffffff"
					}
				]
			},
			"smokeEffect": {
				"type": "ParticleEffect",
				"particles": 3,
				"sizeFrom": 6,
				"sizeTo": 0,
				"length": 25,
				"baseLength": 0,
				"lifetime": 15,
				"colorFrom": "ffffff",
				"colorTo": "ffffff",
				"cone": 10
			},
			"ammoMultiplier": 3,
			"fragBullets": 8,
			"fragRandomSpread": 60,
			"fragBullet": {
				"hitEffect": "none",
				"width": 9,
				"height": 10,
				"damage": 56.25,
				"knockback": 3,
				"lifetime": 6,
				"speed": 21
			}
		}
	},
	"requirements": [
		"thorium/3000","plastanium/2200",
		"裂位能/1000","镄/2000",
		"二级协议/15","三级协议/5"
	],
	"category": "turret",
	"research": {
		"parent": "灾灵",
		"objectives": [
			{
				"type": "SectorComplete",
				"preset": "荒芜矿区"
			}
		]
	}
}