{
	"type": "GenericCrafter",
	"name": "孢子冲压机",
	"description": "大量冲压孢子产生石油，可能有所损耗",
	"outputLiquid": { "liquid": "oil", "amount": 0.6},
"drawer": {
		"type": "DrawMulti",
		"drawers": [
	{"type": "DrawRegion",
	"suffix": "-bottom"},
	{"type":"DrawPistons",
	"sinMag":1},
	"DrawDefault",
	{"type": "DrawLiquidRegion",
	"drawLiquid": "oil"},
	{"type": "DrawRegion",
	"suffix": "-top"}
	]},
	"size": 3,
	"hasPower": true,
	"hasLiquids": true,
	"hasItems": true,
	"craftTime": 30,
	"itemCapacity": 20,
    "liquidCapacity": 90,
	"updateEffect": {
    "type": "ParticleEffect",
        "particles": 3,
        "sizeFrom": 3,
        "sizeTo": 0,
        "length": 15,
        "baseLength": 10,
        "lifetime": 10,
        "colorFrom": "E3E3E390",
        "colorTo": "ffffff",
        "cone": 360
            },
	"consumes": {
    "power":6,
    "items": {
	 "items": [
	    { "item": "spore-pod", "amount": 3}
	]
  }
 },
"requirements": [
		{ "item": "titanium", "amount": 45},
		{ "item": "metaglass", "amount": 20 },
		{"item": "silicon","amount":35}
	],
	"category": "crafting",
	"research": "spore-press"
}