{
	"type": "flying",
	"name": "余晖",
	"description": "攻击附近所有敌人。发射密集的带电分裂弹与冲击束。发射巨型激光融化敌人并引起火灾。",
	"ammoType": "surge-alloy",
	"ammoCapacity": 1400,
	"speed": 0.95,
	"drag": 0.05,
	"accel": 0.04,
	"flying": true,
	"engineOffset": 46,
	"engineSize": 10,
	"hitSize": 70,
	"faceTarget": true,
	"lowAltitude": true,
	"health": 160000,
	"armor": 30,
	"rotateSpeed": 1.2,
	"itemCapacity": 100,
	"research": "eclipse",
	"weapons": [
		{
			"name": "余晖1",
			"reload": 10,
			"shootY": 7,
			"x": 8,
			"y": 24,
			"rotate": true,
			"rotateSpeed": 2.3,
			"shootSound": "shootBig",
			"shake": 1,
			"ejectEffect": "casing3",
			"bullet": {
				"speed": 12,
				"lifetime": 33,
				"width": 15,
				"height": 18,
				"trailLength":3,
				"trailWidth":4,
				"trailColor":"FFA05C",
				"backColor":"FFA05C",
				"frontColor":"FFFFFF",
				"lightningColor": "FFA05C",
				"lightningDamage": 40,
				"lightning": 2.5,
				"lightningLength": 10,
				"damage": 35,
				"splashDamageRadius": 45,
				"splashDamage": 95,
				"hitSound": "explosion",
				"shootEffect": "shootBig",
				"smokeEffect": "shootBigSmoke",
				"hitEffect": "flakExplosionBig",
				"fragBullets": 3,
				"fragBullet": {
					"speed": 8,
					"lifetime": 10,
					"trailLength":3,
					"trailWidth":2,
					"trailColor":"FFA05C",
					"backColor":"FFA05C",
					"frontColor":"ffffff",
					"lightningColor": "FFA05C",
					"lightningDamage": 37,
					"lightning": 1,
					"lightningLength": 9,
					"width": 8,
					"height": 9,
					"damage": 16,
					"hitEffect": "flakExplosion",
					"splashDamageRadius": 35,
					"splashDamage": 35
				}
			}
		},
		{
			"name": "余晖1",
			"reload": 15,
			"shootY": 7,
			"x": 32,
			"y": -28,
			"rotate": true,
			"rotateSpeed": 2.3,
			"shootSound": "shootBig",
			"shake": 1,
			"ejectEffect": "casing3",
			"bullet": {
				"speed": 12,
				"lifetime": 33,
				"width": 15,
				"height": 18,
				"trailLength":3,
				"trailWidth":4,
				"trailColor":"FFA05C",
				"backColor":"FFA05C",
				"frontColor":"FFFFFF",
				"lightningColor": "FFA05C",
				"lightningDamage": 40,
				"lightning": 2.5,
				"lightningLength": 10,
				"damage": 35,
				"splashDamageRadius": 45,
				"splashDamage": 95,
				"hitSound": "explosion",
				"shootEffect": "shootBig",
				"smokeEffect": "shootBigSmoke",
				"hitEffect": "flakExplosionBig",
				"fragBullets": 3,
				"fragBullet": {
					"speed": 8,
					"lifetime": 10,
					"trailLength":3,
					"trailWidth":2,
					"trailColor":"FFA05C",
					"backColor":"FFA05C",
					"frontColor":"ffffff",
					"lightningColor": "FFA05C",
					"lightningDamage": 37,
					"lightning": 1,
					"lightningLength": 9,
					"width": 8,
					"height": 9,
					"damage": 16,
					"hitEffect": "flakExplosion",
					"splashDamageRadius": 35,
					"splashDamage": 35
				}
			}
		},
		{
			"name": "余晖2",
			"reload": 30,
			"x": 24,
			"y": 0,
			"shootY": 16,
			"shoot": {
				"type": "ShootSpread",
				"shots": 3,
				"spread": 10
			},
			"rotate": true,
			"rotateSpeed": 1.5,
			"inaccuracy": 0,
			"alternate": true,
			"shootSound": "shotgun",
			"shake": 5,
			"bullet": {
				"type": "ShrapnelBulletType",
				"damage": 280,
				"pierceArmor": true,
				"knockback": 6,
				"length": 150,
				"width": 18,
				"fromColor": "FFA05CFF",
				"toColor": "D86E56FF",
				"shootEffect": {
					"type": "ParticleEffect",
					"particles": 9,
					"sizeFrom": 9,
					"sizeTo": 0,
					"line": true,
					"length": 55,
					"baseLength": 0,
					"lifetime": 15,
					"colorFrom": "FFA05CFF",
					"colorTo": "D86E56FF",
					"cone": 60
				},
				"smokeEffect": "bigShockwave"
			}
		},
		{
			"name": "余晖3",
			"mirror": false,
			"top": false,
			"shake": 4,
			"shootY": 32,
			"x": 0,
			"y": 0,
			"reload": 270,
			"chargeSound": "lasercharge",
			"shootSound": "laserbig",
			"continuous": true,
			"cooldownTime": 200,
			"bullet": {
				"type": "ContinuousLaserBulletType",
				"damage": 240,
				"width": 9,
				"length": 300,
				"colors": [
					"D86E56FF",
					"FFA05CFF",
					"FFFFFF"
				],
				"hitEffect": {
					"type": "ParticleEffect",
					"particles": 6,
					"sizeFrom": 9,
					"sizeTo": 0,
					"line": true,
					"length": 85,
					"baseLength": 0,
					"lifetime": 25,
					"colorFrom": "FFA05CFF",
					"colorTo": "D86E56FF",
					"cone": 80
				},
				"lifetime": 145,
				"hitShake": 2,
				"despawnEffect": "smokeCloud",
				"smokeEffect": "none",
				"chargeEffect": {
					"type": "WaveEffect",
					"lifetime": 89,
					"sizeFrom": 100,
					"sizeTo": 0,
					"strokeFrom": 0,
					"strokeTo": 9,
					"colorFrom": "FFA05CFF",
					"colorTo": "D86E56FF"
				},
				"incendChance": 0.1,
				"incendSpread": 8,
				"incendAmount": 1
			}
		}
	]
}