{
	"range": 260,
	"shoot": {
		"shots": 8,
		"shotDelay": 2,
		"type": "ShootAlternate",
		"barrels": 3,
		"spread": 3.5
	},
	"ammoPerShot":2,
	"reload": 32,
	"ammoTypes": {
		"blast-compound": {
			"type": "MissileBulletType",
			"width": 8,
			"height": 8,
			"shrinkY": 0,
			"speed": 3.7,
			"lifetime": 70.27,
			"damage": 10,
			"splashDamageRadius": 30,
			"splashDamage": 45,
			"ammoMultiplier": 5,
			"hitEffect": "blastExplosion",
			"despawnEffect": "blastExplosion",
			"status": "blasted",
			"statusDuration": 60
		},
		"pyratite": {
			"type": "MissileBulletType",
			"frontColor": "f8ad42",
			"backColor": "f68021",
			"width": 7,
			"height": 8,
			"shrinkY": 0,
			"homingPower": 0.08,
			"makeFire": true,
			"speed": 3.7,
			"lifetime": 70.27,
			"damage": 12,
			"splashDamageRadius": 20,
			"splashDamage": 45,
			"ammoMultiplier": 5,
			"hitEffect": "blastExplosion",
			"status": "burning",
			"statusDuration": 360
		},
		"surge-alloy": {
			"type": "MissileBulletType",
			"backColor":"F2E770",
			"frontColor":"FFFFFF",
			"trailColor":"F2E770",
			"width": 8,
			"height": 8,
			"shrinkY": 0,
			"speed": 3.7,
			"lifetime": 70.27,
			"damage": 18,
			"splashDamageRadius": 25,
			"splashDamage": 35,
			"ammoMultiplier": 4,
			"hitEffect": "blastExplosion",
			"despawnEffect": "blastExplosion",
			"lightningDamage": 10,
			"lightning": 2,
			"lightningLength": 10
		},
		"硅钢": {
			"type": "MissileBulletType",
			"backColor":"7595D2",
			"trailColor":"7595D2",
			"speed": 4.1,
			"lifetime": 63.41,
			"damage": 5,
			"status": "unmoving",
			"statusDuration": 9,
			"width": 7,
			"height": 9,
			"despawnEffect": "blastExplosion",
			"hitEffect": "blastExplosion",
			"shootEffect": "none",
			"splashDamageRadius": 32,
			"splashDamage": 19
		},
		"集束": {
			"type": "MissileBulletType",
			"backColor": "D85555FF",
			"trailColor":"D85555FF",
			"speed": 3,
			"lifetime": 86.66,
			"damage": 9,
			"status": "blasted",
			"statusDuration": 60,
			"reloadMultiplier": 0.6,
			"ammoMultiplier":6,
			"width": 10,
			"height": 10,
			"despawnEffect": "blastExplosion",
			"hitEffect": "blastExplosion",
			"shootEffect": "none",
			"splashDamageRadius": 32,
			"splashDamage": 35,
			"fragLifeMin": 0.1,
			"fragBullets": 3,
			"fragBullet": {
				"type": "BasicBulletType",
				"damage": 9,
				"despawnEffect": "flakExplosion",
				"status": "blasted",
				"statusDuration": 60,
				"knockback": 0.7,
				"backColor": "D85555FF",
				"width": 3,
				"height": 3,
				"splashDamageRadius": 30,
				"splashDamage": 22,
				"lifetime": 20,
				"speed": 2.5,
				"drag": 0.005
			}
		}
	}
}