{
    "type": "ItemTurret",
    "name": "雷阵雨",
    "description": "发射6枚远程高爆火箭,安装末端制导系统。对靠近的敌人毫无还手之力，注意保护！",
    "details": "火力压制!",
    "health": 1650,
    "size": 3,
    "reload": 180,
    "range": 640,
    "fogRadiusMultiuplier":0.46,
    "maxAmmo": 30,
    "recoil": 2,
    "cooldownTime": 80,
    "shoot": {
        "shots": 6,
        "shotDelay": 3,
        "type": "ShootBarrel",
        "barrels": [
            -2,12,0,
            2,12,0,
            -5,11.75,0,
            5,11.75,0,
            -8.1,9.5,0,
            8.1,9.5,0
        ]
    },
    "ammoPerShot": 6,
    "shootY": 0,
    "smokeEffect": {
        "type": "ParticleEffect",
        "particles": 3,
        "interp": "pow5Out",
        "sizeInterp": "pow5In",
        "sizeFrom": 5,
        "sizeTo": 0,
        "length": -38,
        "baseLength": -20,
        "lifetime": 55,
        "colorFrom": "73737390",
        "colorTo": "73737390",
        "cone": 33,
        "layer": 49
    },
    "shootSound": "missile",
    "targetGround": true,
    "targetAir": false,
    "minRange": 80,
    "liquidCapacity": 30,
	"coolantMultiplier": 7.5,
    "consumes": {
        "coolant": {
            "amount": 0.5,
            "optional": true
        }
    },
    "inaccuracy": 9,
    "shootCone": 30,
    "shake": 3,
    "rotateSpeed": 4,
    "velocityRnd": 0.05,
    "ammoTypes": {
        "graphite": {
            "type": "ArtilleryBulletType",
            "splashDamageRadius": 32,
            "splashDamage": 28,
            "knockback": 0.7,
            "speed": 5,
            "lifetime": 180,
            "homingDelay": 42,
            "homingPower": 0.08,
            "homingRange": 80,
            "sprite": "饱和火力-导弹",
            "backColor": "B0C4DE",
            "frontColor": "E3E3E3",
            "trailEffect": "smoke",
            "width": 10,
            "height": 60,
            "keepVelocity": false,
            "hitShake": 1,
            "ammoMultiplier": 2,
            "smokeEffect": "shootSmallFlame",
            "hitEffect": "flakExplosionBig"
        },
        "plastanium": {
            "type": "ArtilleryBulletType",
            "speed": 6.5,
            "lifetime": 180,
            "homingDelay": 42,
            "homingPower": 0.08,
            "homingRange": 80,
            "width": 10,
            "height": 60,
            "sprite": "饱和火力-导弹",
            "backColor": "cbd97f",
            "frontColor": "E3E3E3",
            "trailEffect": "smoke",
            "hitShake": 1,
            "smokeEffect": "shootSmallFlame",
            "splashDamageRadius": 45,
            "splashDamage": 43,
            "hitEffect": "flakExplosionBig",
            "ammoMultiplier": 2,
            "reloadMultiplier": 3,
            "fragBullets": 8,
            "fragBullet": {
                "hitEffect": "none",
                "despawnEffect": "none",
                "width": 10,
                "height": 4,
                "damage": 16,
                "lifetime": 10,
                "speed": 5,
                "drag": 0.005,
                "fragBullets": 4,
                "fragBullet": {
                    "hitEffect": "none",
                    "despawnEffect": "none",
                    "width": 5,
                    "height": 2,
                    "damage": 4,
                    "lifetime": 10,
                    "speed": 5,
                    "drag": 0.005
                }
            }
        },
        "blast-compound": {
            "type": "ArtilleryBulletType",
            "splashDamageRadius": 45,
            "splashDamage": 55,
            "knockback": 3,
            "speed": 5,
            "status": "blasted",
            "statusDuration": 60,
            "width": 10,
            "height": 60,
            "lifetime": 180,
            "homingDelay": 42,
            "homingPower": 0.08,
            "homingRange": 80,
            "sprite": "饱和火力-导弹",
            "backColor": "FF7055",
            "frontColor": "E3E3E3",
            "trailEffect": "smoke",
            "hitShake": 1,
            "ammoMultiplier": 5,
            "smokeEffect": "shootSmallFlame",
            "hitEffect": "flakExplosionBig"
        },
        "pyratite": {
            "type": "ArtilleryBulletType",
            "splashDamageRadius": 32,
            "splashDamage": 35,
            "status": "burning",
            "statusDuration": 600,
            "makeFire": true,
            "speed": 5,
            "knockback": 0.7,
            "sprite": "饱和火力-导弹",
            "backColor": "FF8C00",
            "frontColor": "E3E3E3",
            "trailEffect": "smoke",
            "width": 10,
            "height": 60,
            "homingDelay": 42,
            "homingPower": 0.08,
            "homingRange": 80,
            "lifetime": 180,
            "hitShake": 1,
            "ammoMultiplier": 4,
            "hitEffect": "flakExplosionBig",
            "smokeEffect": "shootSmallFlame"
        },
        "surge-alloy": {
            "type": "ArtilleryBulletType",
            "lightningDamage": 15,
            "lightning": 3,
            "lightningLength": 6,
            "speed": 5,
            "homingDelay": 42,
            "homingPower": 0.08,
            "homingRange": 80,
            "lifetime": 180,
            "width": 12,
            "height": 60,
            "ammoMultiplier": 6,
            "sprite": "饱和火力-导弹",
            "backColor": "F2E770FF",
            "frontColor": "E3E3E3",
            "trailEffect": "smoke",
            "hitEffect": "flakExplosionBig",
            "shootEffect": "shootSmallFlame",
            "splashDamageRadius": 45,
            "splashDamage": 75
        },
        "硅钢": {
            "type": "ArtilleryBulletType",
            "speed": 5,
            "ammoMultiplier": 3,
            "status": "unmoving",
            "statusDuration": 60,
            "lifetime": 180,
            "homingDelay": 42,
            "homingPower": 0.08,
            "homingRange": 80,
            "width": 10,
            "height": 60,
            "sprite": "饱和火力-导弹",
            "backColor": "7595D2FF",
            "frontColor": "E3E3E3",
            "trailEffect": "smoke",
            "hitEffect": "flakExplosionBig",
            "shootEffect": "shootSmallFlame",
            "splashDamageRadius": 32,
            "splashDamage": 25
        },
        "集束": {
            "type": "ArtilleryBulletType",
            "speed": 5,
            "lifetime": 180,
            "homingDelay": 42,
            "homingPower": 0.08,
            "homingRange": 80,
            "knockback": 2.6,
            "width": 13,
            "height": 60,
            "shootEffect": "shootSmallFlame",
            "splashDamageRadius": 20,
            "splashDamage": 20,
            "hitEffect": "flakExplosionBig",
            "despawnEffect": "flakExplosionBig",
            "sprite": "饱和火力-导弹",
            "backColor": "D85555FF",
            "frontColor": "E3E3E3",
            "trailEffect": "smoke",
            "ammoMultiplier": 6,
            "fragLifeMin": 0.1,
            "fragBullets": 5,
            "fragBullet": {
                "type": "BasicBulletType",
                "despawnEffect": "flakExplosionBig",
                "status": "blasted",
                "statusDuration": 60,
                "knockback": 0.7,
                "width": 8,
                "height": 9,
                "splashDamageRadius": 40,
                "splashDamage": 45,
                "lifetime": 20,
                "speed": 2.5,
                "drag": 0.005
            }
        }
    },
    "requirements": [
        {
            "item": "graphite",
            "amount": 85
        },
        {
            "item": "silicon",
            "amount": 60
        },
        {
            "item": "titanium",
            "amount": 90
        },
        {
            "item": "plastanium",
            "amount": 30
        }
    ],
    "category": "turret",
    "research": "长枪"
}