{
	"type": "ItemTurret",
	"name": "菊花",
	"description": "超远程火箭发射器，以低下的弹药利用率为代价，快速对敌人所在地发动轰炸。\n内置定时激活，支持发射纳米弹。",
	"details":"[yellow]射程盲区较大，注意保护。",
	"health": 1300,
	"size": 4,
	"reload":26,
    "fogRadiusMultiuplier":0.42,
	"range": 670,
    "maxAmmo": 60,
    "heatColor": "FFD197FF",
    "canOverdrive": true,
    "cooldownTime": 120,
	"recoil": 2,
    "minWarmup": 0.8,
    "shootWarmupSpeed": 0.05,
	"shoot":{
	    "shots":5,
	    "shotDelay":2
	},
    "drawer": {
        "type": "DrawMulti",
        "drawers": [{
"type": "DrawTurret",
"parts": [
    {"type": "RegionPart",
        "mirror": false,
        "suffix": "-前",
        "under": true,
        "moveY": -4
    },
    {"type": "RegionPart",
        "mirror": true,
        "suffix": "-后",
        "under": true,
        "moveY": -3.5
    }
    ]}
        ]
    },
	"ammoPerShot":5,
	"ammoUseEffect": "none",
	"shootSound":"cannon",
	"targetGround":true,
	"targetAir":true,
    "shootY":13,
    "xRand":10,
	"minRange":240,
    "coolantMultiplier": 0.5,
    "liquidCapacity": 80,
	"consumes": {
        "power":20,
        "coolant":{"amount":1,"optional":true}  
            },
    "inaccuracy": 30,
	"shootCone":3,
	"shake":1,
	"rotateSpeed":2,
	"velocityRnd": 0.05,
	"ammoTypes": {
    "硅钢":{
    "type":"MissileBulletType",
    "reloadMultiplier":1.3,
    "width": 10,"height": 55,
    "sprite":"饱和火力-导弹",
    "speed": 15,
    "weaveMag":2,
	"weaveScale":3,
    "lifetime":43,
    "homingDelay":10,
    "homingPower":0.08,
    "homingRange": 80,
	"ammoMultiplier": 2,
	"status":"unmoving",
	"statusDuration":9,
    "trailLength": 8,
    "trailWidth": 3,
    "trailColor": "7595D2FF",
    "shrinkY":0,"shrinkX":0,
    "backColor":"7595D2FF",
    "frontColor":"7595D2FF", 
    "hitShake": 3,
    "hitEffect":{
        "type": "MultiEffect",
            "effects": [
            {"type": "ParticleEffect",
            "particles": 3,
            "sizeFrom": 8,
            "sizeTo": 0,
            "length": 18,
            "baseLength": 20,
            "lifetime": 25,
            "colorFrom": "FFFFFF80",
            "colorTo": "7595D2FF",
            "cone": 360},
            {"type": "WaveEffect",
            "lifetime": 15,
            "sizeFrom": 1,
            "sizeTo": 30,
            "strokeFrom": 3,
            "strokeTo": 0,
            "colorFrom": "FFFFFF",
            "colorTo": "FFFFFF"}]
    },
    "hitSound":"explosion",
    "despawnEffect":"none",
    "shootEffect": "none",
    "smokeEffect":{
    "type": "ParticleEffect",
    "particles": 3,
    "sizeFrom": 3,
    "sizeTo": 0,
    "length": 18,
    "baseLength": 0,
    "lifetime": 25,
    "colorFrom": "7595D2",
    "colorTo": "FFFFFF",
    "cone": 60},
    "damage":13,
    "splashDamageRadius":30,
    "splashDamage":30
	},
    "surge-alloy":{
        "type":"MissileBulletType",
        "width": 12,"height": 60,
        "sprite":"饱和火力-导弹",
        "speed": 15,
        "weaveMag":2,
        "weaveScale":3,
        "lifetime":43,
        "homingDelay":10,
        "homingPower":0.08,
        "homingRange": 80,
        "ammoMultiplier": 3,
        "trailLength": 11,
        "trailWidth": 3,
        "trailColor": "FEEBB3FF",
        "shrinkY":0,"shrinkX":0,
        "backColor":"FEEBB3FF",
        "frontColor":"FEEBB3FF", 
        "hitShake": 4,
        "hitEffect":{
            "type": "MultiEffect",
                "effects": [
                {"type": "ParticleEffect",
                "particles": 3,
                "sizeFrom": 11,
                "sizeTo": 0,
                "length": 38,
                "baseLength": 20,
                "lifetime": 25,
                "colorFrom": "FFFFFF80",
                "colorTo": "FEEBB3FF",
                "cone": 360},
                {"type": "WaveEffect",
                "lifetime": 15,
                "sizeFrom": 1,
                "sizeTo": 48,
                "strokeFrom": 3,
                "strokeTo": 0,
                "colorFrom": "FFFFFF",
                "colorTo": "FFFFFF"}]
        },
        "hitSound":"explosion",
        "despawnEffect":"none",
        "shootEffect": "none",
        "smokeEffect":{
    "type": "ParticleEffect",
    "particles": 3,
    "sizeFrom": 3,
    "sizeTo": 0,
    "length": 18,
    "baseLength": 0,
    "lifetime": 25,
    "colorFrom": "FEEBB3",
    "colorTo": "FFFFFF",
        "cone": 60},
        "damage":33,
        "lightningDamage":22,
        "lightning":2,
        "lightningLength":11,
        "splashDamageRadius":48,
        "splashDamage":72
    },
    "集束":{
    "type":"MissileBulletType",
    "width": 13,"height": 60,
    "sprite":"饱和火力-导弹",
    "backColor":"D85555FF",
    "frontColor":"FE7777FF",
    "speed": 13,
    "weaveMag":2,
	"weaveScale":3,
    "lifetime":50.53,
    "homingDelay":10,
    "homingPower":0.08,
    "homingRange": 80,
	"ammoMultiplier":6,
	"status":"blasted",
	"statusDuration":60,
    "trailLength": 13,
    "trailWidth": 3,
    "trailColor": "FE7777FF",
    "shrinkY":0,"shrinkX":0,
        "hitShake": 5,
        "hitEffect":{
        "type": "MultiEffect",
            "effects": [
            {"type": "ParticleEffect",
            "particles": 4,
            "sizeFrom": 8,
            "sizeTo": 0,
            "length": 38,
            "baseLength": 20,
            "lifetime": 25,
            "colorFrom": "D8555580",
            "colorTo": "FE7777FF",
            "cone": 360},
            {"type": "WaveEffect",
            "lifetime": 15,
            "sizeFrom": 1,
            "sizeTo": 55,
            "strokeFrom": 3,
            "strokeTo": 0,
            "colorFrom": "FFFFFF",
            "colorTo": "FFFFFF"}]
    },
    "hitSound":"explosion",
    "despawnEffect":"none",
    "shootEffect": "none",
    "smokeEffect":{
    "type": "ParticleEffect",
    "particles": 3,
    "sizeFrom": 3,
    "sizeTo": 0,
    "length": 18,
    "baseLength": 0,
    "lifetime": 25,
    "colorFrom": "FE7777FF",
    "colorTo": "FFFFFF",
    "cone": 60},
    "damage":13,
    "splashDamageRadius":55,
    "splashDamage":30,
    "fragLifeMin":0.3,
        "fragBullets":5,
        "fragBullet":{
		"despawnEffect":"flakExplosionBig",
		"status":"blasted",
		"statusDuration":60,
		"width":8,	"height":9,
		"backColor":"D85555FF",
		"frontColor":"FE7777FF",
		"damage":9,
		"splashDamageRadius":45,
		"splashDamage":48,
        "lifetime":20,
        "speed":1.5
      }
	},
    "裂位能":{
        "type":"MissileBulletType",
        "inaccuracy": 20,
        "width": 10,"height": 66,
        "sprite":"饱和火力-导弹",
        "homingDelay":8,
        "homingPower":0.18,
        "homingRange": 100,
        "speed": 33,
        "rangeChange":160,
        "weaveMag":2,
        "weaveScale":2,
        "lifetime":24,
        "knockback":8,
        "absorbable":false,
        "pierceArmor": true,
        "ammoMultiplier": 3,
        "status":"崩溃",
        "statusDuration":60,
        "trailLength": 10,
        "trailWidth": 2,
        "trailColor": "EEC591",
        "shrinkY":0,"shrinkX":0,
        "backColor":"EEC591",
        "frontColor":"EEC591", 
        "hitEffect":"instHit",
        "despawnEffect":"instBomb",
        "hitSound":"laser",
        "shootEffect": "none",
        "smokeEffect":{
    "type": "ParticleEffect",
    "particles": 3,
    "sizeFrom": 3,
    "sizeTo": 0,
    "length": 18,
    "baseLength": 0,
    "lifetime": 25,
    "colorFrom": "EEC591",
    "colorTo": "FFFFFF",
    "cone": 60},
        "hitShake": 3,
        "damage":28,
        "splashDamageRadius":45,
        "splashDamage":35,
        "fragBullets":2,
        "fragRandomSpread":30,
        "fragBullet":{
            "type":"PointBulletType",
            "hitEffect": "instBomb",
            "hitSound":"none",
            "trailSpacing":99,
            "trailEffect":"none",
            "despawnEffect":"none",
            "splashDamageRadius":45,
            "splashDamage":55,
            "speed":50,"lifetime":1,
        "fragBullets":2,
        "fragRandomSpread":30,
        "fragBullet":{
            "type":"PointBulletType",
            "hitEffect": "instBomb",
            "hitSound":"none",
            "trailSpacing":99,
            "trailEffect":"none",
            "despawnEffect":"none",
            "splashDamageRadius":45,
            "splashDamage":25,
            "speed":50,"lifetime":1
    }}},
    "纳米核":{
    "type":"BasicBulletType",
    "width": 10,"height": 50,
    "sprite":"饱和火力-导弹",
    "speed": 15,
    "weaveMag":2,
	"weaveScale":3,
    "lifetime":43,
    "scaleLife": true,
	"ammoMultiplier": 15,
	"status":"干扰",
	"statusDuration":10,
    "trailLength": 8,
    "trailWidth": 3,
    "trailColor": "76D081FF",
    "shrinkY":0,"shrinkX":0,
    "backColor":"76D081FF",
    "frontColor":"76D081FF", 
    "hitEffect":{
        "type": "MultiEffect",
            "effects": [
            {"type": "ParticleEffect",
            "particles": 3,
            "sizeFrom": 8,
            "sizeTo": 0,
            "length": 18,
            "baseLength": 20,
            "lifetime": 25,
            "colorFrom": "76D08180",
            "colorTo": "76D081FF",
            "cone": 360},
            {"type": "WaveEffect",
            "lifetime": 15,
            "sizeFrom": 1,
            "sizeTo": 35,
            "strokeFrom": 3,
            "strokeTo": 0,
            "colorFrom": "FFFFFF",
            "colorTo": "FFFFFF"}]
    },
    "hitSound":"none",
    "despawnEffect":"none",
    "shootEffect": "none",
    "smokeEffect":{
    "type": "ParticleEffect",
    "particles": 3,
    "sizeFrom": 3,
    "sizeTo": 0,
    "length": 18,
    "baseLength": 0,
    "lifetime": 25,
    "colorFrom": "76D081FF",
    "colorTo": "FFFFFF",
    "cone": 60},
    "damage":1,
    "collidesTeam":true,
    "healPercent":2,
    "splashDamageRadius":35,
    "splashDamage":5,
    "fragBullets":1,
    "fragBullet":{
	"type":"EmpBulletType",
    "instantDisappear":true,
 	"status":"拆解",
 	"statusDuration":300,
    "splashDamageRadius":160,
    "splashDamage":3,
	"width":0,"height":0,
	"damage":1,	
    "backColor":"76D081FF",
    "frontColor":"FFFFFF",
    "speed":1,
    "hitSound":"plasmaboom",
    "hitEffect":"greenBomb",
    "despawnEffect":"none"
    }
	},
    "泰勒合金":{
        "type":"MissileBulletType",
        "width": 14,"height": 68,
        "sprite":"饱和火力-导弹",
        "rangeChange":160,
        "speed": 16,
        "weaveMag":2,
        "weaveScale":3,
        "lifetime":50.8,
        "homingDelay":10,
        "homingPower":0.08,
        "homingRange": 80,
        "ammoMultiplier": 4,
        "trailLength": 13,
        "trailWidth": 3,
        "trailColor": "BFFFDB",
        "shrinkY":0,"shrinkX":0,
        "backColor":"BFFFDB",
        "frontColor":"BFFFDB", 
        "hitEffect":{
            "type": "MultiEffect",
                "effects": [
                {"type": "ParticleEffect",
                "particles": 5,
                "sizeFrom": 11,
                "sizeTo": 0,
                "length": 48,
                "baseLength": 20,
                "lifetime": 25,
                "colorFrom": "FFFFFF80",
                "colorTo": "BFFFDB",
                "cone": 360},
                {"type": "WaveEffect",
                "lifetime": 15,
                "sizeFrom": 1,
                "sizeTo": 70,
                "strokeFrom": 3,
                "strokeTo": 0,
                "colorFrom": "FFFFFF",
                "colorTo": "FFFFFF"}]
        },
        "hitSound":"plasmaboom",
        "hitShake": 5,
        "despawnEffect":"none",
        "shootEffect": "none",
        "smokeEffect":{
    "type": "ParticleEffect",
    "particles": 3,
    "sizeFrom": 3,
    "sizeTo": 0,
    "length": 18,
    "baseLength": 0,
    "lifetime": 25,
    "colorFrom": "BFFFDB",
    "colorTo": "FFFFFF",
        "cone": 60},
        "damage": 36,
        "status":"干扰",
        "statusDuration":83,
        "splashDamageRadius": 69.6,
        "splashDamage": 83,
        "lightningDamage":33,
        "lightning":4,
        "lightningLength":8,
        "lightningColor":"BFFFDB"
    }
    },
	"requirements": [
        "thorium/580",
        "graphite/300",
        "硅钢/350",
        "surge-alloy/130",
        "二级协议/1"
	],
	"category": "turret",
	"research": "雷阵雨"
	}