{
	"type": "LiquidTurret",
	"name": "涡流",
	"description": "使用涡轮增压器喷射液体，使用水作为弹药时能灭火",
	"health": 1700,
	"size": 3,
    "shoot": {
        "shots": 5,
        "shotDelay": 3},
	"reload":0.6,
	"range":240,
	"recoilTime":10,
	"recoil": 1,
	"targetGround":true,
	"targetAir":true,
	"inaccuracy": 1,
	"rotateSpeed": 9,
	"velocityRnd": 0.1,
	"consumes": { "power": 3},
	"liquidCapacity": 300,
	"ammoTypes": {
    "纳米流体":{
    "type": "LiquidBulletType",
    "liquid": "纳米流体",
    "lifetime":30,
    "speed":7, 
    "puddleSize":6,
    "orbSize":5,
    "knockback":0.6,
	"healPercent":5,
    "collidesTeam":true,
 	"status":"拆解",
 	"statusDuration":600,
	"damage": 1.5
    },
    "硝化重油":{
    "type": "LiquidBulletType",
    "liquid": "硝化重油",
    "layer":98,
    "lifetime":30,
    "speed":7,
    "puddleSize":6,
    "orbSize":5,
    "knockback":2.5,
    "statusDuration":600,
	"status":"油蚀",
	"hitEffect":"flakExplosion",
    "despawnEffect":"flakExplosion",
	"splashDamage":33,	
	"splashDamageRadius":30,
	"damage": 2.5
    },
    "water":{
    "type": "LiquidBulletType",
    "liquid": "water",
    "lifetime":30,
    "speed":7,
    "puddleSize":6,
    "orbSize":5,
    "knockback":1.7,
    "statusDuration":600,
	"status":"wet",
	"damage": 0.4
    },   
    "oil":{
    "type": "LiquidBulletType",
    "liquid": "oil",
    "layer":98,
    "lifetime":30,
    "speed":8,
    "puddleSize":6,
    "orbSize":5,
    "knockback":1.5,
    "statusDuration":600,
	"status":"tarred",	
	"damage": 0.4,
    "incendAmount": 1,
    "incendSpread": 1,
    "incendChance": 1
    },
    "slag":{
    "type": "LiquidBulletType",
    "liquid": "slag",
    "lifetime":30,
    "speed":7,
    "puddleSize":6,
    "orbSize":5,
    "knockback":1.5,
    "statusDuration":600,
	"status":"melting",	
	"damage": 9.5
    },
    "cryofluid":{
    "type": "LiquidBulletType",
    "liquid": "cryofluid",
    "lifetime":30,
    "speed":7,
    "puddleSize":6,
    "orbSize":5,
    "knockback":1.3,
    "statusDuration":600,
	"status":"freezing",	
	"damage": 0.4
    }
},
	"requirements": [
	{ "item": "plastanium", "amount": 70},
	{ "item": "metaglass", "amount": 100 },
	{ "item": "silicon", "amount": 80 },
	{ "item": "thorium", "amount": 130 },
	{ "item": "硅钢", "amount": 80 },
	{ "item": "一级协议", "amount": 0 }
	],
	"category": "turret",
	"research": "tsunami"
	}