{
	"type": "tank",
	"name": "平定",
	"description": "攻击附近所有敌人。发射震撼穿甲弹。\n能够碾压敌人。",
	"squareShape":true,
	"omniMovement":false,
	"rotateMoveFirst":false,
	"hovering":true,
	"speed": 0.8,
	"crushDamage":8,
	"hitSize": 66,
	"immunities":["electrified","干扰","拆解","unmoving"],
	"ammoType":"泰勒合金",
	"ammoCapacity": 200,
	"targetAir":true,
	"health": 162000,
	"armor": 48,
	"drag": 0.3,
	"rotateSpeed": 1,
	"itemCapacity": 55,
	"faceTarget": false,
	"research": "陆5",
	"weapons":[
	{	"name": "平定1",
	"reload": 78,
	"x": 0,  "y": 0,
	"shoot":{
		"shots":2,
		"shotDelay":8,
		"type":"ShootBarrel",
		"barrels":[
		   -9,30,0,
		   9,30,0
		  ]
	},
	"cooldownTime": 100,
	"rotate": true,
	"rotateSpeed":2,
	"recoil":6,
	"mirror":false,
	"inaccuracy": 0.5,
	"shootSound":"largeCannon",
	"shake":8,
	"bullet":{
	"damage":500,
	"splashDamage":285,
	"splashDamageRadius":80,
	"buildingDamageMultiplier":1.5,
	"sprite":"missile-large",
	"width":10,  "height":26,
	"hitSize":18,
	"speed":24, "lifetime":17,
	"drag":-0.01,
	"collides":true,
	"pierce": true,
	"pierceArmor": true,
	"pierceBuilding": true,
	"pierceCap": 3,
	"hitShake":5,
	"status":"unmoving",
	"statusDuration":80,
	"frontColor":"FFFFFF",	
	"backColor":"FEEBB3FF",
	"trailLength":8,
	"trailWidth":4,
	"trailColor":"FEEBB3FF",
	"trailRotation": true, 
	"trailChance":1,
	"trailInterval":33,
	"trailEffect":{
		"type": "ParticleEffect",
		"particles": 3,
		"line": true,
		"strokeFrom": 2,
		"strokeTo": 0,
		"lenFrom": 8,
		"lenTo": 20,
		"length": 16,
		"baseLength": 0,
		"lifetime": 22,
		"colorFrom": "FEEBB3FF",
		"colorTo": "ffffff",
		"cone": 10
		},
	"shrinkY":0,
	"hitEffect":{"type": "MultiEffect",
	"effects": [
	{"type": "ParticleEffect",
	"particles": 9,
	"sizeFrom": 10,
	"sizeTo": 0,
	"length": 90,
	"baseLength": 8,
	"lifetime": 35,
	"colorFrom": "FEEBB3FF",
	"colorTo": "ffffff",
	"cone": 360},
	{"type": "WaveEffect",
	"lifetime": 10,
	"sizeFrom": 2,
	"sizeTo": 60,
	"strokeFrom":10,
	"strokeTo":0,
	"colorFrom":"FEEBB3FF",
	"colorTo": "FEEBB3FF"}]},
	"hitSound":"plasmaboom",
	"shootEffect": {
		"type": "MultiEffect",
		"effects": [
	{
	"type": "ParticleEffect",
	"particles": 6,
	"line":true,
	"strokeFrom": 6,
	"strokeTo": 0,
	"lenFrom": 25,
	"lenTo": 0,
	"length": 50,
	"baseLength": 0,
	"lifetime": 11,
	"colorFrom": "FEEBB3FF",
	"colorTo": "ffffff",
	"cone": 15
	},
	{
	"type": "WaveEffect",
	"lifetime": 10,
	"sizeFrom": 0,
	"sizeTo": 35,
	"strokeFrom": 4,
	"strokeTo": 0,
	"colorFrom": "FEEBB3",
	"colorTo": "ffffff"
	}
		]},
	"smokeEffect": "smokeCloud",
	"despawnEffect":{"type": "ParticleEffect",
	"particles": 1,
	"sizeFrom": 10,
	"sizeTo": 0,
	"length": 0,
	"baseLength": 0,
	"lifetime": 65,
	"colorFrom": "FEEBB3FF",
	"colorTo": "ffffff",
	"cone": 360}
	}	}
	]
}