{
	"type": "tank",
	"name": "反击",
	"description":"攻击附近所有敌人。发射跨越防线的激光束。",
	"squareShape":true,
    "omniMovement":false,
    "rotateMoveFirst":false,
    "speed": 1.2,
    "hitSize": 28,
    "crushDamage":2.33,
    "drownTimeMultiplier":2,
    "treadPullOffset":0,
    "treadFrames":8,
    "treadRects": [
        {"x": -67,
        "y": -84,
        "width": 39,
        "height": 176
        }],
	"ammoType":"surge-alloy",
    "ammoCapacity": 120,
    "targetAir":true,
    "health": 25600,
    "armor": 22,
    "rotateSpeed": 1.5,
    "itemCapacity": 35,
    "faceTarget": false,
    "targetFlags":["repair","turret"],
    "abilities": [
{ "type": "StatusFieldAbility",
    "duration": 1200,
    "reload": 1200,
    "range": 45,
    "applyEffect":"none",
    "activeEffect":{"type": "WaveEffect",
    "lifetime": 15,
    "sizeFrom":8,
    "sizeTo": 45,
    "strokeFrom": 2,
    "strokeTo": 0,
    "colorFrom": "FEEBB3",
    "colorTo": "FEEBB3"},
    "effect":"overclock"  }	  ],
	"research": "陆3",
    "requirements": {
		"block": "exponential-reconstructor", 
		"previous": "陆3"
	},
	"weapons":[
	{	"name": "反击1",
		"reload": 90, 
		"shootY":19.2,
        "x": 0,  "y": 0, 
        "rotate": true,
        "rotateSpeed":1.9,
        "mirror":false,
        "recoil":4,
        "inaccuracy": 0,
		"shootSound": "laser",
		"shake":3,
		"alternate": false,
		"bullet":{
	"type":"PointBulletType",
		"trailEffect":{
	"type": "ParticleEffect",
    "particles": 1,
    "length":0,
    "baseLength": 1,
    "lifetime": 10,
    "line": true,
    "randLength": false,
    "lenFrom": 10,
    "lenTo":10,
    "strokeFrom": 3.35,
    "strokeTo": 0,
    "colorFrom": "FEEBB3FF",
    "colorTo": "FEEBB3FF",
    "cone":0 },
	"trailSpacing": 9,
    "splashDamage":170,
    "splashDamageRadius":16,
    "buildingDamageMultiplier":2.5,
    "speed":20, "lifetime":15,
	"hitSound":"lasercharge2",
    "smokeEffect": "bigShockwave",
    "shootEffect":{
        "type": "ParticleEffect",
        "particles": 1,
        "sizeFrom": 5,
        "sizeTo": 0,
        "length": 0,
        "baseLength": 0,
        "lifetime": 11,
        "colorFrom": "FEEBB3",
        "colorTo": "FEEBB3",
        "cone": 360},
    "hitEffect":{
    "type": "ParticleEffect",
    "particles": 1,
    "sizeFrom": 10,
    "sizeTo": 0,
    "length": 0,
    "baseLength": 0,
    "lifetime": 15,
    "colorFrom": "FEEBB3",
    "colorTo": "FEEBB3",
    "cone": 360},
    "despawnEffect":"bigShockwave",
	"fragLifeMin":1,
    "fragBullets":1,
    "fragBullet":{
        "lifetime": 15,
        "speed": 0,
        "collides":false,
        "hittable":false,
        "absorbable":false,
        "status":"崩溃",
        "statusDuration":180,
        "buildingDamageMultiplier":3,
        "splashDamageRadius": 66.4,
        "splashDamage": 125,
        "hitShake":1,
        "hitSound": "plasmaboom",
    "hitEffect":{"type": "MultiEffect",
        "effects": [
            {"type": "ParticleEffect",
            "particles": 4,
            "sizeFrom": 15,
            "sizeTo": 0,
            "length": 20,
            "baseLength": 48,
            "lifetime": 25,
            "colorFrom": "FEEBB380",
            "colorTo": "FEEBB300",
            "cone": 360},
            {"type": "ParticleEffect",
                "particles": 22,
                "line": true,
                "strokeFrom": 3,
                "strokeTo": 0,
                "lenFrom": 20,
                "lenTo": 0,
                "length": 63,
                "baseLength": 0,
                "lifetime": 20,
                "colorFrom": "FEEBB3FF",
                "colorTo": "FEEBB3FF",
                "cone": 360},
            {"type": "WaveEffect",
            "lifetime": 25,
            "sizeFrom": 0,
            "sizeTo": 66,
            "strokeFrom":3,
            "strokeTo":0,
            "colorFrom":"FEEBB3FF",
            "colorTo": "FEEBB3FF"}
            ]},
    "despawnEffect":"none",
    "fragBullets":4,
    "fragBullet":{
        "type":"PointBulletType",
        "trailSpacing": 9,
        "trailEffect":{
    "type": "ParticleEffect",
    "particles": 1,
    "length":0,
    "baseLength": 1,
    "lifetime": 6,
    "line": true,
    "randLength": false,
    "lenFrom": 10,
    "lenTo":10,
    "strokeFrom": 2,
    "strokeTo": 0,
    "colorFrom": "FEEBB3FF",
    "colorTo": "FEEBB3FF",
    "cone":0 },
        "lifetime": 8,
        "speed": 15,
        "status":"崩溃",
        "statusDuration":60,
        "buildingDamageMultiplier":3,
        "splashDamageRadius": 10,
        "splashDamage": 25,
        "hitShake":1,
        "hitSound": "laser",
    "hitEffect":{
        "type": "ParticleEffect",
        "particles": 1,
        "sizeFrom": 5,
        "sizeTo": 0,
        "length": 0,
        "baseLength": 0,
        "lifetime": 11,
        "colorFrom": "FEEBB3",
        "colorTo": "FEEBB3",
        "cone": 360},
    "despawnEffect":"none"
    }
	}}}
	]
}
