{
	"name":"裂位转化池",
	"health":2900,
	"description": "利用泰勒合金优良的磁性能将能量转化为磁场并存入裂位能中，可以存储极大量能量。[RED]被摧毁会剧烈爆炸",
	"requirements": [
		"lead/150","硅钢/55",
		"泰勒合金/95","裂位能/25"
	],
	"drawer":{
		"type":"DrawMulti",
		"drawers":[
			"DrawDefault",
			{"type":"DrawPower",
			"emptyLightColor":"ffffff",
			"fullLightColor":"25C9ABFF"},
			{"type":"DrawRegion",
			"suffix":"-top"}
			]
	},
	"destroyBullet":{
		"hitSound":"plasmaboom",
		"width":16,	"height":16,
		"sprite":"circle-bullet",
		"shrinkY":0,
		"hitShake":8,
		"backColor":"25C9ABFF",
		"frontColor":"FFFFFF",
	"hitEffect":{"type": "MultiEffect",
	"effects": [
		{"type": "ParticleEffect",
	"particles": 1,
	"sizeFrom": 80,
	"sizeTo": 9,
	"length": 0,
	"baseLength": 0,
	"lifetime":18,
	"colorFrom": "25C9AB80",
	"colorTo": "FFFFFF00",
	"cone": 360},
	{"type": "ParticleEffect",
	"particles": 20,
	"sizeFrom": 10,
	"sizeTo": 0,
	"length": 35,
	"baseLength": 133,
	"lifetime": 35,
	"colorFrom": "25C9ABFF",
	"colorTo": "FFFFFF",
	"cone": 360},
	{"type": "WaveEffect",
	"lifetime": 30,
	"sizeFrom": 0,
	"sizeTo": 160,
	"strokeFrom": 11,
	"strokeTo": 0,
	"colorFrom": "25C9ABFF",
	"colorTo": "ffffff"},
	{"type": "WaveEffect",
	"lifetime": 10,
	"sizeFrom": 1,
	"sizeTo": 78,
	"strokeFrom": 8,
	"strokeTo": 0,
	"colorFrom": "25C9ABFF",
	"colorTo": "ffffff"}]},
	"despawnEffect":{"type": "ParticleEffect",
	"particles": 13,
	"line":true,
	"strokeFrom": 6,
	"strokeTo": 0,
	"lenFrom":200,
	"lenTo":0,
	"length": 1,
	"baseLength": 3,
	"lifetime": 22,
	"colorFrom": "FFFFFF",
	"colorTo": "25C9ABFF",
	"cone": 360},
	"collides":false,
	"lightningDamage":25,
	"lightning":3,
	"lightningLength":13,
	"lightningColor":"25C9ABFF",
	"speed":1,    "lifetime": 1,
	"splashDamageRadius":160,
	"splashDamage":280},
	"consumes": 
	{"powerBuffered": 625000},
	"emptyLightColor":"ffffff",
	"fullLightColor":"25C9ABFF",
	"size": 4,
	"type": "Battery",
	"category": "power",
	"research": "battery-large"
}