{
    "name":"小型钻头",
    "type": "Drill",
    "description":"不浪费每一点资源",
    "size": 1,
    "health": 90,
    "tier": 3,
    "drillTime": 300,   
    "liquidBoostIntensity":2,
    "canOverdrive": true,
    "warmupSpeed": 0.02,
    "drillEffect": "none",
    "updateEffect": "none",
    "rotateSpeed": 1.6,
    "drawMineItem": false,
    "consumes": {
        "liquid": {
            "liquid": "water",
            "amount": 0.05,
            "booster": true,
            "optional": true
        }
    },
    "itemCapacity": 5,
    "liquidCapacity": 10,
    "requirements": [	
   { "item": "copper", "amount": 5 },
   { "item": "lead", "amount": 6 }
    ],
    "category": "production",
    "research": "mechanical-drill"
}
