{
	"type": "Pump",
	"name": "潮汐泵",
	"description": "究级液泵，引力工程学的奇迹",
	"size": 4,
	"drawer": {
		"type": "DrawMulti",
		"drawers": [
	"DrawPumpLiquid",
	"DrawDefault"
	]},
	"squareSprite": false,
	"health": 1040,
	"liquidCapacity": 800,
	"hasLiquids": true,
	"pumpAmount": 1,
	"consumes": {
	"power":12
	},
	"requirements": [
		"metaglass/300","silicon/200",
		"plastanium/130","硅钢/150",
		"纳米核/180","surge-alloy/90",
		"一级协议/10"
	],
	"category": "liquid",
	"research": "thermal-pump"
}