{
	"ammoTypes": {
		"metaglass": {
			"type": "FlakBulletType",
			"ammoMultiplier": 2,
			"reloadMultiplier":0.8,
			"width": 6,
			"height": 8,
			"speed": 4,
			"lifetime": 50,
			"damage": 6,
			"splashDamage": 45,
			"splashDamageRadius": 25,
			"hitEffect": "flakExplosion",
			"fragBullets": 4,
			"fragBullet": {
				"type": "FlakBulletType",
				"despawnEffect": "none",
				"width": 5,
				"height": 12,
				"shrinkY":1,
				"damage": 12,
				"lifetime": 20,
				"backColor":"E3E3E3",
				"frontColor":"FFFFFF",
				"speed": 3
			},
			"explodeRange":20,
			"collidesGround":true
		},
		"blast-compound": {
			"type": "FlakBulletType",
			"ammoMultiplier": 5,
			"width": 6,"height": 8,
			"shootEffect":"shootBig",
			"speed": 4,
			"lifetime": 50,
			"damage": 8,
			"status": "blasted",
			"statusDuration": 60,
			"splashDamage": 45,
			"splashDamageRadius": 60,
			"hitEffect": "flakExplosion",
			"explodeRange":20,
			"collidesGround":true
		},
		"plastanium": {
			"type": "FlakBulletType",
			"ammoMultiplier": 4,
			"shootEffect":"shootBig",
			"speed": 4,
			"lifetime": 50,
			"damage": 8,
			"backColor":"d8d97f",
			"frontColor":"fffac6",
			"status": "blasted",
			"statusDuration": 60,
			"splashDamage": 37.5,
			"splashDamageRadius": 40,
			"hitEffect": "plasticExplosion",
			"fragBullets": 6,
			"fragBullet": {
				"despawnEffect": "none",
				"width": 10,
				"height": 12,
				"shrinkY":1,
				"damage": 12,
				"lifetime": 15,
				"backColor":"d8d97f",
				"frontColor":"fffac6",
				"speed": 2.5
			},
			"explodeRange":20,
			"collidesGround":true
		},
		"surge-alloy":{
			"type": "FlakBulletType",
			"speed": 4.5,
			"lifetime": 50,
			"width": 9,
			"height": 10,
			"damage": 13,
			"shootEffect": "shootBig",
			"splashDamageRadius": 38,
			"splashDamage": 75,
			"lightningDamage": 16,
			"lightning": 2,
			"lightningLength": 7,
			"ammoMultiplier": 5,
			"explodeRange":20,
			"collidesGround":true
		},
		"硅钢": {
			"type": "FlakBulletType",
			"speed": 4,
			"lifetime": 50,
			"width": 9,
			"height": 10,
			"damage": 5,
			"shootEffect": "shootBig",
			"splashDamageRadius": 28,
			"splashDamage": 23,
			"status": "unmoving",
			"statusDuration": 6,
			"ammoMultiplier": 3,
			"explodeRange":20,
			"collidesGround":true
		},
		"裂位能": {
			"type": "PointBulletType",
			"damage": 40,
			"trailEffect": "none",
			"despawnEffect": "instBomb",
			"hitEffect": "instBomb",
			"shootEffect":"none",
			"smokeEffect":"none",
			"hitSound": "plasmaboom",
			"pierceArmor": true,
			"status": "崩溃",
			"statusDuration": 70,
			"speed": 30,
			"lifetime": 60,
			"splashDamageRadius": 35,
			"splashDamage": 45,
			"ammoMultiplier": 4
		},
		"集束": {
			"type": "FlakBulletType",
			"speed": 3.8,
			"keepVelocity": false,
			"lifetime": 44,
			"width": 10,
			"height": 11,
			"damage": 11,
			"status": "blasted",
			"statusDuration": 60,
			"reloadMultiplier": 0.85,
			"shootEffect": "shootBig",
			"splashDamageRadius": 20,
			"splashDamage": 20,
			"hitEffect": "flakExplosionBig",
			"ammoMultiplier": 6,
			"explodeRange":20,
			"collidesGround":true,
			"fragLifeMin": 0.1,
			"fragBullets": 5,
			"fragBullet": {
				"type": "FlakBulletType",
				"despawnEffect": "flakExplosionBig",
				"status": "blasted",
				"statusDuration": 60,
				"width": 8,
				"height": 9,
				"damage": 8,
				"splashDamageRadius": 40,
				"splashDamage": 35,
				"lifetime": 20,
				"collidesGround":true,
				"speed": 2.5,
				"drag": 0.005
			}
		}
	}
}