{
	"type": "ItemTurret",
	"name": "米尼",
	"description": "液冷式双联装机炮，液体充满冷却缸后利用双层循环系统持续冷却，蒸发后需要补充液体",
	"details":"更换冷却缸导致弹仓缩小了一倍，但并不影响火力的持久性",
	"health": 2200,
	"armor":5,
	"size": 3,
	"reload":2,
	"range": 280,
    "maxAmmo":300,
	"shoot":{
		"type":"ShootAlternate",
		"barrels":2,
		"spread":8
	},
	"recoilTime":17,
	"recoil": 1,
	"shake":2.5,
	"coolantMultiplier":100,
	"consumes": {
		"coolant":{"amount":0.01,"optional":true}  
			},
    "liquidCapacity": 60,
    "shootSound": "shootBig",
	"ammoUseEffect": "casing3",
	"targetGround":true,
	"targetAir":true,
	"shootCone":180,
	"inaccuracy": 3.5,
	"rotateSpeed": 6,
	"ammoTypes": {
"graphite": {
	"type":"BasicBulletType",
    "reloadMultiplier":0.7,
	"speed": 8,
	"damage": 22,
	"lifetime":35,
	"width": 8,	"height": 10,
	"ammoMultiplier":4,
	"shootEffect": "shootBig",
"smokeEffect":"shootBigSmoke"},
"silicon": {
	"type":"BasicBulletType",
    "reloadMultiplier":1.5,
    "homingPower":0.08,
	"speed": 8,
	"damage": 13,
	"lifetime":50,
	"width": 8,	"height": 10,
	"ammoMultiplier":5,
	"shootEffect": "shootBig" 	},
"pyratite": {
	"type":"BasicBulletType",
	"speed": 8,
	"damage": 14,
	"status":"burning",
	"statusDuration":600,
    "makeFire":true,
	"lifetime":40,			
	"backColor":"FF8C00",
	"frontColor":"FFB90F", 
	"width": 8,	"height": 10,
	"ammoMultiplier":2,
	"shootEffect": "shootBig",
"smokeEffect":"shootBigSmoke"},
"thorium":{
	"type":"BasicBulletType",
    "speed": 8,
	"damage": 35,
	"lifetime":40,
	"pierce": true,	
	"pierceCap":2,
	"reloadMultiplier":1,
	"width": 10,"height": 11,
	"ammoMultiplier":4,
	"shootEffect": "shootBig",
"smokeEffect":"shootBigSmoke"},
"镄": {
	"type":"BasicBulletType",
    "reloadMultiplier":1,
    "rangeChange":40,
	"speed": 8,
	"damage": 45,
	"lifetime":45,
	"pierce": true,	
	"pierceCap":3,
	"width": 10,	"height": 11,
	"ammoMultiplier":6,
	"shootEffect": "shootBig",
"smokeEffect":"shootBigSmoke"},
"铬": {
	"type":"BasicBulletType",
    "reloadMultiplier":1,
	"rangeChange":40,
	"speed": 8,
	"damage": 45,
	"knockback":2.5,
	"lifetime":45,
	"width": 10,	"height": 11,
	"ammoMultiplier":6,
	"shootEffect": "shootBig",
"smokeEffect":"shootBigSmoke"}	
    },
	"requirements": [
	{ "item": "titanium", "amount": 210 },
	{ "item": "graphite", "amount": 125 },
	{ "item": "thorium", "amount": 85 },	
	{ "item": "metaglass", "amount": 10 },
	{ "item": "二级协议", "amount": 0 }
	],
	"category": "turret",
	"research": "B6机炮"
	}