{
	"type": "ItemTurret",
	"name": "龙息",
	"description": "使用电磁点火器喷射火焰焚烧任何靠近他的敌人。",
	"health": 1400,
	"size": 2,
	"reload": 3,
	"range": 87.88,
	"maxAmmo": 60,
	"shootSound": "flame",
	"targetGround": true,
	"targetAir": true,
	"rotateSpeed": 8,
	"consumes": {
		"power": 0.1
	},
	"recoil":2,
	"recoilTime":105,
	"cooldownTime":105,
	"heatColor":"f68021",
	"shootY":3.5,
	"drawer": {
		"type": "DrawTurret",
		"parts": [
			{
				"type": "RegionPart",
				"mirror": false,
				"progress":"recoil",
				"x": 0,"y": 0,
				"suffix": "-后",
				"under":true,
				"moveX": 0,
				"moveY": -1.5
			},
			{
				"type": "RegionPart",
				"mirror": true,
				"x": 0,"y": 0,
				"suffix": "-前",
				"heatColor":"f68021",
				"under":true,
				"moveRot": -5,
				"moveY": 0.25
			}
		]
	},
	"ammoTypes": {
		"pyratite": {
			"type": "BulletType",
			"damage": 88,
			"hitSize":10,
			"pierceBuilding":true,
			"hittable":false,
        	"absorbable":false,
			"pierce": true,
			"status": "burning",
			"statusDuration": 360,
			"speed": 8,
			"lifetime": 11,
			"ammoMultiplier": 6,
			"shootEffect": {
				"type": "ParticleEffect",
				"particles": 13,
				"lifetime": 33,
				"sizeFrom": 1.88,
				"sizeTo": 0,
				"interp": "pow5Out",
				"sizeInterp": "pow10In",
				"length": 88,
				"baseLength": 0,
				"colorFrom": "f68021",
				"colorTo": "f68021A8",
				"cone": 12
			},
			"smokeEffect": {
				"type": "ParticleEffect",
				"particles": 3,
				"line": true,
				"strokeFrom": 1.8,
				"strokeTo": 0,
				"lenFrom": 20,
				"lenTo": 8,
				"length": 86,
				"baseLength": 0,
				"lifetime": 12,
				"colorFrom": "FFFFFF",
				"colorTo": "FFE176FF",
				"cone": 10
			},
			"hitEffect":{
				"type":"MultiEffect",
				"effects":[
				{"type": "ParticleEffect",
					"particles": 2,
					"line": true,
					"strokeFrom": 1.3,
					"strokeTo": 0,
					"lenFrom": 8,
					"lenTo": 8,
					"length": 24,
					"baseLength": 0,
					"lifetime": 15,
					"colorFrom": "f8ad42",
					"colorTo": "FFE176FF",
					"cone": 23},
				{"type": "ParticleEffect",
				"particles": 4,
				"lifetime": 10,
				"sizeFrom": 3,
				"sizeTo": 0,
				"colorFrom": "FF8C00",
				"colorTo": "FF8C00"}
				]},
			"despawnEffect": "none"
		},
		"石油桶": {
			"type": "BasicBulletType",
			"damage": 82,
			"splashDamage": 73,
			"splashDamageRadius": 25,
			"reloadMultiplier": 1.8,
			"rangeChange": 60,
			"hitSize":16,
			"hittable":false,
        	"absorbable":false,
			"pierce": true,
			"status": "tarred",
			"statusDuration": 480,
			"speed": 4,
			"lifetime": 44,
			"hitShake": 0.5,
			"width": 0,
			"height": 0,
			"hitSound": "explosion",
			"ammoMultiplier": 10,
			"shootEffect": {
				"type": "ParticleEffect",
				"particles": 5,
				"lifetime": 33,
				"sizeFrom": 2,
				"sizeTo": 0,
				"interp": "pow5Out",
				"sizeInterp": "pow10In",
				"length": 58,
				"baseLength": 0,
				"colorFrom": "f68021",
				"colorTo": "ffffff",
				"cone": 12
			},
			"smokeEffect": {
				"type": "ParticleEffect",
				"particles": 3,
				"line": true,
				"strokeFrom": 1.5,
				"strokeTo": 0,
				"lenFrom": 23,
				"lenTo": 8,
				"length": 56,
				"baseLength": 0,
				"lifetime": 12,
				"colorFrom": "FFFFFF",
				"colorTo": "FFE176FF",
				"cone": 10
			},
			"hitEffect":{
				"type":"MultiEffect",
				"effects":[
				{"type": "ParticleEffect",
					"particles":4,
					"sizeFrom": 3,
					"sizeTo": 0,
					"length": 16,
					"baseLength": 0,
					"lifetime": 16,
					"colorFrom": "f8ad42",
					"colorTo": "f68021",
					"cone": 360}
				]},
			"despawnEffect": "blastExplosion",
			"bulletInterval": 0.3,
			"intervalBullets": 1,
			"intervalBullet": {
				"type": "FireBulletType",
				"speed": 8,
				"lifetime": 8,
				"damage": 28,
				"status": "burning",
				"statusDuration": 360,
				"makeFire": true
			}
		}
	},
	"requirements": [
		"copper/135",
		"lead/90",
		"graphite/80",
		"silicon/30"
	],
	"category": "turret",
	"research": "scorch"
}