{
	"type": "ItemTurret",
	"name": "龙卷",
	"description": "发射集束螺旋弹掀翻前方区域。[yellow]对于弹药供给要求较高！",
	"details":"[purple]龙卷风摧毁停车场！",
	"health": 2250,
	"size": 3,
	"consumes": {
		"coolant":{"amount":0.3,"optional":true}  
			},
    "coolantMultiplier":5,
	"reload":200,
	"range": 287,
    "ammoPerShot": 15,
	"recoilTime":80,
	"recoil":3,
	"shake":2.8,
    "shootSound": "cannon",
	"ammoUseEffect": "none",
	"targetGround":true,
	"targetAir":true,
	"inaccuracy": 3,
    "shoot": {
		"type": "ShootHelix",
		"mag": 1,"scl": 6 },
	"rotateSpeed": 3.6,
	"minWarmup": 0.89,
	"shootY":8,
	"drawer":{"type":"DrawMulti",
	"drawers":[{"type":"DrawTurret",
	"parts":[
		{
			"type": "RegionPart",
			"mirror": true,
			"x": 4,
			"suffix": "-侧",
	        "under":true,
			"moveX": 0.25,
			"moveY": -2,
			"moveRot":-13,
			"moves": [{
				"progress": "recoil",
				"y": -2,
				"rot":-9}],
			"children":[{
				"type": "RegionPart",
				"mirror": true,
				"under":true,
				"suffix": "-前",
				"moveY": -3,
				"moves": [{
				"progress": "recoil",
				"y": -5}]
			}]
		}
	]}]},
	"ammoTypes": {
		"metaglass":{
			"type":"BasicBulletType",
			"damage": 35,
			"splashDamageRadius": 45,
			"splashDamage": 23,
			"speed": 3,
			"lifetime": 93.33,
			"drag":0.004,
			"reloadMultiplier": 0.88,
			"width": 28,
			"height": 28,
			"spin":10,
			"shrinkX":0,
			"shrinkY":0,
			"ammoMultiplier":2,
			"sprite":"mine-bullet",
			"backColor":"FFFFFF",
			"frontColor":"FFFFFF",
			"trailChance": 1,
            "trailEffect": {
                "type": "ParticleEffect",
                "particles": 4,
                "length": 10,
                "baseLength": 3,
                "lifetime": 60,
                "cone": 360,
                "interp": "pow10Out",
                "sizeInterp": "pow5In",
                "colorFrom": "FFFFFF70",
                "colorTo": "FFFFFF70",
                "sizeFrom": 2.3,
                "sizeTo": 0
            },
			"smokeEffect":{
				"type": "ParticleEffect",
				"particles": 20,
				"line":true,
				"strokeFrom": 2,
				"strokeTo": 0,
				"lenFrom": 16,
				"lenTo": 8,
				"length": 36,
				"baseLength": 3,
				"lifetime": 12,
				"colorFrom": "FFE176",
				"colorTo": "FFE176",
				"cone": 40},
			"shootEffect":{
				"type": "ParticleEffect",
				"particles": 13,
				"sizeFrom": 5,
				"sizeTo": 0,
				"interp": "pow5Out",
                "sizeInterp": "pow5In",
				"length": 28,
				"baseLength": 0,
				"lifetime": 40,
				"colorFrom": "FFFFFF",
				"colorTo": "FFFFFF",
				"cone":48},
			"hitShake": 3,
			"hitSound":"explosion",
			"hitEffect":{
				"type": "MultiEffect",
				"effects": [
				{	"type": "ParticleEffect",
					"particles": 23,
					"sizeFrom": 8,
					"sizeTo": 0,
					"length": 25,
					"baseLength": 20,
					"lifetime": 55,
					"colorFrom": "FFFFFF",
					"colorTo": "FFFFFF"},
				{	"type": "WaveEffect",
					"lifetime": 18,
					"sizeFrom": 1,
					"sizeTo": 45,
					"strokeFrom": 4,
					"strokeTo": 0,
					"colorFrom": "FFE176FF",
					"colorTo": "ffffff"}
					]
				},
			"despawnEffect":"none",
			"bulletInterval": 2,
            "intervalBullets": 4,
            "intervalRandomSpread": 30,
            "intervalBullet":{
				"type":"BasicBulletType",
				"damage": 14,
				"speed": 9,"lifetime": 8,
				"backColor":"FFFFFF",
				"frontColor":"FFFFFF",
				"trailLength": 3,
            	"trailWidth": 2,
            	"trailColor": "FFFFFF",
				"width": 16,"height": 16,
				"despawnEffect":"none"}
			},
		"plastanium":{
			"type":"BasicBulletType",
			"damage": 63,
			"splashDamageRadius": 56,
			"splashDamage": 43,
			"knockback":5,
			"reloadMultiplier": 1.25,
			"speed": 3.2,
			"drag":0.004,
			"lifetime":88.125,
			"width": 32,
			"height": 32,
			"spin":10,
			"shrinkX":0,
			"shrinkY":0,
			"ammoMultiplier":3,
			"sprite":"mine-bullet",
			"backColor":"cbd97f",
			"frontColor":"FFFFFF",
			"trailChance": 1,
            "trailEffect": {
                "type": "ParticleEffect",
                "particles": 4,
                "length": 10,
                "baseLength": 3,
                "lifetime": 60,
                "cone": 360,
                "interp": "pow10Out",
                "sizeInterp": "pow5In",
                "colorFrom": "cbd97f70",
                "colorTo": "cbd97f70",
                "sizeFrom": 2.3,
                "sizeTo": 0
            },
			"smokeEffect":{
				"type": "ParticleEffect",
				"particles": 20,
				"line":true,
				"strokeFrom": 2,
				"strokeTo": 0,
				"lenFrom": 16,
				"lenTo": 8,
				"length": 36,
				"baseLength": 3,
				"lifetime": 12,
				"colorFrom": "FFE176",
				"colorTo": "FFE176",
				"cone": 40},
			"shootEffect":{
				"type": "ParticleEffect",
				"particles": 13,
				"sizeFrom": 5,
				"sizeTo": 0,
				"interp": "pow5Out",
                "sizeInterp": "pow5In",
				"length": 28,
				"baseLength": 0,
				"lifetime": 40,
				"colorFrom": "cbd97f",
				"colorTo": "cbd97f",
				"cone":48},
			"hitShake": 3,
			"hitSound":"explosion",
			"hitEffect":{
				"type": "MultiEffect",
				"effects": [
				{	"type": "ParticleEffect",
					"particles": 23,
					"sizeFrom": 8,
					"sizeTo": 0,
					"length": 36,
					"baseLength": 20,
					"lifetime": 55,
					"colorFrom": "cbd97f",
					"colorTo": "cbd97f"},
				{	"type": "WaveEffect",
					"lifetime": 18,
					"sizeFrom": 1,
					"sizeTo": 56,
					"strokeFrom": 5,
					"strokeTo": 0,
					"colorFrom": "FFE176FF",
					"colorTo": "ffffff"}
					]
				},
			"despawnEffect":"none",
			"bulletInterval": 2,
            "intervalBullets": 3,
            "intervalRandomSpread": 30,
            "intervalBullet":{
				"type":"BasicBulletType",
				"damage": 23,
				"splashDamageRadius": 12,
				"splashDamage": 13,
				"knockback":0.5,
				"speed": 9.2,"lifetime": 8,
				"backColor":"cbd97f",
				"frontColor":"FFFFFF",
				"trailLength": 3,
            	"trailWidth": 2,
            	"trailColor": "cbd97f",
				"width": 16,"height": 16,
				"hitEffect":"flakExplosion",
				"despawnEffect":"none"}
			},
		"硅钢":{
			"type":"BasicBulletType",
			"damage": 32,
			"splashDamageRadius": 50,
			"splashDamage": 33,
			"status":"unmoving",
			"statusDuration":12,
			"speed": 2.3,
			"drag":0.004,
			"lifetime":118.69,
			"width": 30,
			"height": 30,
			"spin":10,
			"shrinkX":0,
			"shrinkY":0,
			"ammoMultiplier":1,
			"sprite":"mine-bullet",
			"backColor":"7595D2",
			"frontColor":"FFFFFF",
			"trailChance": 1,
            "trailEffect": {
                "type": "ParticleEffect",
                "particles": 4,
                "length": 10,
                "baseLength": 3,
                "lifetime": 60,
                "cone": 360,
                "interp": "pow10Out",
                "sizeInterp": "pow5In",
                "colorFrom": "7595D270",
                "colorTo": "7595D270",
                "sizeFrom": 2.3,
                "sizeTo": 0
            },
			"smokeEffect":{
				"type": "ParticleEffect",
				"particles": 20,
				"line":true,
				"strokeFrom": 2,
				"strokeTo": 0,
				"lenFrom": 16,
				"lenTo": 8,
				"length": 36,
				"baseLength": 3,
				"lifetime": 12,
				"colorFrom": "FFE176",
				"colorTo": "FFE176",
				"cone": 40},
			"shootEffect":{
				"type": "ParticleEffect",
				"particles": 13,
				"sizeFrom": 5,
				"sizeTo": 0,
				"interp": "pow5Out",
				"sizeInterp": "pow5In",
				"length": 28,
				"baseLength": 0,
				"lifetime": 40,
				"colorFrom": "7595D2",
				"colorTo": "7595D2",
				"cone":48},
			"hitShake": 3,
			"hitSound":"explosion",
			"hitEffect":{
				"type": "MultiEffect",
				"effects": [
				{	"type": "ParticleEffect",
					"particles": 23,
					"sizeFrom": 8,
					"sizeTo": 0,
					"length": 30,
					"baseLength": 20,
					"lifetime": 55,
					"colorFrom": "7595D2",
					"colorTo": "7595D2"},
				{	"type": "WaveEffect",
					"lifetime": 18,
					"sizeFrom": 1,
					"sizeTo": 50,
					"strokeFrom": 4.5,
					"strokeTo": 0,
					"colorFrom": "FFE176FF",
					"colorTo": "ffffff"}
					]
				},
			"despawnEffect":"none",
			"bulletInterval": 2.33,
            "intervalBullets": 2,
            "intervalRandomSpread": 30,
            "intervalBullet":{
				"type":"BasicBulletType",
				"damage": 10,
				"splashDamageRadius": 12,
				"splashDamage": 13,
				"status":"unmoving",
				"statusDuration": 8,
				"speed": 8,"lifetime": 8,
				"backColor":"7595D2",
				"frontColor":"FFFFFF",
				"trailLength": 3,
            	"trailWidth": 2,
            	"trailColor": "7595D2",
				"width": 16,"height": 16,
				"hitEffect":"flakExplosion",
				"despawnEffect":"none"}
			},
		"surge-alloy":{
			"type":"BasicBulletType",
			"damage": 75,
			"splashDamageRadius": 65,
			"splashDamage": 43,
			"lightningDamage":23,
			"lightning":3,
			"lightningLength":9,
			"speed": 3,
			"lifetime":110,
			"rangeChange":60,
			"width": 35,
			"height": 35,
			"spin":10,
			"shrinkX":0,
			"shrinkY":0,
			"ammoMultiplier":5,
			"sprite":"mine-bullet",
			"backColor":"F2E770",
			"frontColor":"FFFFFF",
			"trailChance": 1,
            "trailEffect": {
                "type": "ParticleEffect",
                "particles": 4,
                "length": 10,
                "baseLength": 3,
                "lifetime": 60,
                "cone": 360,
                "interp": "pow10Out",
                "sizeInterp": "pow5In",
                "colorFrom": "F2E77070",
                "colorTo": "F2E77070",
                "sizeFrom": 2.3,
                "sizeTo": 0
            },
			"smokeEffect":{
				"type": "ParticleEffect",
				"particles": 20,
				"line":true,
				"strokeFrom": 2,
				"strokeTo": 0,
				"lenFrom": 16,
				"lenTo": 8,
				"length": 36,
				"baseLength": 3,
				"lifetime": 12,
				"colorFrom": "FFE176",
				"colorTo": "FFE176",
				"cone": 40},
			"shootEffect":{
				"type": "ParticleEffect",
				"particles": 13,
				"sizeFrom": 5,
				"sizeTo": 0,
				"interp": "pow5Out",
                "sizeInterp": "pow5In",
				"length": 28,
				"baseLength": 0,
				"lifetime": 40,
				"colorFrom": "F2E770",
				"colorTo": "F2E770",
				"cone":48},
			"hitShake": 3,
			"hitSound":"explosion",
			"hitEffect":{
				"type": "MultiEffect",
				"effects": [
				{	"type": "ParticleEffect",
					"particles": 23,
					"sizeFrom": 8,
					"sizeTo": 0,
					"length": 45,
					"baseLength": 20,
					"lifetime": 55,
					"colorFrom": "F2E770",
					"colorTo": "F2E770"},
				{	"type": "WaveEffect",
					"lifetime": 18,
					"sizeFrom": 1,
					"sizeTo": 65,
					"strokeFrom": 6,
					"strokeTo": 0,
					"colorFrom": "F2E770FF",
					"colorTo": "ffffff"}
					]
				},
			"despawnEffect":"none",
			"bulletInterval": 3.2,
            "intervalBullets": 2,
            "intervalRandomSpread": 30,
            "intervalBullet":{
				"type":"BasicBulletType",
				"damage": 13,
				"splashDamageRadius": 16,
				"splashDamage": 22,
				"lightningDamage":9,
				"lightning":1,
				"lightningLength":5,
				"speed": 8,"lifetime": 8,
				"backColor":"F2E770",
				"frontColor":"FFFFFF",
				"trailLength": 3,
            	"trailWidth": 2,
            	"trailColor": "F2E770",
				"width": 16,"height": 16,
				"hitEffect":"flakExplosion",
				"despawnEffect":"none"}
			},
		"集束":{
			"type":"BasicBulletType",
			"damage": 53,
			"splashDamageRadius": 55,
			"splashDamage": 80,
			"status":"blasted",
			"speed": 1.8,
			"drag":0.003,
			"lifetime":148.8,
			"width": 35,
			"height": 35,
			"spin":10,
			"shrinkX":0,
			"shrinkY":0,
			"ammoMultiplier":5,
			"sprite":"mine-bullet",
			"backColor":"D85555",
			"frontColor":"FFFFFF",
			"trailChance": 1,
            "trailEffect": {
                "type": "ParticleEffect",
                "particles": 4,
                "length": 10,
                "baseLength": 3,
                "lifetime": 60,
                "cone": 360,
                "interp": "pow10Out",
                "sizeInterp": "pow5In",
                "colorFrom": "D8555570",
                "colorTo": "D8555570",
                "sizeFrom": 2.3,
                "sizeTo": 0
            },
			"smokeEffect":{
				"type": "ParticleEffect",
				"particles": 20,
				"line":true,
				"strokeFrom": 2,
				"strokeTo": 0,
				"lenFrom": 16,
				"lenTo": 8,
				"length": 36,
				"baseLength": 3,
				"lifetime": 12,
				"colorFrom": "FFE176",
				"colorTo": "FFE176",
				"cone": 40},
			"shootEffect":{
				"type": "ParticleEffect",
				"particles": 13,
				"sizeFrom": 5,
				"sizeTo": 0,
				"interp": "pow5Out",
                "sizeInterp": "pow5In",
				"length": 28,
				"baseLength": 0,
				"lifetime": 40,
				"colorFrom": "D85555",
				"colorTo": "D85555",
				"cone":48},
			"hitShake": 5,
			"hitSound":"explosion",
			"hitEffect":{
				"type": "MultiEffect",
				"effects": [
				{	"type": "ParticleEffect",
					"particles": 23,
					"sizeFrom": 8,
					"sizeTo": 0,
					"length": 35,
					"baseLength": 20,
					"lifetime": 55,
					"colorFrom": "D85555",
					"colorTo": "D85555"},
				{	"type": "WaveEffect",
					"lifetime": 18,
					"sizeFrom": 1,
					"sizeTo": 55,
					"strokeFrom": 6,
					"strokeTo": 0,
					"colorFrom": "D85555",
					"colorTo": "ffffff"}
					]
				},
			"despawnEffect":"none",
			"bulletInterval": 3.3,
            "intervalBullets": 5,
            "intervalRandomSpread": 30,
            "intervalBullet":{
				"type":"BasicBulletType",
				"damage": 15,
				"splashDamageRadius": 45,
				"splashDamage": 35,
				"status":"blasted",
				"speed": 6,"lifetime": 10,
				"backColor":"D85555",
				"frontColor":"FFFFFF",
				"trailLength": 3,
            	"trailWidth": 2,
            	"trailColor": "D85555",
				"width": 16,"height": 16,
				"hitShake":2,
				"hitSound":"explosion",
				"hitEffect":"flakExplosionBig",
				"despawnEffect":"none"}
			},
		"泰勒合金":{
			"type":"BasicBulletType",
			"damage": 106,
			"splashDamageRadius": 69.6,
			"splashDamage": 83,
			"lightningDamage":33,
			"lightning":5,
			"lightningLength":16,
			"lightningColor":"BFFFDB",
			"speed": 3,
			"status":"干扰",
			"statusDuration": 60,
			"lifetime":110,
			"rangeChange":100,
			"width": 38,
			"height": 38,
			"spin":10,
			"shrinkX":0,
			"shrinkY":0,
			"ammoMultiplier":8,
			"sprite":"mine-bullet",
			"backColor":"BFFFDB",
			"frontColor":"FFFFFF",
			"trailChance": 1,
            "trailEffect": {
                "type": "ParticleEffect",
                "particles": 4,
                "length": 10,
                "baseLength": 3,
                "lifetime": 60,
                "cone": 360,
                "interp": "pow10Out",
                "sizeInterp": "pow5In",
                "colorFrom": "BFFFDB70",
                "colorTo": "BFFFDB70",
                "sizeFrom": 2.3,
                "sizeTo": 0
            },
			"smokeEffect":{
				"type": "ParticleEffect",
				"particles": 20,
				"line":true,
				"strokeFrom": 2,
				"strokeTo": 0,
				"lenFrom": 16,
				"lenTo": 8,
				"length": 36,
				"baseLength": 3,
				"lifetime": 12,
				"colorFrom": "FFE176",
				"colorTo": "FFE176",
				"cone": 40},
			"shootEffect":{
				"type": "ParticleEffect",
				"particles": 13,
				"sizeFrom": 5,
				"sizeTo": 0,
				"interp": "pow5Out",
                "sizeInterp": "pow5In",
				"length": 28,
				"baseLength": 0,
				"lifetime": 40,
				"colorFrom": "BFFFDB",
				"colorTo": "BFFFDB",
				"cone":48},
			"hitShake": 5,
			"hitSound":"plasmaboom",
			"hitEffect":{
				"type": "MultiEffect",
				"effects": [
				{	"type": "ParticleEffect",
					"particles": 23,
					"sizeFrom": 8,
					"sizeTo": 0,
					"length": 45,
					"baseLength": 20,
					"lifetime": 55,
					"colorFrom": "BFFFDB",
					"colorTo": "BFFFDB"},
				{	"type": "WaveEffect",
					"lifetime": 18,
					"sizeFrom": 1,
					"sizeTo": 65,
					"strokeFrom": 6,
					"strokeTo": 0,
					"colorFrom": "BFFFDB",
					"colorTo": "ffffff"}
					]
				},
			"despawnEffect":"none",
			"bulletInterval": 3.6,
            "intervalBullets": 1,
            "intervalRandomSpread": 20,
            "intervalBullet":{
	"type": "LaserBulletType",
	"hitSound":"laser",
	"pierceArmor":true,
	"length": 59,
    "width": 14,
	"status":"shocked",
    "sideAngle": 135,
    "sideWidth": 0.6,
    "sideLength": 48,
    "damage": 38,
    "lifetime": 10,
    "colors": ["BFFFDB80","BFFFDBFF","FFFFFF"]}}	
	},
	"requirements": [
		"titanium/100","硅钢/55",
		"plastanium/50","surge-alloy/20",
		"二级协议/0"
	],
	"category": "turret",
	"research": "阔刀"
	}