{
	"type": "ItemTurret",
	"name": "方天",
	"description": "向敌方战机发射两枚大装药量导弹或者穿透弹。",
	"details":"离开索敌距离后导弹可以继续飞行一段距离，可以辅助制导。",
	"health": 3850,
	"size": 4,
	"reload":26,
	"range": 600,
    "fogRadiusMultiuplier":0.5,
    "maxAmmo":20,
    "ammoPerShot": 2,
	"recoil": 3.3,
	"ammoUseEffect": {
        "type": "ParticleEffect",
        "particles": 9,
        "interp": "pow10Out",
        "sizeInterp": "pow5In",
        "sizeFrom": 5.5,
        "sizeTo": 0,
        "length": 30,
        "baseLength": 0,
        "lifetime": 55,
        "colorFrom": "73737390",
        "colorTo": "73737390",
        "layer": 49
    },
	"canOverdrive": false,
	"shoot":
    {"type":"ShootAlternate",
	"barrels":2,
	"spread":15},
	"consumes": {"power": 10,
        "coolant":{"amount":0.5,"optional":true}  
                },
	"shootSound":"DD1",
	"targetGround":false,
	"targetAir":true,
    "hasLiquids": true,
    "inaccuracy": 7.77,
	"shootCone":80,
	"shake":4,
	"rotateSpeed":4.5,
	"ammoTypes": {
	"blast-compound":{
    "type":"FlakBulletType",
    "splashDamageRadius":64,
    "splashDamage":225,
    "knockback":16,
    "hitSize":50,
    "shrinkY":0,
    "hitSound":"explosionbig",
    "speed":6,	"lifetime":135,	
    "damage":22,
	"status":"blasted",
  	"statusDuration":60,
    "homingDelay":15,
    "homingPower":0.06,
    "homingRange": 120,
	"width": 12,	"height": 50,
    "sprite":"饱和火力-导弹",
    "backColor":"FF7055",
    "frontColor":"E3E3E3", 
    "trailLength":3,
	"trailWidth":1.5,
    "trailColor":"FFFFFF",
    "trailChance":1,
    "trailInterval":16,
	"trailEffect": {
	"type": "ParticleEffect",
	"particles": 3,
	"length": 16,
	"baseLength": 1,
	"lifetime": 45,
	"cone": 360,
	"colorFrom": "E3E3E380",
	"colorTo": "E3E3E380",
	"sizeFrom": 3,
	"sizeTo": 0
	},
	"hitShake":5,
    "ammoMultiplier":4,
    "reloadMultiplier":1.7,
    "smokeEffect":"shootSmallFlame",
	"hitEffect":{"type": "MultiEffect",
	"effects": [
	{"type": "ParticleEffect",
    "particles": 18,
    "sizeFrom": 10,
    "sizeTo": 0,
    "length": 35,
    "baseLength": 43,
    "lifetime": 35,
    "colorFrom": "737373FF",
    "colorTo": "737373FF",
    "cone": 360},
	{"type": "ParticleEffect",
    "particles": 32,
    "line":true,
    "sizeFrom": 9,
    "sizeTo": 0,
    "length": 43,
    "baseLength": 33,
    "lifetime": 22,
    "colorFrom": "FFFFFF",
    "colorTo": "FFE176FF",
    "cone": 360},
    {"type": "WaveEffect",
    "lifetime": 15,
    "sizeFrom": 1,
    "sizeTo": 70,
    "strokeFrom": 8,
    "strokeTo": 0,
    "colorFrom": "FFE176FF",
    "colorTo": "ffffff"}]}},
     "surge-alloy":{
    "type":"FlakBulletType",
    "lightningDamage":25,
    "lightning":2,
    "lightningLength":15,
    "shrinkY":0,
    "speed": 7,
    "damage":20,
    "hitSize":30,
    "homingDelay":15,
    "homingPower":0.065,
    "homingRange": 120,
    "lifetime":115,
    "hitSound":"explosion",
    "width": 12,"height": 50,
    "ammoMultiplier":6,
    "hitShake":3,
    "sprite":"饱和火力-导弹",
    "backColor":"EEEE00",
    "frontColor":"E3E3E3", 
    "trailLength":3,
	"trailWidth":1.5,
    "trailColor":"FFFFFF",
    "trailChance":1,
    "trailInterval":16,
"trailEffect": {
	"type": "ParticleEffect",
	"particles": 3,
	"length": 16,
	"baseLength": 1,
	"lifetime": 45,
	"cone": 360,
	"colorFrom": "E3E3E380",
	"colorTo": "E3E3E380",
	"sizeFrom": 3,
	"sizeTo": 0
	},
	"shootEffect": "shootSmallFlame",
    	"hitEffect":{"type": "MultiEffect",
	"effects": [
	{"type": "ParticleEffect",
    "particles": 10,
    "sizeFrom": 10,
    "sizeTo": 0,
    "length": 5,
    "baseLength": 33,
    "lifetime": 35,
    "colorFrom": "737373FF",
    "colorTo": "737373FF",
    "cone": 360},
	{"type": "ParticleEffect",
    "particles": 12,
    "line":true,
    "sizeFrom": 9,
    "sizeTo": 0,
    "length": 13,
    "baseLength": 43,
    "lifetime": 22,
    "colorFrom": "EEEE00",
    "colorTo": "FFE176FF",
    "cone": 360},
    {"type": "WaveEffect",
    "lifetime": 10,
    "sizeFrom": 1,
    "sizeTo": 43,
    "strokeFrom": 8,
    "strokeTo": 0,
    "colorFrom": "EEEE00",
    "colorTo": "ffffff"}]},
    "splashDamageRadius":40,
    "splashDamage":230	},
     "镄":{
    "type":"FlakBulletType",
    "status":"melting", 
    "statusDuration":180,
    "speed": 10,
    "damage":266,
    "splashDamageRadius":8,
    "splashDamage":9,
    "pierce":true,
	"pierceArmor":true,
    "pierceCap":4,
    "hitShake":2,
    "homingDelay":15,
    "homingPower":0.12,
    "homingRange": 160,
    "lifetime":88,
    "hitSound":"shotgun",
    "width": 12,"height": 52,   
    "shrinkY":0,
    "ammoMultiplier":1,
    "sprite":"饱和火力-落雁",
    "backColor":"DEDEDEFF",
    "frontColor":"E3E3E3", 
    "trailLength":4,
	"trailWidth":1.7,
    "trailColor":"FFFFFF",
    "trailChance":1,
    "trailInterval":1,
    "trailRotation": true,
    "trailEffect": {
        "type": "ParticleEffect",
        "particles": 2,
        "length": -40,
        "baseLength": 0,
        "lifetime": 15,
        "cone": 20,
        "colorFrom": "E3E3E3",
        "colorTo": "E3E3E300",
        "sizeFrom": 1,
        "sizeTo": 5
        },
	"shootEffect": "shootSmallFlame",
    "hitEffect":{"type": "MultiEffect",
	"effects": [
	{"type": "ParticleEffect",
    "particles": 9,
    "sizeFrom": 3,
    "sizeTo": 0,
    "length": 33,
    "baseLength": 6,
    "lifetime": 25,
    "colorFrom": "737373FF",
    "colorTo": "737373FF",
    "cone": 360},
	{"type": "ParticleEffect",
    "particles": 15,
    "line":true,
    "strokeFrom": 4,
    "strokeTo": 0,
    "lenFrom":0,
    "lenTo":10,
    "length": 83,
    "baseLength":3,
    "lifetime": 10,
    "colorFrom": "FFFFFF",
    "colorTo": "FFE176FF",
    "cone": 40},
    {"type": "WaveEffect",
    "lifetime": 10,
    "sizeFrom": 1,
    "sizeTo": 0,
    "strokeFrom": 0,
    "strokeTo": 0,
    "colorFrom": "EEEE00",
    "colorTo": "ffffff"}]}	}
    },
	"requirements": [
		{ "item": "copper", "amount":560 },
		{ "item": "silicon", "amount": 350  },
		{ "item": "硅钢", "amount": 140  },	
		{ "item": "plastanium","amount":170},
		{ "item": "二级协议","amount":0}
	],
	"category": "turret",
	"research": "长枪"
	}