{
	"type": "ItemTurret",
	"name": "火箭发射器",
	"description": "便携式单兵火箭发射器，发射近距离制导火箭弹。备弹24发，造价低廉，用完即丢。",
	"details":"一款能有效对地制空通吃的小型武器。用于应付战争初期冰雹，双管不能有效对付空军而常常导致防线失守的情况",
	"health": 400,
	"size": 1,
	"reload": 25,
	"range": 200,
	"maxAmmo":24,
	"shake":1,
	"ammoUseEffect": "none",
	"shootSound":"missile",
	"inaccuracy": 5,
	"rotateSpeed": 10,
	"ammoTypes": {
	"graphite":{
		"type":"MissileBulletType",
	    "splashDamageRadius":24,
	    "splashDamage":33,
	    "speed":8,
	    "damage":10, 
   "sprite":"饱和火力-导弹",
	    "backColor":"B0C4DE",
	    "frontColor":"E3E3E3", 
	    "trailColor":"B0C4DE",
	    "lifetime":25,
	    "homingPower":0.03,
	  	"homingRange":40,	   
		"width": 4,
		"height": 16,
        "ammoMultiplier": 2,
	    "hitEffect":"flakExplosion"
	},
	"pyratite":{
		"type":"MissileBulletType",
	    "splashDamageRadius":20,
	    "splashDamage":30,
	    "speed":8,
	    "damage":12,
	    "makeFire":true,
    "sprite":"饱和火力-导弹",
    "backColor":"FFB90F",
    "frontColor":"E3E3E3",
	"trailColor":"FFB90F",
	    "lifetime":25,
	    "status":"burning",
	    "statusDuration":180,
	    "homingPower":0.03,
	  	"homingRange":40,	   
		"width": 4,
		"height": 16,
        "ammoMultiplier": 2,
	    "hitEffect":"flakExplosion"
	},
	"blast-compound":{
		"type":"MissileBulletType",
	    "splashDamageRadius":30,
	    "splashDamage":45,
	    "speed":8,
	    "damage":17,
		"status":"blasted",
	   	"statusDuration":600,
    "sprite":"饱和火力-导弹",
	    "backColor":"FF7F24",
	    "frontColor":"E3E3E3", 
	    "trailColor":"FF7F24",
	    "lifetime":25,
	    "homingPower":0.03,
	  	"homingRange":40,	   
		"width": 4,
		"height": 16,
        "ammoMultiplier": 4,
	    "hitEffect":"flakExplosion"
	}
	},
	"requirements": [
	{ "item": "copper", "amount": 30 },		{ "item": "graphite", "amount": 35 }
	],
	"category": "turret",
	"research": "多管炮"
}
