{
	"type": "ItemTurret",
	"name": "电极",
	"description": "发射两种过载电极打击敌人。\n需要大规模集群作战，能够快速形成战斗力。",
	"details":"永信之怒！对非接地物造成更高伤害。",
	"health": 1100,
	"size": 4,
	"shootY":8,
	"reload": 70,
	"range": 310,
    "ammoPerShot": 2,
    "drawer": {
        "type": "DrawMulti",
        "drawers": [
{
"type": "DrawTurret",
"parts": [
    {
        "type": "RegionPart",
        "mirror": false,
        "x": 0,
        "y": 0,
        "suffix": "-1",
        "layer": 51,
        "moveX": 0,
        "moveY": 0,
        "heatProgress": "warmup",
        "heatColor": "c0ecff"
    }
    ]}
        ]
    },
	"consumes": {"power":2},
	"ammoUseEffect":"casing2Double",
	"shootSound":"spark",
	"inaccuracy": 0,
	"rotateSpeed": 12,
	"shake":1,
	"ammoTypes": {
        "copper": {
		"type":"EmpBulletType",
		"timeIncrease":1.5,
		"timeDuration":300,
		"radius":60,
		"powerDamageScl":3,
		"powerSclDecrease":0,
		"unitDamageScl":1.5,
		"chainEffect":"chainLightning",
		"hitPowerEffect":{
			"type": "ParticleEffect",
			"particles": 7,  
			"baseLength": 0,
			"length":35,
			"lifetime": 10,
			"line": true,
			"lenFrom": 16,
			"lenTo":0,
			"strokeFrom": 1,
			"strokeTo": 0,
			"colorFrom": "#FFEFB2",
			"colorTo": "#FFEFB2",
			"cone":360 },
		"applyEffect":"none",
		"speed": 14,
		"lifetime": 18,
		"trailLength":4,
		"trailWidth":1.5,
		"scaleLife": true,
		"width": 15,
		"height": 26,
		"ammoMultiplier":1,
		"hitSound":"spark",
		"collides":false,
		"splashDamageRadius":60,
		"splashDamage":23,
		"hitShake":2,
		"trailColor":"#FFEFB2",
		"frontColor":"#FFEFB2",
		"backColor":"#FFEFB2",
		"hitEffect":{"type": "WaveEffect",
		"lifetime": 25,
		"sizeFrom": 60,"sizeTo": 60,
		"strokeFrom":2,"strokeTo":0,
		"colorFrom":"#FFEFB2",
		"colorTo": "#FFEFB2"},
		"despawnEffect":{
		"type": "ParticleEffect",
		"particles": 23,  
		"baseLength": 16,
		"length":40,
		"lifetime": 10,
		"line": true,
		"lenFrom": 16,
		"lenTo":0,
		"strokeFrom": 3,
		"strokeTo": 0,
		"colorFrom": "#FFEFB2",
		"colorTo": "#FFEFB2",
		"cone":360 },
		"shootEffect": {
			"type": "ParticleEffect",
			"particles": 9,
			"line": true,
			"length": 35,
			"baseLength": 0,
			"lifetime": 15,
			"colorFrom": "FFFFFF",
			"colorTo": "FFFFFF",
			"cone": 60
		},
		"status":"阳电",
		"statusDuration":180
	},
	"lead": {
		"type":"EmpBulletType",
		"timeIncrease":1.5,
		"timeDuration":300,
		"radius":60,
		"powerDamageScl":3,
		"powerSclDecrease":0,
		"unitDamageScl":1.5,
		"chainEffect":"chainLightning",
		"hitPowerEffect":{
			"type": "ParticleEffect",
			"particles": 12,  
			"baseLength": 35,
			"length":-35,
			"lifetime": 10,
			"sizeFrom": 1,
			"sizeTo": 0,
			"colorFrom": "#EFDDFF",
			"colorTo": "#EFDDFF",
			"cone":360 },
		"applyEffect":"none",
		"speed": 14,
		"lifetime": 18,
		"trailLength":4,
		"trailWidth":1.5,
		"scaleLife": true,
		"width": 15,
		"height": 26,
		"ammoMultiplier":1,
		"hitSound":"spark",
		"collides":false,
		"splashDamageRadius":60,
		"splashDamage":23,
		"hitShake":2,
		"trailColor":"#EFDDFF",
		"backColor":"#EFDDFF",
		"frontColor":"#EFDDFF",
		"hitEffect":{"type": "WaveEffect",
		"lifetime": 25,
		"sizeFrom": 60,"sizeTo": 60,
		"strokeFrom":2,"strokeTo":0,
		"colorFrom":"#EFDDFF",
		"colorTo": "#EFDDFF"},
		"despawnEffect":{
		"type": "ParticleEffect",
		"particles": 15,  
		"baseLength": 55,
		"length":-30,
		"lifetime": 10,
		"sizeFrom": 2,
		"sizeTo": 0,
		"colorFrom": "#EFDDFF",
		"colorTo": "#EFDDFF",
		"cone":360 },
		"shootEffect": {
			"type": "ParticleEffect",
			"particles": 9,
			"line": true,
			"length": 35,
			"baseLength": 0,
			"lifetime": 15,
			"colorFrom": "FFFFFF",
			"colorTo": "FFFFFF",
			"cone": 60
		},
		"status":"阴电",
		"statusDuration":180
	}

	}, 
	"requirements": [
	"copper/180",
	"lead/200",
	"silicon/35"
	],
	"category": "turret",
	"research": "arc"
}
