{
	"name": "饱和火力",
	"displayName":"饱和火力",
	"author":"RA2",
	"version":"3.0.13",
	"minGameVersion":"142"
	"description":"以压倒性火力，制衡天下之模组。
模组一群：181108928
或者前往Github查看火力最新状态
B站随机直播
饱和火力服务器保持常开，请装载最新模组进入
———————————————
这是最适合做模板的mod，你可以在许多新mod里找到本mod的身影
每次贴图更新，都会将旧贴图作为公益物发至群内，有需自取
———————————————
代码开源可抄，但是[red[]]抄袭/改色/缝合[white[]]贴图属于[red[]]侵犯作者知识产权[white[]]的行为
火力代码贴图可以作为你的[gold[]]起步工具，[white[]]但绝不能成为你的[gold[]]模组主力
[sky[]]创新才是你的第一生产力！！！
及时脱离套式发展，走上自己的独特道路！！！
抄袭终会被玩家制裁！！！
[white[]]———————————————
饱和火力在每隔两月必定更新一次，偶尔会有紧急修复
进群第一件事核对你的mod版本！
若发现bug或有疑问进群咨询
———————————————
模组历史更新内容将在他处记录
此处只记录当个大版本（X.X.X）更新项目
———————————————
待办项目：
▲转型Java-长期项目▲
伯劳完全体
战役持续更新
———————————————
3.0.14更新：
完成大部分英翻
——————地图类——————
▲新地图-火天路
——————辅助类——————
裂位发射台-加入科技树
——————工厂类——————
——————液体类——————
——————炮塔类——————
——————单位类——————
梭鱼-加强武器
星辉-降低伤害-修改射击方式
余晖-特效修改-主炮修改
"
}
