{
	"type": "legs",
	"name": "地星",
	"description": "折跃能量炸弹砸向敌人造成严重破坏，发射大型脉冲激光束并修复友方建筑。\n为临近的友方单位提供强化。\n能跨越大多数地形。",
	"legSplashDamage":220,
	"legSplashRange":18,
	"legCount": 6,
	"legExtension":-8,
	"legBaseOffset":0,
	"legLength": 35,
	"legForwardScl": 0.7,
	"stepShake":0.77,
	"buildSpeed": 8.5,
	"buildBeamOffset":24,
	"rippleScale":1,
	"hovering":true,
	"allowLegStep": true,
	"canBoost": false,
	"range":480,
	"drownTimeMultiplier":8,
	"immunities":["electrified","干扰","unmoving","disarmed"],
	"ammoType": {
		"type": "PowerAmmoType",
		"totalPower": 5000
	  },
	  "abilities": [
		{ "type": "StatusFieldAbility",
			"duration": 480,
			"reload": 600,
			"range": 340,
			"applyEffect":"none",
			"activeEffect":{ 
				"type": "WaveEffect",
				"lifetime": 36,
				"sizeFrom": 0,
				"sizeTo": 340,
				"strokeFrom": 5,
				"strokeTo": 0,
				"colorFrom": "97FFA8",
				"colorTo": "97FFA8"
					},
			"effect":"强化"  },
	{"type": "ShieldArcAbility",
	"radius": 80,
	"width": 20,
	"max": 8000,
	"regen": 11,
	"cooldown": 360,
	"angle": 80,
	"angleOffset": 61
	},
	{"type": "ShieldArcAbility",
	"radius": 80,
	"width": 20,
	"max": 8000,
	"regen": 11,
	"cooldown": 360,
	"angle": 80,
	"angleOffset": 309
	}
		],
	"speed": 0.3,
	"hitSize": 52,
	"health": 125000,
	"armor": 25,
	"rotateSpeed": 0.8,
	"faceTarget": true,
	"singleTarget":true,
	"research": "corvus",
	"weapons":[
		{
			"name": "地星1",
			"reload": 380,
			"y":0,	"x": 0,
			"shootY":24,
			"shoot":{
				"shots":5,
				"shotDelay":6},
			"parts":[
				{
					"type": "ShapePart",
					"progress": "warmup",
					"color": "97FFA8FF",
					"circle": true,
					"hollow": false,
					"radius": 0,
					"radiusTo": 5,
					"x": 0,"y": 24,
					"layerOffset": -0.005
					},
				{
					"type": "ShapePart",
					"progress": "reload",
					"color": "97FFA880",
					"circle": true,
					"hollow": false,
					"radius": 0,
					"radiusTo": 5,
					"x": 0,"y": 24,
					"layer": 110
					},
				{
					"type": "RegionPart",
					"progress": "warmup",
					"mirror": false,
					"x": 0,"y": -24,
					"suffix": "-1",
					"layerOffset": -0.01,
					"moveY": 24
				}
			],
			"shake":0,
			"rotate": false,
			"mirror": false,
			"cooldownTime": 300,
			"inaccuracy": 0,
			"shootSound": "plasmadrop",
			"recoil":0,
		"bullet":{
"type": "PointBulletType",
"healPercent":9,
"damage": 40,
"lifetime": 8,
"speed": 87,
"hitSound": "none",
"despawnEffect": {
"type": "ParticleEffect",
"particles": 1,
"sizeFrom": 16,
"sizeTo": 0,
"length": 0,
"baseLength": 0,
"lifetime": 60,
"colorFrom": "97FFA8FF",
"colorTo": "97FFA800",
"cone": 0
},
"smokeEffect": "none",
"hitEffect": {
"type": "WaveEffect",
"lifetime": 60,
"sizeFrom": 100,
"sizeTo": 0,
"strokeFrom": 4,
"strokeTo": 1,
"colorFrom": "97FFA880",
"colorTo": "97FFA8FF"
},
"trailSpacing": 10,
"trailEffect": "none",
"fragBullets": 1,
"fragAngle": 180,
"fragRandomSpread": 80,
"fragVelocityMax": 1,
"fragVelocityMin": 1,
"fragBullet": {
"type": "PointBulletType",
"damage": 40,
"lifetime": 150,
"speed": 10,
"trailEffect": "none",
"hitEffect": "none",
"despawnEffect":{"type": "MultiEffect",
"effects": [ {
	"type": "ParticleEffect",
	"particles": 1,
	"sizeFrom": 0,
	"sizeTo": 30,
	"length": 0,
	"baseLength": 0,
	"lifetime": 20,
	"colorFrom": "97FFA8",
	"colorTo": "ffffff00",
	"cone": 360
},
{
	"type": "ParticleEffect",
	"particles": 12,
	"line": true,
	"strokeFrom": 8,
	"strokeTo": 0,
	"lenFrom": 46,
	"lenTo": 0,
	"length": -103,
	"baseLength": 10,
	"lifetime": 30,
	"colorFrom": "97FFA8FF",
	"colorTo": "97FFA8FF",
	"cone": 60
	},
{
	"type": "WaveEffect",
	"lifetime": 20,
	"sizeFrom": 0,
	"sizeTo": 70,
	"strokeFrom": 4,
	"strokeTo": 0,
	"colorFrom": "97FFA8",
	"colorTo": "97FFA8"
	}
]},
"fragBullets": 1,
"fragAngle": 180,
"fragRandomSpread": 0,
"fragVelocityMax": 1,
"fragVelocityMin": 1,
"fragBullet": {
	"type": "BasicBulletType",
	"damage": 176,
	"speed": 15,
	"lifetime": 100,
	"spin": 2.3,
	"healPercent":12,
	"shrinkX": 0.6,
	"shrinkY": 0.6,
	"width": 128,
	"height": 128,
	"trailLength": 6,
	"trailWidth": 3,
	"trailColor": "97FFA8",
	"trailChance":0.8,
	"trailInterval":12,
	"trailEffect": {
		"type": "ParticleEffect",
		"particles": 3,
		"interp": "pow10Out",
		"sizeInterp": "pow10In",
		"region":"饱和火力-菱形",
		"sizeFrom": 7,
		"sizeTo": 0,
		"length": 38,
		"baseLength": 0,
		"lifetime": 90,
		"colorFrom": "97FFA8",
		"colorTo": "97FFA8"
	},
	"hitShake": 20,
	"status":"干扰",
	"statusDuration":30,
	"collides":false,
	"absorbable":false,
	"pierce": true,
	"pierceBuilding":true,
	"sprite": "饱和火力-海胆",
	"backColor": "97FFA8FF",
	"frontColor": "97FFA8FF",
	"splashDamageRadius": 150,
	"splashDamage": 185,
	"hitSound": "plasmaboom",
	"hitEffect": {
		"type": "MultiEffect",
		"effects": [
{
"type": "ParticleEffect",
"particles": 60,
"line": true,
"strokeFrom": 10,
"strokeTo": 0,
"lenFrom": 85,
"lenTo": 23,
"length": 203,
"baseLength": 30,
"lifetime": 30,
"colorFrom": "97FFA8FF",
"colorTo": "97FFA8FF",
"cone": 360
},
{
"type": "ParticleEffect",
"particles": 42,
"sizeFrom": 10,
"sizeTo": 0,
"length": 163,
"baseLength": 3,
"lifetime": 60,
"colorFrom": "97FFA8FF",
"colorTo": "97FFA8FF",
"cone": 360
},
{
"type": "ParticleEffect",
"particles": 1,
"sizeFrom": 160,
"sizeTo": 0,
"length": 0,
"baseLength": 0,
"lifetime": 90,
"colorFrom": "97FFA890",
"colorTo": "97FFA800",
"cone": 360
},
{
"type": "WaveEffect",
"lifetime": 30,
"sizeFrom": 0,
"sizeTo": 160,
"strokeFrom": 6,
"strokeTo": 0,
"colorFrom": "97FFA8FF",
"colorTo": "97FFA8FF"
}
		]
	},
	"despawnEffect": "none"
}
},
"shootEffect":"bigShockwave"
		}
		},
		{	"name": "地星2",
		"reload": 80, 
		"shoot": {
			"type": "ShootBarrel",
			"barrels": [
			-3.5,12,0
			]
		},
		"x": 28,   "y": 0,
		"shake":3,"recoil":3,
		"layerOffset": 0.05,
		"rotate": false,
		"top":false,
		"inaccuracy": 0,
		"alternate": true,
		"shootSound":"malignShoot",
		"cooldownTime":80,
		"bullet":{
			"type":"BasicBulletType",
			"frontColor":"FFFFFF",	
			"backColor":"97FFA8FF",	
			"hitSound":"laser",
			"healPercent":11,
			"damage":98,
			"status":"拆解",
			"statusDuration":100,
			"splashDamageRadius":60,
			"splashDamage": 67,
			"trailLength": 3,
			"trailWidth": 1.5,
			"trailColor": "97FFA8FF",
			"trailChance":1,
			"trailInterval":20,
			"trailEffect": {
				"type": "WaveEffect",
				"lifetime": 20,
				"sizeFrom": 0,
				"sizeTo": 30,
				"strokeFrom": 3,
				"strokeTo": 0,
				"colorFrom": "97FFA8FF",
				"colorTo": "97FFA8FF"
			},
			"sprite":"circle-bullet",
			"shootEffect": "bigShockwave",
			"shrinkY":0,
			"absorbable":false,
			"pierce": true,
			"collidesTeam":true,
			"speed":25, "lifetime":19.8,
			"width":14,	 "height":14,
			"spawnBullets":[
{
"type": "LaserBulletType",	
"healPercent":3.3,
"damage":77,
"collidesTeam":true,
"sideAngle":30,
"sideWidth":0.8,
"sideLength":70,
"lifetime":50,
"status":"干扰",
"statusDuration":60,
"colors":["7CF38990", "97FFA880", "FFFFFF"],
"width":27,	 "length":496},
	{
	"type": "LaserBulletType",	
	"healPercent":3.3,
	"damage":77,
	"collidesTeam":true,
	"sideAngle":126,
	"sideWidth":1,
	"sideLength":140,
	"lifetime":50,
	"status":"干扰",
	"statusDuration":60,
	"colors":["7CF38990", "97FFA880", "FFFFFF"],
	"width":27,	 "length":496}
			],
	"hitEffect":{
	"type": "MultiEffect",
	"effects": [
	{
		"type": "ParticleEffect",
		"particles": 32,
		"line": true,
		"strokeFrom": 6,
		"strokeTo": 0,
		"lenFrom": 30,
		"lenTo": 23,
		"length": 70,
		"baseLength": 0,
		"lifetime": 20,
		"colorFrom": "97FFA8FF",
		"colorTo": "97FFA8FF",
		"cone": 360
		},
		{
			"type": "ParticleEffect",
			"particles": 1,  
			"baseLength": 3,
			"length":3,
			"lifetime": 15,
			"spin":3.34,
			"interp": "fastSlow",
			"region":"饱和火力-星",
			"sizeFrom": 130,
			"sizeTo": 0,
			"colorFrom": "97FFA8FF",
			"colorTo": "97FFA8FF",
			"cone":360 },
	{"type": "WaveEffect",
	"lifetime": 15,
	"sizeFrom": 0,
	"sizeTo": 60,
	"strokeFrom": 3,
	"strokeTo": 0,
	"colorFrom": "97FFA8ff",
	"colorTo": "97FFA890"}]
	},
	"despawnEffect":"none"
	}}
	],
	"parts":[
		{
			"type": "RegionPart",
			"mirror": true,
			"x": -20,"y": -8,
			"suffix": "-1",
			"moveX":-8,
			"moveY":-8
		}
	]
}
