{
	"type": "MendProjector",
	"name": "纳米修复投射器",
	"description": "定期修复受损建筑，修复频率较快，使用纳米核可以提高修复效率",
	"health": 450,
	"size": 3,
	"range": 280,
	"reload": 60,
	"healPercent": 5,
	"phaseBoost":5,
	"phaseRangeBoost":0,
	"canOverdrive": false,
	"consumes":{
		"power": 6,
		"items":{"items":[
	{"item":"纳米核","amount":1}
	],
	"booster":true,
	"optional":true
	}},
	"requirements": [
	{ "item":"titanium","amount":120},
	{ "item":"plastanium","amount":50},
	{ "item":"surge-alloy","amount":50},
	{ "item":"纳米核","amount":50},
	{ "item":"一级协议","amount":2}
	],
	"category": "effect",
	"research":"mend-projector"
}