{
	"type":"ForceProjector",
	"name":"铁穹",
	"health":13500,
	"size":5,
	"radius":360,
	"squareSprite": false,
	"canOverdrive": false,
	"shieldHealth": 22000,
	"phaseRadiusBoost":0,
	"phaseShieldBoost":10000,
	"cooldownNormal":6,
	"cooldownLiquid":3,
	"liquidCapacity": 300,
	"cooldownBrokenBase":3,
	"itemCapacity":20,
	"coolantConsumption":0.5,
	"absorbEffect":{
		"type": "ParticleEffect",
		"particles": 1,
		"sizeFrom": 5,
		"sizeTo": 0,
		"length": 0,
		"baseLength": 0,
		"lifetime": 180,
		"colorFrom": "FEEBB3FF",
		"colorTo": "FEEBB300"},
	"consumes":{"power":10},
	"requirements":[
	{ "item":"lead","amount":800},
	{ "item":"silicon","amount":650},
	{ "item":"plastanium","amount":650},
	{ "item":"硅钢","amount":500},
	{ "item":"surge-alloy","amount":350},
	{ "item":"泰勒合金","amount":150},
	{ "item":"二级协议","amount":1}
	],
	"research": "铁幕",
	"category": "effect"
}