{
	"name": "过载投影仪",
	"description": "提供极高超载场，需要超容量载体和持续供冷。[yellow]不支持长时间开机。[red]否则电力负载将无法承受且部分工厂会因此宕机。",
	"type": "OverdriveProjector",
	"health": 780,
	"size": 3,
	"range": 160,
	"useTime":30,
	"phaseRangeBoost":0,
	"speedBoostPhase":0,
	"speedBoost": 35,
	"itemCapacity": 50,
	"liquidCapacity": 60,
	"hasBoost":false,
	"canOverdrive": false,
	"consumes": {
		"power": 2400,
		"liquid":{"liquid":"cryofluid","amount":"42"},
	"items":{	"items":[
	{"item":"泰勒合金","amount":20}],
		"booster":false,
		"optional":false
	}
		},
		"destroyBullet": {
			"type": "BasicBulletType",
			"splashDamageRadius": 160,
			"splashDamage": 4800,
			"status": "碎解",
			"statusDuration": 5184000,
			"makeFire": true,
			"hitEffect": {
				"type": "WaveEffect",
				"lifetime": 20,
				"sizeFrom": 24,
				"sizeTo": 160,
				"strokeFrom": 20,
				"strokeTo": 0,
				"colorFrom": "FF5B5B",
				"colorTo": "FF5B5B"
			},
			"despawnEffect": {
				"type": "MultiEffect",
				"effects": [
	{"type": "ParticleEffect",
	"particles": 35,
	"interp": "pow10Out",
	"sizeInterp": "pow5In",
	"region":"饱和火力-菱形",
	"sizeFrom": 25,
	"sizeTo": 0,
	"length": 160,
	"baseLength": 0,
	"lifetime": 250,
	"colorFrom": "FF5B5B",
	"colorTo": "FF5B5B70",
	"cone": 360
		},
	{"type": "ParticleEffect",
	"particles": 30,
	"interp": "pow10Out",
	"sizeInterp": "pow5In",
	"sizeFrom": 20,
	"sizeTo": 0,
	"length": 180,
	"baseLength": 0,
	"lifetime": 300,
	"colorFrom": "FF5B5B",
	"colorTo": "FF5B5B70",
	"cone": 360
		},
		{"type": "ParticleEffect",
		"particles": 12,
		"line": true,
		"strokeFrom": 3,
		"strokeTo": 0,
		"lenFrom": 200,
		"lenTo": 0,
		"length": -10,
		"baseLength": 50,
		"lifetime": 30,
		"colorFrom": "FF5B5B",
		"colorTo": "FF5B5B",
		"cone": 360},
	{"type": "ParticleEffect",
	"particles": 1,
	"sizeFrom": 160,
	"sizeTo": 160,
	"length": 0,
	"baseLength": 0,
	"lifetime": 15,
	"colorFrom": "FF5B5B",
	"colorTo": "FF5B5B00"
		}
	]},
			"backColor": "FF5B5BFF",
			"frontColor": "FF5B5BFF",
			"width": 0,"height": 0,
			"collides":false,
			"hittable":false,
			"absorbable":false,
			"instantDisappear":true,
			"hitSound": "DBZ1"
		},
	"requirements": [
		"metaglass/120","镄/720",
		"silicon/500","硅钢/250",
		"泰勒合金/200","三级协议/10"
	],
	"category": "effect",
	"research":"战研"
}