{
	"type": "ItemTurret",
	"name": "刺霾",
	"description": "发射相位波段级穿甲弹，需要固定种类的弹药供给。\n[stat]对大型装甲单位有相当高的毁灭效率。",
	"details":"[red]同时拥有更大的消耗······\n[white]我们不确定还能维护多少这种大家伙多长时间，它的消耗能力实在太强了，无论是对敌人、还是对我们",
	"health": 27000,
	"armor": 18,
	"size": 6,
	"reload": 230,
	"range": 496,
	"recoilTime": 100,
	"recoil": 3,
	"cooldownTime": 180,
	"shake": 8,
	"minWarmup": 0.9,
	"drawer":{
		"type":"DrawTurret",
		"parts":[
			{
				"type": "RegionPart",
				"mirror": false,
				"suffix": "-管",
				"under":true,
				"moveY":6,
				"moves": [{
					"progress": "recoil",
					"y": -16}],
				"progress": "warmup",
				"heatProgress": "recoil",
				"heatColor": "FF7055"
			},
			{
				"type": "RegionPart",
				"mirror": true,
				"suffix": "-后2",
				"x":16,
				"y":-8,
				"progress": "recoil",
				"moveX": 4,
				"moveY": -4
			},
			{
				"type": "RegionPart",
				"mirror": true,
				"suffix": "-后1",
				"x":12,
				"y":-16,
				"progress": "recoil",
				"moveX": 4,
				"moveY": -4
			}
		]},
	"consumes": {
		"coolant": {
			"amount": 4,
			"optional": true
		}
	},
	"coolantMultiplier": 0.25,
	"liquidCapacity": 40,
	"shootSound": "mediumCannon",
	"ammoUseEffect": {
		"type":"MultiEffect",
		"effects":[
	{
		"type": "ParticleEffect",
		"particles": 1,
		"line": true,
		"interp":"pow10Out",
		"sizeInterp":"pow5In",
		"strokeFrom": 10,
		"strokeTo": 0,
		"lenFrom": 16,
		"lenTo": 0,
		"length": -48,
		"layer":49,
		"randLength": false,
		"baseLength": -10,
		"lifetime": 80,
		"colorFrom": "FFE176",
		"colorTo": "737373",
		"cone": 20
	},
	{
		"type": "ParticleEffect",
		"particles": 16,
		"sizeFrom": 14,
		"sizeTo": 0,
		"interp": "pow10Out",
		"sizeInterp": "pow10In",
		"length": 60,
		"baseLength": 20,
		"lifetime": 125,
		"colorFrom": "73737390",
		"colorTo": "73737350",
		"cone": 360,
		"layer":41},
	{
		"type": "ParticleEffect",
		"particles": 23,
		"sizeFrom": 9,
		"sizeTo": 0,
		"interp": "pow10Out",
		"sizeInterp": "pow10In",
		"length": 60,
		"baseLength": 20,
		"lifetime": 125,
		"colorFrom": "73737390",
		"colorTo": "73737350",
		"cone": 360,
		"layer":41}
	]},
	"targetGround": true,
	"targetAir": false,
	"inaccuracy": 0,
	"rotateSpeed": 2.3,
	"maxAmmo": 36,
	"ammoPerShot": 36,
	"ammoTypes": {
		"铬": {
			"type": "BasicBulletType",
			"collidesAir":false,
			"ammoMultiplier": 1,
			"speed": 40,
			"drag": 0.05,
			"lifetime": 18,
			"sprite":"missile-large",
			"backColor":"666484",
			"trailColor":"666484", 
			"trailLength": 4.3,
			"trailWidth": 3,
			"width": 16,
			"height": 25,
			"shrinkY":0.1,
			"damage": 2052,
			"pierceArmor": true,
			"hitShake":6,
			"trailChance": 1,
			"trailInterval": 1,
			"trailEffect": {
				"type": "WaveEffect",
				"startDelay":1,
				"lifetime": 20,
				"sizeFrom": 3,
				"sizeTo": 24,
				"interp":"circleOut",
				"strokeFrom": 6,
				"strokeTo": 0,
				"colorFrom": "ffffff",
				"colorTo": "EEC591"
			},
			"shootEffect": "bigShockwave",
			"smokeEffect":
			{"type": "ParticleEffect",
			"particles": 7,
			"sizeFrom": 8,
			"sizeTo": 0,
			"interp": "pow10Out",
			"sizeInterp": "pow5In",
			"length": 75,
			"baseLength": 3,
			"lifetime": 100,
			"colorFrom": "FF7055",
			"colorTo": "666484",
			"cone": 10},
			"hitEffect": {
				"type": "ParticleEffect",
				"particles": 15,
				"line": true,
				"interp":"pow10Out",
				"sizeInterp":"pow10In",
				"strokeFrom": 4.5,
				"strokeTo": 0,
				"lenFrom": 16,
				"lenTo": 0,
				"length": 100,
				"baseLength": 0,
				"lifetime": 10,
				"colorFrom": "FFE176",
				"colorTo": "FFE176",
				"cone": 60
			},
			"hitSound":"shootSmite",
			"hitSoundVolume":3,
			"despawnEffect": {
				"type":"MultiEffect",
				"effects":[
					{"type": "ParticleEffect",
					"particles": 7,
					"sizeFrom": 16,
					"sizeTo": 0,
					"interp": "pow10Out",
					"sizeInterp": "pow5In",
					"length": 85,
					"baseLength": 3,
					"layer":99,
					"lifetime": 120,
					"colorFrom": "737373",
					"colorTo": "73737380",
					"cone": 30},
					{"type": "ParticleEffect",
					"particles": 14,
					"sizeFrom": 9,
					"sizeTo": 0,
					"interp": "pow10Out",
					"sizeInterp": "pow5In",
					"length": 85,
					"baseLength": 3,
					"layer":99,
					"lifetime": 120,
					"colorFrom": "737373",
					"colorTo": "73737380",
					"cone": 30},
						{"type": "WaveEffect",
						"lifetime": 22,
						"sizeFrom": 0,
						"sizeTo": 80,
						"strokeFrom": 30,
						"strokeTo": 10,
						"colorFrom": "FFFFFF70",
						"colorTo": "FFFFFF00"}
				]
			},
			"knockback": 36,
			"fragBullets": 8,
			"fragRandomSpread": 45,
			"fragBullet": {
				"hitEffect": "none",
				"status":"slow",
				"statusDuration":9,
				"shrinkY":1,
				"width": 10,
				"height": 12,
				"damage": 88,
				"knockback": 9,
				"lifetime": 12,
				"speed": 9
			}
		},
		"莱普合金": {
			"type": "BasicBulletType",
			"collidesAir":false,
			"rangeChange":48,
			"ammoMultiplier": 3,
			"speed": 44,
			"drag": 0.05,
			"lifetime": 19,
			"sprite":"missile-large",
			"backColor":"5C5D79",
			"trailColor":"5C5D79",
			"trailLength": 5.5,
			"trailWidth": 3,
			"width": 18,
			"height": 27,
			"shrinkY":0.1,
			"damage": 6201,
			"status":"崩溃",
			"statusDuration":360,
			"pierceArmor": true,
			"pierce": true,
			"pierceCap": 2,
			"hitShake":6,
			"trailChance": 1,
			"trailInterval": 0.5,
			"trailEffect": {
				"type": "WaveEffect",
				"startDelay":1,
				"lifetime": 20,
				"sizeFrom": 3,
				"sizeTo": 24,
				"interp":"circleOut",
				"strokeFrom": 6,
				"strokeTo": 0,
				"colorFrom": "ffffff",
				"colorTo": "EEC591"
			},
			"shootEffect": "bigShockwave",
			"smokeEffect":
			{"type": "ParticleEffect",
			"particles": 9,
			"sizeFrom": 8,
			"sizeTo": 0,
			"interp": "pow10Out",
			"sizeInterp": "pow5In",
			"length": 75,
			"baseLength": 3,
			"lifetime": 100,
			"colorFrom": "FF7055",
			"colorTo": "5C5D79",
			"cone": 10},
			"hitEffect": {
				"type": "ParticleEffect",
				"particles": 22,
				"line": true,
				"interp":"pow10Out",
				"sizeInterp":"pow10In",
				"strokeFrom": 5,
				"strokeTo": 0,
				"lenFrom": 23,
				"lenTo": 0,
				"length": 120,
				"baseLength": 0,
				"lifetime": 10,
				"colorFrom": "FFE176",
				"colorTo": "FFE176",
				"cone": 60
			},
			"hitSound":"shootSmite",
			"hitSoundVolume":3,
			"despawnSound":"explosion",
			"despawnEffect": {
				"type":"MultiEffect",
				"effects":[
					{"type": "ParticleEffect",
					"particles": 7,
					"sizeFrom": 16,
					"sizeTo": 0,
					"interp": "pow10Out",
					"sizeInterp": "pow5In",
					"length": 85,
					"baseLength": 3,
					"layer":99,
					"lifetime": 180,
					"colorFrom": "737373",
					"colorTo": "73737380",
					"cone": 30},
					{"type": "ParticleEffect",
					"particles": 14,
					"sizeFrom": 9,
					"sizeTo": 0,
					"interp": "pow10Out",
					"sizeInterp": "pow5In",
					"length": 85,
					"baseLength": 3,
					"layer":99,
					"lifetime": 180,
					"colorFrom": "737373",
					"colorTo": "73737380",
					"cone": 30},
						{"type": "WaveEffect",
						"lifetime": 10,
						"sizeFrom": 0,
						"sizeTo": 80,
						"strokeFrom": 30,
						"strokeTo": 10,
						"colorFrom": "FFFFFF70",
						"colorTo": "FFFFFF00"}
				]
			}
		}
	},
	"requirements": [
		"镄/2500",
		"silicon/880",
		"blast-compound/500",
		"裂位能/530",
		"莱普合金/850",
		"二级协议/75",
		"三级协议/15"
	],
	"category": "turret",
	"research": "怨灵"
}