{
	"type": "PowerTurret",
	"name": "光阴",
	"description": "发射由纯能量包裹的重氢弹，造成小型聚变爆炸",
	"details": "让氚核飞~",
	"targetAir": true,
	"targetGround": true,
	"armor":6,
	"health": 5350,
	"size": 6,
	"shake": 5,
	"inaccuracy": 0,
	"recoil": 6,
	"cooldownTime": 120,
	"liquidCapacity": 60,
	"canOverdrive": false,
	"recoilTime": 100,
	"reload": 92,
	"rotateSpeed": 2,
	"range": 700,
	"shoot": {
		"shots": 6,
		"shotDelay": 2,
		"type": "ShootAlternate",
		"barrels": 2,
		"spread": 16
	},
	"coolantMultiplier": 0.92,
	"shootSound": "laser",
	"shootEffect": {
		"type": "ParticleEffect",
		"particles": 5,
		"sizeFrom": 4,
		"sizeTo": 0,
		"length": 24,
		"baseLength": 0,
		"lifetime": 15,
		"colorFrom": "FEEBB3FF",
		"colorTo": "FEEBB3FF",
		"cone": 30
	},
	"shootType": {
		"type": "BasicBulletType",
		"damage": 90,
		"status":"崩溃",
		"statusDuration":18,
		"lifetime": 45,
		"speed": 15,
		"width":18,  "height":24,
		"hitSize":40,
		"frontColor":"FFFFFF",
		"backColor":"FEEBB3FF",
		"trailLength":8,
		"trailWidth":3.6,
		"trailColor":"FEEBB3FF", 
		"ammoMultiplier": 1,
		"hitSound": "lasercharge2",
	"hitEffect":{"type": "MultiEffect",
	"effects": [
		{"type": "ParticleEffect",
		"particles": 7,
		"sizeFrom": 0,
		"sizeTo": 2,
		"length": -66,
		"baseLength": 66,
		"lifetime": 15,
		"colorFrom": "FEEBB380",
		"colorTo": "FEEBB3",
		"cone": 360},
		{"type": "ParticleEffect",
		"particles": 1,
		"sizeFrom": 0,
		"sizeTo": 9,
		"length": 0,
		"baseLength": 0,
		"lifetime": 15,
		"colorFrom": "FEEBB380",
		"colorTo": "FEEBB3",
		"cone": 360},
		{"type": "WaveEffect",
		"lifetime": 10,
		"sizeFrom": 70,
		"sizeTo": 0,
		"strokeFrom":3,
		"strokeTo":0,
		"colorFrom":"FEEBB3FF",
		"colorTo": "FEEBB3FF"}
		]},
		"despawnEffect":"none",
		"smokeEffect": "smokeCloud",
		"trailChance":1,
		"trailInterval":25,
		"trailEffect": {
			"type": "ParticleEffect",
			"particles": 2,
			"length": 10,
			"baseLength": 16,
			"lifetime": 20,
			"sizeFrom": 4,
			"sizeTo": 0,
			"colorFrom": "FEEBB350",
			"colorTo": "FEEBB3",
			"cone": 360},
	"fragLifeMin":1,
	"fragBullets":1,
	"fragBullet":{
		"lifetime": 15,
		"speed": 0,
		"collides":false,
		"hittable":false,
		"absorbable":false,
		"status":"崩溃",
		"statusDuration":180,
		"buildingDamageMultiplier":3,
		"splashDamageRadius": 66.4,
		"splashDamage": 225,
		"hitShake":7,
		"hitSound": "plasmaboom",
	"hitEffect":{"type": "MultiEffect",
		"effects": [
			{"type": "ParticleEffect",
			"particles": 4,
			"sizeFrom": 15,
			"sizeTo": 0,
			"length": 20,
			"baseLength": 48,
			"lifetime": 25,
			"colorFrom": "FEEBB380",
			"colorTo": "FEEBB300",
			"cone": 360},
			{"type": "ParticleEffect",
				"particles": 22,
				"line": true,
				"strokeFrom": 3,
				"strokeTo": 0,
				"lenFrom": 20,
				"lenTo": 0,
				"length": 63,
				"baseLength": 0,
				"lifetime": 20,
				"colorFrom": "FEEBB3FF",
				"colorTo": "FEEBB3FF",
				"cone": 360},
			{"type": "WaveEffect",
			"lifetime": 25,
			"sizeFrom": 0,
			"sizeTo": 66,
			"strokeFrom":3,
			"strokeTo":0,
			"colorFrom":"FEEBB3FF",
			"colorTo": "FEEBB3FF"}
			]},
	"despawnEffect":"none"
	}
	},
	"consumes": {
		"power": 46,
		"coolant": {
			"amount": 1.75,
			"optional": true
		}
	},
	"category": "turret",
	"research": "漫游",
	"requirements": [
		"镄/520",
		"metaglass/200",
		"硅钢/400",
		"泰勒合金/340",
		"二级协议/3"
		]
}