{
	"name": "离子钻头",
	"description": "装配4台比激光切割机效率更高的离子切割器，全部启动会导致热量过高，需要水来辅助散热以达到最高效率",
	"type": "Drill",
	"size": 3,
	"tier": 8,
	"health": 550,
	"rotateSpeed":2,
	"warmupSpeed":0.06,
	"itemCapacity": 15,
	"liquidCapacity": 20,
	"canOverdrive": false,
	"drawRim":true,
	"hasItems": true,
	"drillTime": 32,  
	"updateEffect": "mineBig",
	"liquidBoostIntensity": 1.6,
	"consumes": {
	"power":3,
	"liquid": {
       "liquid": "water",
       "amount": 0.1,
       "booster": true,
       "optional": true
        }
	},
	"requirements": [
		{ "item": "copper", "amount": 80 },
		{ "item": "graphite", "amount": 55 },
		{ "item": "硅钢", "amount": 20  },
		{ "item": "silicon", "amount": 30 }
	],
	"category": "production",
	"research": "前哨基地"
}
