{
	"health":22000,
	"legSplashDamage":40,
	"legSplashRange":30,
	"weapons":[
	{"name":"血蛭1",
	"top":true,
	"shootY":7,
	"reload":13.5,
	"ejectEffect":"none",
	"recoil":2,
	"x":4,"y":8,
	"shootSound":"sap",
	"rotate":true,
	"rotateSpeed":3,
	"bullet":{
	"type": "SapBulletType",
	"pierceArmor":true,
	"shootEffect":"shootSmall",
	"lifetime":30,
	"sapStrength":1.35,
	"length":60,
	"width":0.55,
	"knockback":-1.1,
	"statusDuration":200,
	"status":"sapped",
	"damage": 38,
	"color":"A278E1FF",
	"lightColor":"A278E1FF",
	"hitColor":"bf92f9",
	"despawnEffect":"none"
	}},
	{"name":"血蛭1",
	"top":true,
	"shootY":4,
	"reload":14,
	"ejectEffect":"none",
	"recoil":2,
	"x":9,"y":6,
	"shootSound":"sap",
	"rotate":true,
	"rotateSpeed":3,
	"bullet":{
	"type": "SapBulletType",
	"pierceArmor":true,
	"shootEffect":"shootSmall",
	"lifetime":30,
	"sapStrength":1.35,
	"length":60,
	"width":0.55,
	"knockback":-1.1,
	"statusDuration":200,
	"status":"sapped",
	"damage": 40,
	"color":"A278E1FF",
	"lightColor":"A278E1FF",
	"hitColor":"bf92f9",
	"despawnEffect":"none"
	}},
	{"name":"血蛭1",
	"top":true,
	"shootY":4,
	"reload":22,
	"ejectEffect":"none",
	"recoil":2,
	"x":14,"y":0,
	"shootSound":"sap",
	"rotate":true,
	"rotateSpeed":3,
	"bullet":{
	"type": "SapBulletType",
	"pierceArmor":true,
	"shootEffect":"shootSmall",
	"lifetime":30,
	"sapStrength":1.35,
	"length":60,
	"width":0.55,
	"knockback":-1.1,
	"statusDuration":200,
	"status":"sapped",
	"damage": 42,
	"color":"A278E1FF",
	"lightColor":"A278E1FF",
	"hitColor":"bf92f9",
	"despawnEffect":"none"
	}},
	{"name":"毒蛊1",
	"top":true,
	"shootY":7,
	"reload":30,
	"ejectEffect":"casing2",
	"recoil":3,
	"shake":3,
	"x":9,"y":-7,
	"rotate":true,
	"rotateSpeed":2,
	"shootSound":"artillery",
	"bullet":{
	"type": "BasicBulletType",
	"shootEffect":"shootSmall",
	"smokeEffect":"shootBigSmoke2",
	"speed":7.7,
	"lifetime":30,
	"width":16,
	"height":19,
	"frontColor":"ffffff",
	"backColor":"A278E1FF",
	"trailLength":6,
	"trailWidth":3.3,
	"trailColor":"A278E1FF",
	"scaleLife": true,
	"ammoMultiplier":4,
	"damage": 45,
	"splashDamageRadius":80,
	"splashDamage":75,
	"knockback":1,
	"hitShake":5,
	"lightningColor":"A278E1FF",
	"lightningDamage":13,
	"lightning":3,
	"lightningLength":14,
	"hitEffect":
{"type": "MultiEffect",
	"effects": [
		"massiveExplosion",
	{"type": "ParticleEffect",
	"particles": 18,
	"sizeFrom": 9,
	"sizeTo": 0,
	"length": 35,
	"baseLength": 43,
	"lifetime": 35,
	"colorFrom": "A278E180",
	"colorTo": "A278E100",
	"cone": 360},
	{"type": "WaveEffect",
	"lifetime": 10,
	"sizeFrom": 1,
	"sizeTo": 80,
	"strokeFrom": 2,
	"strokeTo": 0,
	"colorFrom": "A278E1FF",
	"colorTo": "ffffff"}]},
	"status":"sapped",
	"statusDuration":180,
	"despawnEffect":"none"
	}}
	]
}