{
	"health":1700,
	"armor":7,
	"speed":0.62,
	"weapons":[
	{"name":"血蛭1",
	"top":false,
	"shootY":4,
	"reload":12,
	"ejectEffect":"none",
	"recoil":2,
	"x":8.5,"y":-1.5,
	"shootSound":"sap",
	"bullet":{
	"type": "SapBulletType",
	"shootEffect":"shootSmall",
	"lifetime":30,
	"sapStrength":0.8,
	"length":80,
	"width":0.54,
	"knockback":-1.3,
	"statusDuration":150,
	"status":"sapped",
	"damage": 25,
	"color":"A278E1FF",
	"lightColor":"A278E1FF",
	"hitColor":"bf92f9",
	"despawnEffect":"none"
	}},
{"name":"血蛭2",
	"top":false,
	"shootY":4,
	"reload":10,
	"ejectEffect":"none",
	"recoil":2,
	"rotate":true,
	"x":4,"y":3,
	"shootSound":"sap",
	"bullet":{
	"type": "SapBulletType",
	"shootEffect":"shootSmall",
	"lifetime":30,
	"sapStrength":0.8,
	"length":50,
	"width":0.5,
	"knockback":-1,
	"statusDuration":300,
	"status":"sapped",	
	"damage": 23,
	"color":"A278E1FF",
	"lightColor":"A278E1FF",
	"hitColor":"bf92f9",
	"despawnEffect":"none"
	}}
	]
}