{
	"type": "naval",
	"name": "天罡",
	"description": "发射密集的海空导弹，装载原型漫游撞击炮。",
	"speed":0.7,	
	"rotateSpeed":0.8,
	"ammoType":"surge-alloy",
	"ammoCapacity": 400,
	"hitSize":50, 
	"health": 23000,
	"armor":10, 
	"trailLength":36,
    "waveTrailX":14,
    "waveTrailY":-30,
    "trailScl":2.8,
	"faceTarget": false,
	"research": "海3",
	"requirements": {
		"block": "exponential-reconstructor", 
		"previous": "海3"
	},
	"weapons":[ 
{	"name": "天罡1",
	"reload": 15, 	
    "x": 0,  "y": -8, 
    "shootY":4,
    "rotate": true,
    "rotateSpeed":9,
    "mirror":false,
	"alternate": true,
    "inaccuracy": 3,
	"shootSound": "shotgun",
	"shake":1,
	"bullet":{
    "damage":86,
    "splashDamage":55,
    "splashDamageRadius":35, 
    "buildingDamageMultiplier":2.5,
	"status":"崩溃",
    "statusDuration":300,
    "speed":15, "lifetime":21,
    "frontColor":"FEEBB3FF",	
    "backColor":"FFFFFF",
    "trailLength":12,
	"trailWidth":1.5,
    "trailColor":"FEEBB3FF",
	"hitSound":"laser",
	"shootEffect":  {     
    "type": "ParticleEffect",
    "particles": 9,
    "sizeFrom": 2,
    "sizeTo": 0,
    "length": 40,
    "baseLength": 0,
    "lifetime": 30,
    "colorFrom": "FEEBB3FF",
    "colorTo": "FFFFFF",
    "cone": 50
	   },
    "smokeEffect": "bigShockwave",
    "width":5,	 "height":35,
    "hitEffect":"instBomb",
    "despawnEffect":"instBomb"
	}},
{"name":"对空3",
	"mirror":false,
	"x":10,"y":14,
	"reload":20,
	"shootCone":60,
	"shoot": {
        "shots": 3,
        "shotDelay": 4
    },
	"shootSound":"missile",
	"rotate": true,
	"rotateSpeed":6,
	"inaccuracy":10,
	"xRand":3,
	"controllable":false,
	"autoTarget":true,
	"bullet":{
	"type":"FlakBulletType",
	"damage": 23,
	"homingDelay":8,
	"splashDamageRadius":30,
	"splashDamage":55,
	"homingRange": 100,
	"homingPower": 0.2,
	"hitEffect":"flakExplosion",
	"despawnEffect":"flakExplosion",
    "sprite":"饱和火力-落雁",  
    "trailLength":8,
	"trailWidth":1,
	"trailEffect":"none",
	"trailColor":"FFFFFF",
    "backColor":"FF5B5BFF",
    "frontColor":"E3E3E3",
    "width": 8,	"height": 45,
	"speed": 8,	"lifetime": 52}},
{"name":"对空3",
	"mirror":false,
	"x":-10,"y":14,
	"reload":20,
	"shootCone":60,
	"shoot": {
        "shots": 3,
        "shotDelay": 4
    },
	"shootSound":"missile",
	"rotate": true,
	"rotateSpeed":6,
	"inaccuracy":10,
	"xRand":3,
	"controllable":false,
	"autoTarget":true,
	"bullet":{
	"type":"FlakBulletType",
	"damage": 23,
	"homingDelay":8,
	"splashDamageRadius":30,
	"splashDamage":55,
	"homingRange": 100,
	"homingPower": 0.2,
	"hitEffect":"flakExplosion",
	"despawnEffect":"flakExplosion",
    "sprite":"饱和火力-落雁",  
    "trailLength":8,
	"trailWidth":1,
	"trailEffect":"none",
	"trailColor":"FFFFFF",
    "backColor":"FF5B5BFF",
    "frontColor":"E3E3E3",
    "width": 8,	"height": 45,
	"speed": 8,	"lifetime": 52}},
{"name":"对空3",
	"mirror":false,
	"x":14,"y":-22,
	"reload":25,
	"shootCone":60,
	"shoot": {
        "shots": 3,
        "shotDelay": 4
    },
	"shootSound":"missile",
	"rotate": true,
	"rotateSpeed":6,
	"inaccuracy":10,
	"xRand":3,
	"controllable":false,
	"autoTarget":true,
	"bullet":{
	"type":"FlakBulletType",
	"damage": 23,
	"homingDelay":8,
	"splashDamageRadius":30,
	"splashDamage":55,
	"homingRange": 100,
	"homingPower": 0.2,
	"hitEffect":"flakExplosion",
	"despawnEffect":"flakExplosion",
    "sprite":"饱和火力-落雁",  
    "trailLength":8,
	"trailWidth":1,
	"trailEffect":"none",
	"trailColor":"FFFFFF",
    "backColor":"FF5B5BFF",
    "frontColor":"E3E3E3",
    "width": 8,	"height": 45,
	"speed": 8,	"lifetime": 52}},
{"name":"对空3",
	"mirror":false,
	"x":-14,"y":-22,
	"reload":25,
	"shootCone":60,
	"shoot": {
        "shots": 3,
        "shotDelay": 4
    },
	"shootSound":"missile",
	"rotate": true,
	"rotateSpeed":6,
	"inaccuracy":10,
	"xRand":3,
	"controllable":false,
	"autoTarget":true,
	"bullet":{
	"type":"FlakBulletType",
	"damage": 23,
	"homingDelay":8,
	"splashDamageRadius":30,
	"splashDamage":55,
	"homingRange": 100,
	"homingPower": 0.2,
	"hitEffect":"flakExplosion",
	"despawnEffect":"flakExplosion",
    "sprite":"饱和火力-落雁",  
    "trailLength":8,
	"trailWidth":1,
	"trailEffect":"none",
	"trailColor":"FFFFFF",
    "backColor":"FF5B5BFF",
    "frontColor":"E3E3E3",
    "width": 8,	"height": 45,
	"speed": 8,	"lifetime": 52}},
	{
	"name": "突袭1",
	"type":"PointDefenseWeapon",
	"x": 0,
	"y": 12,
	"rotate": true,
	"rotateSpeed": 9,
	"mirror": false,
	"shootY":4,
	"inaccuracy": 0,
	"shootSound": "laserShoot",
	"recoil":0.6,
    "reload":2,
    "targetInterval":2,
    "targetSwitchInterval":2,
    "bullet":{
	"speed": 24,"lifetime": 10,
    "shootEffect":"sparkShoot",
    "hitEffect":"pointHit",
    "maxRange":240,
    "damage":16}
			}	]
}