{
	"type": "ItemTurret",
	"name": "缉踪",
	"description": "发射密集的小型集束追踪防空导弹，极易被拦截。索引雷达耗能较高，仅在交火时启动。",
	"health": 2780,
	"size": 5,
	"reload": 120,
	"shootSound":"missileLarge",
	"shake":2,
	"consumes": {
		"power":16
	},
	"minWarmup": 0.8,
	"shootWarmupSpeed": 0.02,
	"shootY":0,
	"outlineColor":"2d2f39",
	"shoot":{
		"shots":8,
		"shotDelay":4,
		"type":"ShootBarrel",
        "barrels":[
            12,11,-45,
			12,-13,-135,
			-12,11,45,
			-12,-13,135
        ]},
	"targetGround":false,
	"targetAir":true,
	"range": 564.4,
    "fogRadiusMultiuplier":1.55,
	"recoil": 0,
	"drawer":{"type":"DrawTurret",
    "basePrefix":"reinforced-",
	"parts":[
		{"type":"RegionPart",
		"mirror":true,
		"under":true,
		"x":12,"y":12,
		"suffix":"-前",
		"moveX":-11,
		"moveY":-10},
		{"type":"RegionPart",
		"mirror":true,
		"under":true,
		"x":12,"y":-12,
		"suffix":"-后",
		"moveX":-11,
		"moveY":12},
		{"type": "HaloPart",
        "progress": "warmup",
		"moveX":-16,"moveY":15,
        "rotateSpeed": 0,
        "shapeRotation":45,
        "sides": 3,
        "shapes": 1,
        "color": "ffffff00",
        "colorTo":"c0ecff",
		"layer":110,
        "tri": true,
        "radius": 0,
        "radiusTo": 10,
        "triLength": 0,
        "triLengthTo": 16,
        "haloRadius": 0,
        "haloRotation": 0},
		{"type": "HaloPart",
        "progress": "warmup",
		"moveX":16,"moveY":15,
        "rotateSpeed": 0,
        "shapeRotation":-45,
        "sides": 3,
        "shapes": 1,
        "color": "ffffff00",
        "colorTo":"c0ecff",
		"layer":110,
        "tri": true,
        "radius": 0,
        "radiusTo": 10,
        "triLength": 0,
        "triLengthTo": 16,
        "haloRadius": 0,
        "haloRotation": 0},
		{
			"type": "ShapePart",
			"progress": "warmup",
			"colorTo":"c0ecff",
			"color": "c0ecff",
			"layer":110,
			"stroke": 0,
			"strokeTo": 2,
			"circle": true,
			"hollow": true,
			"radius": 0,
			"radiusTo": 55
		},
		{
			"type": "HaloPart",
			"progress": "warmup",
			"sides": 3,
			"shapes": 4,
			"color": "ffffff00",
			"colorTo":"c0ecff",
			"layer":110,
			"tri": true,
			"radius": 0,
			"radiusTo": 8,
			"triLength": 0,
			"triLengthTo":30,
			"haloRadius": 0,
			"haloRadiusTo": 55,
			"haloRotation": 0,
			"haloRotateSpeed": -0.9
			},
		{"type": "HaloPart",
        "progress": "warmup",
		"moveX":16,"moveY":-17,
        "rotateSpeed": 0,
        "shapeRotation":-135,
        "sides": 3,
        "shapes": 1,
        "color": "ffffff00",
        "colorTo":"c0ecff",
		"layer":110,
        "tri": true,
        "radius": 0,
        "radiusTo": 10,
        "triLength": 0,
        "triLengthTo": 16,
        "haloRadius": 0,
        "haloRotation": 0},
		{"type": "HaloPart",
        "progress": "warmup",
		"moveX":-16,"moveY":-17,
        "rotateSpeed": 0,
        "shapeRotation":135,
        "sides": 3,
        "shapes": 1,
        "color": "ffffff00",
        "colorTo":"c0ecff",
		"layer":110,
        "tri": true,
        "radius": 0,
        "radiusTo": 10,
        "triLength": 0,
        "triLengthTo": 16,
        "haloRadius": 0,
        "haloRotation": 0}
	]},
	"inaccuracy": 20,
	"shootCone":360,
	"rotateSpeed": 1.66,
	"maxAmmo":32,
	"ammoPerShot": 8,
	"consumeAmmoOnce":false,
	"ammoTypes": {
		"silicon":{
			"ammoMultiplier": 1,
			"smokeEffect":"shootSmallFlame",
			"spawnUnit":"缉踪导弹"
			}
    },
	"requirements": [
		"silicon/550",
		"beryllium/300",
		"oxide/230",
		"thorium/330",
		"tungsten/180",
		"carbide/90"
	],
	"category": "turret",
	"research": {
        "parent": "disperse",
        "objectives": [
            {
                "type": "SectorComplete",
                "preset": "caldera-erekir"
            }
        ]
    }
}
