{
	"type": "ItemTurret",
	"name": "气溶胶扩散塔",
	"description": "裂爆液体桶并将其扩散到射程范围内，使用水桶、冷冻液桶时可以灭火。",
	"health": 3300,
	"size": 6,
	"reload": 180,
	"range": 208,
	"maxAmmo": 18,
	"consumes": {
		"power": 8
	},
	"drawer": {
		"type": "DrawTurret",
		"parts": [
			{"type":"RegionPart",
			"mirror":true,
			"x":11,"y":11,
			"suffix":"-前",
			"under":true,
			"moveX":2,
			"moveY":2,
			"moves":[{
				"heatProgress": "recoil",
				"heatColor": "FFD19780",
				"progress":"recoil",
				"x":4,"y":4
			}]},
			{"type":"RegionPart",
			"mirror":true,
			"x":11,"y":-11,
			"suffix":"-后",
			"under":true,
			"moveX":2,
			"moveY":-2,
			"moves":[{
				"heatProgress": "recoil",
				"heatColor": "FFD19780",
				"progress":"recoil",
				"x":4,"y":-4
			}]}
		]},
	"minWarmup": 0.9,
	"shake": 5,
	"recoil": 0,
	"recoilTime": 160,
	"cooldownTime":120,
	"heatColor": "FFD197A0",
	"shootSound": "release",
	"inaccuracy": 360,
	"shootCone": 360,
	"rotateSpeed": 0,
	"shoot": {
		"type": "ShootSpread",
		"shots": 720
	},
	"shootY": 0,
	"ammoPerShot": 6,
	"velocityRnd": 0.6,
	"ammoUseEffect":{
		"type": "WaveEffect",
		"lifetime": 25,
		"sizeFrom": 0,
		"sizeTo": 504,
		"strokeFrom": 8,
		"strokeTo": 2,
		"colorFrom": "EEC591",
		"colorTo": "EEC59100"
			},
	"ammoTypes": {
		"水桶": {
			"rangeChange":296,
			"hitSize": 30,
			"type": "LiquidBulletType",
			"hitEffect": {
				"type": "ParticleEffect",
				"particles": 3,
				"interp": "pow5Out",
				"sizeFrom": 5,
				"sizeTo": 0,
				"length": 15,
				"baseLength": 0,
				"lifetime": 18,
				"colorFrom": "596ab8",
				"colorTo": "596ab8",
				"cone": 360
			},
			"puddleSize": 10,
			"orbSize": 6.2,
			"liquid": "water",
			"status": "wet",
			"statusDuration": 600,
			"speed": 60,
			"drag": 0.11,
			"lifetime": 68,
			"knockback": 1.7,
			"absorbable": false,
			"pierce": true,
			"damage": 0.4
		},
		"矿渣桶": {
			"rangeChange":296,
			"hitSize": 30,
			"type": "LiquidBulletType",
			"hitEffect": {
				"type": "ParticleEffect",
				"particles": 3,
				"interp": "pow5Out",
				"sizeFrom": 5,
				"sizeTo": 0,
				"length": 15,
				"baseLength": 0,
				"lifetime": 18,
				"colorFrom": "ffa166",
				"colorTo": "ffa166",
				"cone": 360
			},
			"puddleSize": 10,
			"orbSize": 6.2,
			"liquid": "slag",
			"status": "melting",
			"statusDuration": 600,
			"speed": 60,
			"drag": 0.11,
			"lifetime": 68,
			"knockback": 1.3,
			"absorbable": false,
			"pierce": true,
			"damage": 9.5
		},
		"石油桶": {
			"rangeChange":296,
			"hitSize": 30,
			"type": "LiquidBulletType",
			"layer":98,
			"hitEffect": {
				"type": "ParticleEffect",
				"particles": 3,
				"interp": "pow5Out",
				"sizeFrom": 5,
				"sizeTo": 0,
				"length": 15,
				"baseLength": 0,
				"lifetime": 18,
				"colorFrom": "313131",
				"colorTo": "313131",
				"cone": 360
			},
			"puddleSize": 10,
			"orbSize": 6.2,
			"liquid": "oil",
			"status": "tarred",
			"statusDuration": 600,
			"speed": 60,
			"drag": 0.11,
			"lifetime": 68,
			"knockback": 1.3,
			"absorbable": false,
			"pierce": true,
			"damage": 0.4
		},
		"冷冻液桶": {
			"rangeChange":296,
			"hitSize": 30,
			"type": "LiquidBulletType",
			"hitEffect": {
				"type": "ParticleEffect",
				"particles": 3,
				"interp": "pow5Out",
				"sizeFrom": 5,
				"sizeTo": 0,
				"length": 15,
				"baseLength": 0,
				"lifetime": 18,
				"colorFrom": "6ecdec",
				"colorTo": "6ecdec",
				"cone": 360
			},
			"puddleSize": 10,
			"orbSize": 6.2,
			"liquid": "cryofluid",
			"status": "freezing",
			"statusDuration": 600,
			"speed": 60,
			"drag": 0.11,
			"lifetime": 68,
			"knockback": 1.3,
			"absorbable": false,
			"pierce": true,
			"damage": 0.4
		},
		"纳米流体桶": {
			"rangeChange":296,
			"hitSize": 30,
			"type": "LiquidBulletType",
			"hitEffect": {
				"type": "ParticleEffect",
				"particles": 3,
				"interp": "pow5Out",
				"sizeFrom": 5,
				"sizeTo": 0,
				"length": 15,
				"baseLength": 0,
				"lifetime": 18,
				"colorFrom": "76D081",
				"colorTo": "76D081",
				"cone": 360
			},
			"puddleSize": 10,
			"orbSize": 6.2,
			"liquid": "纳米流体",
			"status": "拆解",
			"statusDuration": 600,
			"speed": 60,
			"drag": 0.11,
			"lifetime": 68,
			"knockback": 0.6,
			"absorbable": false,
			"damage": 1.5,
			"pierce": true,
			"healPercent": 5,
			"collidesTeam": true
		}
	},
	"requirements": [
		"silicon/350",
		"plastanium/90",
		"硅钢/80",
		"裂位能/180",
		"二级协议/0"
	],
	"category": "effect",
	"research": "流冲"
}