{
    "type": "PowerTurret",
    "name": "余温",
    "description": "锁定，充能，消灭。",
    "details": "首台具有快速射击能力的超巨型轨道炮，然而巨大的能耗严重限制了其应用空间",
    "health": 150000,
    "armor":85,
    "accurateDelay": false,
    "size": 16,
    "moveWhileCharging": false,
    "shake": 20,
    "inaccuracy": 0,
    "recoil": 10,
    "cooldownTime": 100,
    "liquidCapacity": 6000,
    "canOverdrive": false,
    "recoilTime": 90,
    //"heatColor":"F2FF9C88",
"minWarmup": 0.88,
"shootWarmupSpeed": 0.0072,
"drawer":{"type":"DrawMulti",
"drawers":[{"type":"DrawTurret",
"parts":[
    {"type":"RegionPart",
    "mirror":true,
    "x":32,"y":0,
    "suffix":"-光",
    "heatColor":"F2FF9C88",
    "heatProgress":"warmup",
    "under":true,
    "moveX":4.75,
    "moveY":51,
    "moveRot":0,
    "moves":[{
        "progress": "recoil",
        "y": -24}]},
    {"type":"RegionPart",
    "mirror":true,
    "x":32,"y":3.75,
    "suffix":"-护",
    "heatProgress":"recoil",
    "under":true,
    "moveX":-10,
    "moveY":-60,
    "moveRot":-50
    },
    {"type":"RegionPart",
    "mirror":true,
    "x":32,"y":3.75,
    "suffix":"-内",
    "heatProgress":"recoil",
    "under":true,
    "moveX":2.5,
    "moveY":6,
    "moves":[{
        "progress": "recoil",
        "y": -38}]},
    {"type":"RegionPart",
    "mirror":true,
    "x":32,"y":3.75,
    "suffix":"-外",
    "heatProgress":"recoil",
    "under":true,
    "moveX":4.75,
    "moveY":6,
    "moves":[{
        "progress": "recoil",
        "y": -20}]},
    {"type":"RegionPart",
    "mirror":true,
    "x":32,"y":3.75,
    "suffix":"-侧底",
    "heatProgress":"recoil",
    "under":true,
    "moveX":7.75,
    "moveY":-2.25
    },
    {"type":"RegionPart",
    "mirror":true,
    "x":32,"y":3.75,
    "suffix":"-侧中",
    "heatProgress":"recoil",
    "under":true,
    "moveX":8.75,
    "moveY":3.25
    },
    {"type":"RegionPart",
    "mirror":true,
    "x":32,"y":3.75,
    "suffix":"-侧",
    "heatProgress":"recoil",
    "under":true,
    "moveX":5.5,
    "moveY":0},

    {"type": "HaloPart",
        "progress": "warmup",
        "rotateSpeed": 0,
        "shapeRotation":0,
        "x":96,"y":-40,
        "sides": 3,
        "shapes": 1,
        "color": "F2FF9C",
        "colorTo":"F2FF9C",
        "tri": true,
        "hollow": true,
        "radius": 0,
        "radiusTo": 20,
        "triLength": 60,
        "triLengthTo": 140,
        "haloRadius": 0,
        "haloRotation": -50,
        "haloRotateSpeed": 0,
        "layer": 110},
    {"type": "HaloPart",
        "progress": "warmup",
        "rotateSpeed": 0,
        "shapeRotation":180,
        "x":96,"y":-40,
        "sides": 3,
        "shapes": 1,
        "color": "F2FF9C",
        "colorTo":"F2FF9C",
        "tri": true,
        "hollow": true,
        "radius": 0,
        "radiusTo": 20,
        "triLength": 20,
        "triLengthTo": 60,
        "haloRadius": 0,
        "haloRotation": -50,
        "haloRotateSpeed": 0,
        "layer": 110},
    {"type": "HaloPart",
        "progress": "warmup",
        "rotateSpeed": 0,
        "shapeRotation":0,
        "x":-96,"y":-40,
        "sides": 3,
        "shapes": 1,
        "color": "F2FF9C",
        "colorTo":"F2FF9C",
        "tri": true,
        "hollow": true,
        "radius": 0,
        "radiusTo": 20,
        "triLength": 60,
        "triLengthTo": 140,
        "haloRadius": 0,
        "haloRotation": 50,
        "haloRotateSpeed": 0,
        "layer": 110},
    {"type": "HaloPart",
        "progress": "warmup",
        "rotateSpeed": 0,
        "shapeRotation":180,
        "x":-96,"y":-40,
        "sides": 3,
        "shapes": 1,
        "color": "F2FF9C",
        "colorTo":"F2FF9C",
        "tri": true,
        "hollow": true,
        "radius": 0,
        "radiusTo": 20,
        "triLength": 20,
        "triLengthTo": 60,
        "haloRadius": 0,
        "haloRotation": 50,
        "haloRotateSpeed": 0,
        "layer": 110},

    {"type": "HaloPart",
        "progress": "warmup",
        "rotateSpeed": 0,
        "shapeRotation":0,
        "x":80,"y":-16,
        "sides": 3,
        "shapes": 1,
        "color": "F2FF9C",
        "colorTo":"F2FF9C",
        "tri": true,
        "hollow": true,
        "radius": 0,
        "radiusTo": 16,
        "triLength": 60,
        "triLengthTo": 100,
        "haloRadius": 0,
        "haloRotation": -30,
        "haloRotateSpeed": 0,
        "layer": 110},
    {"type": "HaloPart",
        "progress": "warmup",
        "rotateSpeed": 0,
        "shapeRotation":180,
        "x":80,"y":-16,
        "sides": 3,
        "shapes": 1,
        "color": "F2FF9C",
        "colorTo":"F2FF9C",
        "tri": true,
        "hollow": true,
        "radius": 0,
        "radiusTo": 16,
        "triLength":0,
        "triLengthTo": 40,
        "haloRadius": 0,
        "haloRotation": -30,
        "haloRotateSpeed": 0,
        "layer": 110},
    {"type": "HaloPart",
        "progress": "warmup",
        "rotateSpeed": 0,
        "shapeRotation":0,
        "x":-80,"y":-16,
        "sides": 3,
        "shapes": 1,
        "color": "F2FF9C",
        "colorTo":"F2FF9C",
        "tri": true,
        "hollow": true,
        "radius": 0,
        "radiusTo": 16,
        "triLength": 60,
        "triLengthTo": 100,
        "haloRadius": 0,
        "haloRotation": 30,
        "haloRotateSpeed": 0,
        "layer": 110},
    {"type": "HaloPart",
        "progress": "warmup",
        "rotateSpeed": 0,
        "shapeRotation":180,
        "x":-80,"y":-16,
        "sides": 3,
        "shapes": 1,
        "color": "F2FF9C",
        "colorTo":"F2FF9C",
        "tri": true,
        "hollow": true,
        "radius": 0,
        "radiusTo": 16,
        "triLength":0,
        "triLengthTo": 40,
        "haloRadius": 0,
        "haloRotation": 30,
        "haloRotateSpeed": 0,
        "layer": 110},

    {"type": "HaloPart",
        "progress": "warmup",
        "rotateSpeed": 0,
        "shapeRotation":0,
        "x":-124,"y":-68,
        "sides": 3,
        "shapes": 1,
        "color": "F2FF9C",
        "colorTo":"F2FF9C",
        "tri": true,
        "hollow": true,
        "radius": 0,
        "radiusTo": 24,
        "triLength": 80,
        "triLengthTo": 180,
        "haloRadius": 0,
        "haloRotation": 73,
        "haloRotateSpeed": 0,
        "layer": 110},
    {"type": "HaloPart",
        "progress": "warmup",
        "rotateSpeed": 0,
        "shapeRotation":180,
        "x":-124,"y":-68,
        "sides": 3,
        "shapes": 1,
        "color": "F2FF9C",
        "colorTo":"F2FF9C",
        "tri": true,
        "hollow": true,
        "radius": 0,
        "radiusTo": 24,
        "triLength":0,
        "triLengthTo": 75,
        "haloRadius": 0,
        "haloRotation": 73,
        "haloRotateSpeed": 0,
        "layer": 110},
    {"type": "HaloPart",
        "progress": "warmup",
        "rotateSpeed": 0,
        "shapeRotation":0,
        "x":124,"y":-68,
        "sides": 3,
        "shapes": 1,
        "color": "F2FF9C",
        "colorTo":"F2FF9C",
        "tri": true,
        "hollow": true,
        "radius": 0,
        "radiusTo": 24,
        "triLength": 80,
        "triLengthTo": 180,
        "haloRadius": 0,
        "haloRotation": -73,
        "haloRotateSpeed": 0,
        "layer": 110},
    {"type": "HaloPart",
        "progress": "warmup",
        "rotateSpeed": 0,
        "shapeRotation":180,
        "x":124,"y":-68,
        "sides": 3,
        "shapes": 1,
        "color": "F2FF9C",
        "colorTo":"F2FF9C",
        "tri": true,
        "hollow": true,
        "radius": 0,
        "radiusTo": 24,
        "triLength":0,
        "triLengthTo": 75,
        "haloRadius": 0,
        "haloRotation": -73,
        "haloRotateSpeed": 0,
        "layer": 110}

]}]},
    "shoot": {
        "type": "ShootPattern",
        "firstShotDelay": 120,
        "shots":3,
        "shotDelay":50
    },
    "shootY":24,
    "shootSound": "largeExplosion",
    "shootEffect": {
        "type": "ParticleEffect",
        "particles": 1,
        "sizeFrom": 20,
        "sizeTo": 100,
        "length": 0,
        "baseLength": 0,
        "lifetime": 45,
        "colorFrom": "F2FF9C",
        "colorTo": "F2FF9C00",
        "cone": 0
    },
    "smokeEffect": {
        "type": "ParticleEffect",
        "particles": 32,
        "sizeFrom": 15,
        "sizeTo": 0,
        "length": 220,
        "baseLength": 0,
        "lifetime": 70,
        "interp": "fastSlow",
        "colorFrom": "F2FF9CAA",
        "colorTo": "ffffff",
        "cone": 50
        },
    "chargeSound": "lasercharge",
    "shootType": {
    "type": "BasicBulletType",
    "damage": 8000,
    "splashDamageRadius": 240,
    "splashDamage": 3500,
    "lifetime": 100,
    "speed": 30,
    "sprite":"missile-large",
    "width": 32,
    "height": 46,
    "hitSize":80,
    "shrinkX": 0,
    "shrinkY": 0,
    "hitShake": 70,
    "backColor": "F2FF9C",
    "frontColor": "FFFFFF",
    "trailColor": "F2FF9C",
    "trailLength": 90,
    "trailWidth": 12,
    "ammoMultiplier": 1,
    "status":"余热",
    "statusDuration":50,
    "hitSound": "largeCannon",
    "hitSoundVolume":8,
    /**"parts":[
		{"type": "HaloPart",
        "progress": "recoil",
        "rotateSpeed": 0,
        "shapeRotation":0,
        "y":-30,
        "sides": 3,
        "shapes": 3,
        "color": "F2FF9C",
        "colorTo":"F2FF9C",
        "tri": true,
        "hollow": true,
        "radius": 18,
        "radiusTo": 8,
        "triLength": 130,
        "triLengthTo": 30,
        "haloRadius": 0,
        "haloRotation": 0,
        "haloRotateSpeed": 6,
        "layer": 110},
        {"type": "HaloPart",
        "progress": "recoil",
        "rotateSpeed": 0,
        "shapeRotation":0,
        "y":-30,
        "sides": 3,
        "shapes": 3,
        "color": "F2FF9C",
        "colorTo":"F2FF9C",
        "tri": true,
        "hollow": true,
        "radius": 10,
        "radiusTo": 6,
        "triLength": 100,
        "triLengthTo": 20,
        "haloRadius": 0,
        "haloRotation": 45,
        "haloRotateSpeed": -5.6,
        "layer": 90}
	],*/
    "chargeEffect": {
    "type": "MultiEffect",
    "effects": [
    {"type": "ParticleEffect",
        "particles": 123,
        "sizeFrom": 0,
        "sizeTo": 10,
        "interp":"pow10In",
        "length": -800,
        "baseLength": 800,
        "lifetime":40,
        "colorFrom": "F2FF9C",
        "colorTo": "F2FF9C",
        "cone": 360},
    {"type": "ParticleEffect",
        "particles": 123,
        "sizeFrom": 0,
        "sizeTo": 10,
        "interp":"pow10In",
        "length": -800,
        "baseLength": 800,
        "startDelay":20,
        "lifetime":40,
        "colorFrom": "F2FF9C",
        "colorTo": "F2FF9C",
        "cone": 360},
    {"type": "ParticleEffect",
        "particles": 123,
        "sizeFrom": 0,
        "sizeTo": 10,
        "interp":"pow10In",
        "length": -800,
        "baseLength": 800,
        "startDelay":40,
        "lifetime":40,
        "colorFrom": "F2FF9C",
        "colorTo": "F2FF9C",
        "cone": 360},
    {"type": "ParticleEffect",
        "particles": 123,
        "sizeFrom": 0,
        "sizeTo": 10,
        "interp":"pow10In",
        "length": -800,
        "baseLength": 800,
        "startDelay":60,
        "lifetime":40,
        "colorFrom": "F2FF9C",
        "colorTo": "F2FF9C",
        "cone": 360},
    {"type": "ParticleEffect",
        "particles": 123,
        "sizeFrom": 0,
        "sizeTo": 10,
        "interp":"pow10In",
        "length": -800,
        "baseLength": 800,
        "startDelay":80,
        "lifetime":40,
        "colorFrom": "F2FF9C",
        "colorTo": "F2FF9C",
        "cone": 360},
    {
"type": "WaveEffect",
"lifetime": 20,
"sizeFrom": 500,
"sizeTo": 0,
"strokeFrom": 9,
"strokeTo": 20,
"colorFrom": "F2FF9C",
"colorTo": "F2FF9C"
    },
    {
"type": "WaveEffect",
"lifetime": 20,
"startDelay":20,
"sizeFrom": 500,
"sizeTo": 0,
"strokeFrom": 9,
"strokeTo": 20,
"colorFrom": "F2FF9C",
"colorTo": "F2FF9C"
    },
    {
"type": "WaveEffect",
"lifetime": 20,
"startDelay":40,
"sizeFrom": 500,
"sizeTo": 0,
"strokeFrom": 9,
"strokeTo": 20,
"colorFrom": "F2FF9C",
"colorTo": "F2FF9C"
    },
    {
"type": "WaveEffect",
"lifetime": 20,
"startDelay":60,
"sizeFrom": 500,
"sizeTo": 0,
"strokeFrom": 9,
"strokeTo": 20,
"colorFrom": "F2FF9C",
"colorTo": "F2FF9C"
    },
    {
"type": "WaveEffect",
"lifetime": 20,
"startDelay":80,
"sizeFrom": 500,
"sizeTo": 0,
"strokeFrom": 9,
"strokeTo": 20,
"colorFrom": "F2FF9C",
"colorTo": "F2FF9C"
    },
    {
"type": "WaveEffect",
"lifetime": 20,
"startDelay":100,
"sizeFrom": 500,
"sizeTo": 0,
"strokeFrom": 9,
"strokeTo": 20,
"colorFrom": "F2FF9C",
"colorTo": "F2FF9C"
    }
    ]},
    "despawnEffect": {
    "type": "ParticleEffect",
    "particles": 1,
    "sizeFrom": 260,
    "sizeTo": 0,
    "length": 0,
    "baseLength": 0,
    "lifetime": 180,
    "colorFrom": "F2FF9C",
    "colorTo": "F2FF9C",
    "cone": 360
    },
    "hitEffect": {
    "type": "MultiEffect",
    "effects": [
    {	"type": "ParticleEffect",
    "particles": 1,  
    "baseLength": 1,
    "length":0,
    "lifetime": 90,
    "spin":1,
    "interp": "fastSlow",
    "region":"饱和火力-星",
    "sizeFrom": 720,
    "sizeTo": 0,
    "colorFrom": "F2FF9C",
    "colorTo": "ffffff",
    "cone":360 },
    {
    "type": "ParticleEffect",
    "particles": 1,
    "sizeFrom": 20,
    "sizeTo": 320,
    "length": 0,
    "baseLength": 0,
    "lifetime": 40,
    "colorFrom": "F2FF9C",
    "colorTo": "F2FF9C80",
    "cone": 360
    },
    {
"type": "WaveEffect",
"lifetime": 30,
"sizeFrom": 20,
"sizeTo": 820,
"strokeFrom": 22,
"strokeTo": 3,
"colorFrom": "F2FF9C",
"colorTo": "F2FF9C80"
    },
    {
"type": "WaveEffect",
"lifetime": 30,
"startDelay":15,
"sizeFrom": 20,
"sizeTo": 820,
"strokeFrom": 22,
"strokeTo": 3,
"colorFrom": "F2FF9C",
"colorTo": "F2FF9C80"
    },
    {
"type": "WaveEffect",
"lifetime": 30,
"startDelay":30,
"sizeFrom": 20,
"sizeTo": 820,
"strokeFrom": 22,
"strokeTo": 3,
"colorFrom": "F2FF9C",
"colorTo": "F2FF9C80"
    },
    {
    "type": "ParticleEffect",
    "particles": 22,
    "sizeFrom": 89,
    "sizeTo": 0,
    "interp": "pow10Out",
	"sizeInterp": "pow10In",
    "length": 480,
    "baseLength": 90,
    "lifetime": 200,
    "colorFrom": "F2FF9CFF",
    "colorTo": "F2FF9C70",
    "cone": 360},
    {"type":"ParticleEffect",
        "particles": 102,
        "line": true,
        "strokeFrom": 5,
        "strokeTo": 0,
        "lenFrom": 320,
        "lenTo": 0,
        "length": 1250,
        "baseLength": 20,
        "lifetime": 42,
        "colorFrom": "F2FF9CFF",
        "colorTo": "F2FF9CFF",
    "cone": 360}
    ]
    },
    "bulletInterval": 3.5,
    "intervalBullets": 1,
    "intervalRandomSpread": 360,
    "intervalSpread": 60,
    "intervalAngle": 0,
    "intervalBullet":{
        "type":"BasicBulletType",
		"hitSound":"explosionbig",
        "hitSoundVolume":3,
		"width":35,	"height":35,
		"sprite":"large-bomb",
        "spin":6,
        "drag":1,
		"shrinkX":0.2,
		"shrinkY":0.2,
		"status":"崩溃",
		"statusDuration":125,
		"hitShake":8,
		"backColor":"F2FF9CFF",
		"frontColor":"FFFFFF",
		"hitEffect":{"type": "MultiEffect",
	"effects": [
	    {"type": "ParticleEffect",
    "particles": 1,
    "sizeFrom": 80,
    "sizeTo": 9,
    "length": 0,
    "baseLength": 0,
    "lifetime":18,
    "colorFrom": "F2FF9C80",
    "colorTo": "FFFFFF00",
    "cone": 360},
	{"type": "ParticleEffect",
    "particles": 40,
    "interp": "fastSlow",
    "sizeFrom": 10,
    "sizeTo": 0,
    "length": 35,
    "baseLength": 133,
    "lifetime": 35,
    "colorFrom": "F2FF9CFF",
    "colorTo": "FFFFFF",
    "cone": 360},
    {"type": "WaveEffect",
    "lifetime": 30,
    "sizeFrom": 0,
    "sizeTo": 160,
    "strokeFrom": 11,
    "strokeTo": 0,
    "colorFrom": "F2FF9CFF",
    "colorTo": "ffffff"},
    {"type": "WaveEffect",
    "lifetime": 10,
    "sizeFrom": 1,
    "sizeTo": 78,
    "strokeFrom": 8,
    "strokeTo": 0,
    "colorFrom": "F2FF9CFF",
    "colorTo": "ffffff"}]},
    "despawnEffect":{"type": "ParticleEffect",
    "particles": 13,
    "line":true,
    "strokeFrom": 6,
    "strokeTo": 0,
    "lenFrom":200,
    "lenTo":0,
    "length": 1,
    "baseLength": 3,
    "lifetime": 22,
    "colorFrom": "F2FF9C",
    "colorTo": "F2FF9C00",
    "cone": 360},
	"collides":false,
	"lightningDamage":95,
	"lightning":3,
	"lightningLength":16,
	"lightningColor":"F2FF9CFF",
	"speed":0,"lifetime": 20,
	"splashDamageRadius":160,
	"splashDamage":750},
    "fragLifeMin":0.3,
    "fragLifeMax":2,
    "fragBullets":90,
	"fragBullet":{
        "type":"BasicBulletType",
		"hitSound":"explosionbig",
        "hitSoundVolume":5,
		"width":24,	"height":24,
        "collidesTiles":false,
        "hitSize":30,
		"sprite":"circle-bullet",
		"shrinkX":0.2,
		"shrinkY":0.2,
		"status":"崩溃",
		"statusDuration":125,
		"hitShake":8,
		"backColor":"F2FF9CFF",
		"frontColor":"FFFFFF",
	"hitEffect":{"type": "MultiEffect",
	"effects": [
	{"type": "ParticleEffect",
    "particles": 1,
    "sizeFrom": 30,
    "sizeTo": 9,
    "length": 0,
    "baseLength": 0,
    "lifetime":70,
    "colorFrom": "F2FF9C",
    "colorTo": "FFFFFF00",
    "cone": 360},
	{"type": "ParticleEffect",
    "particles": 15,
    "interp": "fastSlow",
    "sizeFrom": 18,
    "sizeTo": 0,
    "length": 133,
    "baseLength": 35,
    "lifetime": 35,
    "colorFrom": "F2FF9CFF",
    "colorTo": "FFFFFF",
    "cone": 360},
    {"type": "WaveEffect",
    "lifetime": 30,
    "sizeFrom": 0,
    "sizeTo": 160,
    "strokeFrom": 11,
    "strokeTo": 0,
    "colorFrom": "F2FF9CFF",
    "colorTo": "ffffff"},
    {"type": "WaveEffect",
    "lifetime": 10,
    "sizeFrom": 1,
    "sizeTo": 78,
    "strokeFrom": 8,
    "strokeTo": 0,
    "colorFrom": "F2FF9CFF",
    "colorTo": "ffffff"}]},
    "despawnEffect":{"type": "MultiEffect",
	"effects": [
        {"type": "ParticleEffect",
    "particles": 6,
    "line":true,
    "strokeFrom": 6,
    "strokeTo": 0,
    "lenFrom":200,
    "lenTo":0,
    "length": 1,
    "baseLength": 3,
    "lifetime": 22,
    "colorFrom": "F2FF9C",
    "colorTo": "F2FF9C80",
    "cone": 360},
    {"type": "ParticleEffect",
    "particles": 7,
    "line":true,
    "strokeFrom": 5,
    "strokeTo": 0,
    "lenFrom":130,
    "lenTo":0,
    "length": 1,
    "baseLength": 3,
    "lifetime": 22,
    "colorFrom": "F2FF9CA0",
    "colorTo": "F2FF9C00",
    "cone": 360},
    {"type": "ParticleEffect",
    "particles": 4,
    "line":true,
    "strokeFrom": 4,
    "strokeTo": 0,
    "lenFrom":90,
    "lenTo":0,
    "length": 1,
    "baseLength": 3,
    "lifetime": 22,
    "colorFrom": "F2FF9C80",
    "colorTo": "F2FF9C00",
    "cone": 360}
    ]},
	"lightningDamage":225,
	"lightning":3,
	"lightningLength":36,
	"lightningColor":"F2FF9CFF",
	"speed": 100,
    "lifetime": 60,
    "drag": 0.1,
    "trailColor": "F2FF9C",
    "trailLength": 3,
    "trailWidth": 4,
    "damage":570,
	"splashDamageRadius":160,
	"splashDamage":600,
    "fragBullets":3,
    "fragBullet":{
        "type":"PointBulletType",
        "trailSpacing": 11,
        "trailEffect":{
    "type": "ParticleEffect",
    "particles": 1,
    "length":0,
    "baseLength": 1,
    "lifetime": 15,
    "line": true,
    "randLength": false,
    "lenFrom": 12,
    "lenTo":12,
    "strokeFrom": 10,
    "strokeTo": 0,
    "colorFrom": "F2FF9CFF",
    "colorTo": "F2FF9CFF",
    "cone":0 },
        "lifetime": 15,
        "speed": 15,
        "status":"崩溃",
        "statusDuration":180,
        "splashDamageRadius": 45,
        "splashDamage": 120,
        "hitShake":5,
        "hitSound": "laser",
    "hitEffect":{
        "type": "MultiEffect",
        "effects": [    
        {
        "type": "ParticleEffect",
        "particles": 1,
        "sizeFrom": 33,
        "sizeTo": 0,
        "length": 0,
        "baseLength": 0,
        "lifetime": 18,
        "colorFrom": "F2FF9C",
        "colorTo": "F2FF9C",
        "cone": 360
        },
    {
    "type": "WaveEffect",
    "lifetime": 15,
    "sizeFrom": 0,
    "sizeTo": 45,
    "strokeFrom": 6,
    "strokeTo": 0,
    "colorFrom": "F2FF9CFF",
    "colorTo": "F2FF9CFF"
    }
        ]},
    "despawnEffect":"none"}
    }
    },
    "consumes": {
        "power": 50000,
        "liquid": "纳米流体/24"
    },
    "reload": 430,
    "rotateSpeed": 0.86,
    "shootCone":1,
    "fogRadiusMultiuplier":0.2,
    "range": 3200,
    "category":"turret",
	"research": {
		"parent": "余温",
		"objectives": [
			{
				"type": "SectorComplete",
				"preset": "溢裂要塞"
			}]},
    "requirements": [
        "纳米核/88000",
        "泰勒合金/80000",
        "莱普合金/50000",
        "三级协议/950"
    ]
}