{
	"type": "flying",
	"name": "霜雪",
	"speed": 2.2,
	"drag": 0.04,
	"accel": 0.1,
	"rotateSpeed": 4,
	"ammoType": {
		"type": "PowerAmmoType",
		"totalPower": 200
	},
	"ammoCapacity": 400,
	"hitSize": 12,
	"buildSpeed": 0.5,
	"flying": true,
	"faceTarget": true,
	"health": 380,
	"armor": 4,
	"lowAltitude": true,
	"engineOffset": 7,
	"engineSize": 2,
	"itemCapacity": 0,
	"immunities":["freezing"],
	"research": "空1",
	"requirements": {
		"block": "additive-reconstructor",
		"previous": "空1"
	},
	"weapons": [
		{
			"name": "霜雪1",
			"x": 0,
			"y": 0,
			"shootY": 3.5,
			"reload": 17,
			"rotate": false,
			"shootCone": 15,
			"recoil": 0,
			"shootSound": "missile",
			"heatColor": "c0ecff",
			"cooldownTime": 20,
			"shoot": {
				"type": "ShootPattern",
				"firstShotDelay": 7.5
			},
			"parts": [
				{
					"type": "ShapePart",
					"progress": "warmup",
					"color": "c0ecff",
					"layer": 100,
					"circle": true,
					"hollow": false,
					"radius": 0.6,
					"radiusTo": 1.5,
					"x": 0,
					"y": 3.5
				}
			],
			"bullet": {
				"type": "PointBulletType",
				"trailSpacing": 3,
				"trailEffect": {
					"type": "MultiEffect",
					"effects": [
						{
							"type": "ParticleEffect",
							"particles": 1,
							"length": 0,
							"baseLength": 1,
							"lifetime": 7.5,
							"line": true,
							"randLength": false,
							"lenFrom": 3.3,
							"lenTo": 3.3,
							"strokeFrom": 1.2,
							"strokeTo": 0,
							"colorFrom": "c0ecff",
							"colorTo": "c0ecff",
							"cone": 0
						},
						{
							"type": "ParticleEffect",
							"particles": 1,
							"sizeFrom": 1,
							"sizeTo": 0,
							"length": 0,
							"baseLength": 3,
							"lifetime": 15,
							"colorFrom": "c0ecff",
							"colorTo": "c0ecff",
							"cone": 360
						}
					]
				},
				"buildingDamageMultiplier": 0.68,
				"damage": 33,
				"lifetime": 10,
				"speed": 16,
				"splashDamageRadius": 30,
				"splashDamage": 8.8,
				"status": "freezing",
				"statusDuration": 240,
				"chargeEffect": {
					"type": "ParticleEffect",
					"particles": 2,
					"sizeFrom": 0,
					"sizeTo": 1.3,
					"length": -35,
					"baseLength": 35,
					"lifetime": 55,
					"colorFrom": "c0ecff",
					"colorTo": "c0ecff",
					"cone": 360
				},
				"shootEffect": {
					"type": "WaveEffect",
					"lifetime": 15,
					"sizeFrom": 1,
					"sizeTo": 15,
					"strokeFrom": 1,
					"strokeTo": 0,
					"colorFrom": "c0ecff",
					"colorTo": "c0ecff"
				},
				"smokeEffect": "none",
				"hitSound": "explosion",
				"hitEffect": {
					"type": "MultiEffect",
					"effects": [
						{
							"type": "ParticleEffect",
							"particles": 8,
							"sizeFrom": 2,
							"sizeTo": 0,
							"length": 35,
							"baseLength": 0,
							"lifetime": 25,
							"interp": "pow5Out",
							"colorFrom": "c0ecff",
							"colorTo": "c0ecff",
							"cone": 360
						},
						{
							"type": "WaveEffect",
							"lifetime": 15,
							"sizeFrom": 1,
							"sizeTo": 30,
							"strokeFrom": 3,
							"strokeTo": 0,
							"colorFrom": "c0ecff",
							"colorTo": "c0ecff"
						}
					]
				},
				"despawnEffect": {
					"type": "ParticleEffect",
					"particles": 1,
					"sizeFrom": 4,
					"sizeTo": 0,
					"length": 0,
					"baseLength": 0,
					"lifetime": 26,
					"colorFrom": "c0ecff",
					"colorTo": "c0ecff",
					"cone": 360
				}
			}
		}
	]
}