{
    "health":20000,
    "armor":12,
    "details":"优化底盘稳定，搭载小型侵蚀光束。安装更强劲的推进器。\n[red]突袭！",
    "boostMultiplier": 3.8,
    "immunities":["burning","electrified","拆解","干扰"],
	"weapons":[
        {   "name":"灾星1",
        "mirror":false,
        "top":false,
        "shake":4,
        "shootY":14,
        "x":0,"y":0,
        "reload":170,
        "recoil":0,
        "parentizeEffects":true,
        "shoot":{
            "type":"ShootPattern",
            "firstShotDelay":59
        },
        "chargeSound":"lasercharge2",
        "shootSound":"beam",
        "continuous":true,
        "cooldownTime":200,
        "bullet":{
        "type":"ContinuousLaserBulletType",
	"hitEffect":{
    "type": "ParticleEffect",
    "particles": 6,  
    "baseLength": 8,
    "length":18,
    "lifetime": 10,
    "line": true,
    "lenFrom": 16,
    "lenTo":0,
    "strokeFrom": 1.6,
    "strokeTo": 0,
    "colorFrom": "97FFA8",
    "colorTo": "97FFA8",
    "cone":360 },
    "shootEffect":{
        "type": "ParticleEffect",
        "particles": 3,  
        "baseLength": 8,
        "length":38,
        "lifetime": 18,
        "line": true,
        "lenFrom": 12,
        "lenTo":0,
        "strokeFrom": 1,
        "strokeTo": 0,
        "colorFrom": "97FFA8",
        "colorTo": "97FFA8",
        "cone":60 },
    "smokeEffect":"none",
    "status":"拆解",
	"statusDuration":20,
	"collidesTeam":true,
	"healPercent":1.3,
	"ammoMultiplier":1,
	"length":240,
	"damage": 45,
    "lifetime":200,
    "colors":["7CF38990", "97FFA880", "FFFFFF"],
        "chargeEffect":{"type": "MultiEffect",
        "effects": [
    {"type": "WaveEffect",
        "lifetime": 60,
        "sizeFrom": 90,
        "sizeTo": 0,
        "strokeFrom": 0,
        "strokeTo": 8,
        "colorFrom": "7CF389",
        "colorTo": "7CF389"},
        {
            "type": "ParticleEffect",
            "particles": 33,
            "baseLength": 80,
            "length":-80,
            "lifetime": 60,
            "line": true,
            "lenFrom": 20,
            "lenTo":0,
            "strokeFrom": 1,
            "strokeTo": 1,
            "colorFrom": "ffffff",
            "colorTo": "97FFA8",
            "cone":360 }
        ]},
    "incendChance":0.1,
    "incendSpread":8,
    "incendAmount":1
        }},
        {"name":"灾星2",
        "type":"RepairBeamWeapon",
        "x":11,"y":-7.5,
        "shootY":6,
        "beamWidth":0.8,
        "mirror":true,
        "repairSpeed":2,
        "bullet":{
        "maxRange":120}},
        {	"name": "灾星3",	
		"reload": 25,
        "x": 4,  "y": 12,
        "rotate": false,
        "top":false,
        "inaccuracy": 0,
        "alternate": false, 
		"shootSound": "lasershoot",
		"bullet":{
	"type":"LaserBoltBulletType",
	    "frontColor":"FFFFFF",
	    "backColor":"97FFA8FF",	
	    "healPercent":2,
	    "damage":35,
	    "collidesTeam":true,
	    "speed":9, "lifetime":26.6,
	    "width":2.6,	 "height":11	}	}
    ]
}