{
	"type": "ItemTurret",
	"name": "阻碍",
	"description": "自爆组件。\n装载石墨后当敌人靠近时起爆，大幅减缓敌人速度并产生破片杀伤敌人。\n[yellow]需要8秒开机准备时间。",
	"health": 350,
	"size": 2,
	"reload": 480,
	"range": 110,
	"inaccuracy": 0,
	"rotateSpeed": 3.6,
	"shootSound": "shootAltLong",
	"canOverdrive": false,
	"shootY":0,
	"shootCone":80,
	"outlineColor":"2d2f39",
	"maxAmmo":30,
	"ammoPerShot": 30,
	"ammoTypes": {
		"graphite":{
	"killShooter": true,
	"hittable":false,
	"absorbable":false,
	"instantDisappear":true,
	"hitSound": "shootAltLong",
	"ammoMultiplier": 1,
	"type": "BasicBulletType",
	"speed": 0,
	"lifetime": 1,
	"shootEffect":"none",
	"smokeEffect":"none",
	"hitEffect":{
		"type": "ParticleEffect",
		"particles": 16,
		"baseLength": 26,
		"length":56,
		"interp": "pow10Out",
		"sizeInterp": "pow10Out",
		"region":"饱和火力-菱形",
		"lifetime": 120,
		"sizeFrom": 30,
		"sizeTo": 0,
		"colorFrom": "ea8878",
		"colorTo": "ea887880",
		"cone":360 },
	"despawnEffect":{
		"type": "WaveEffect",
		"lifetime": 25,
		"sizeFrom": 0,
		"sizeTo": 100,
		"strokeFrom": 5,
		"strokeTo": 0,
		"colorFrom": "ea8878",
		"colorTo": "ea8878"},
	"hitShake": 8,
	"damage":21,
	"splashDamageRadius": 100,
	"splashDamage": 160,
	"status":"slow",
	"statusDuration":360,
	"fragLifeMin":0.3,
	"fragBullets":40,
	"fragBullet":{
	"type":"BasicBulletType",
	"backColor":"ea8878",
	"frontColor":"ea8878",
	"trailLength":3,
	"trailWidth":5,
	"trailColor":"ea8878",
	"hitEffect":{
		"type": "ParticleEffect",
		"particles": 9,
		"baseLength": 10,
		"length":26,
		"region":"饱和火力-菱形",
		"lifetime": 33,
		"sizeFrom": 8,
		"sizeTo": 0,
		"colorFrom": "ea8878",
		"colorTo": "ea8878",
		"cone":360 },
	"despawnEffect":{
		"type": "WaveEffect",
		"lifetime": 15,
		"sizeFrom": 0,
		"sizeTo": 40,
		"strokeFrom": 3,
		"strokeTo": 0,
		"colorFrom": "ea8878",
		"colorTo": "ea8878"},
	"knockback":7,
	"hitSound":"explosion",
	"width":18,	"height":20,
	"splashDamageRadius":40,
	"splashDamage":44,
	"damage":26,
	"lifetime":20,
	"speed":10,
	"drag":0.01
	}}
},

"requirements": [
	"beryllium/80","graphite/40"
	],
	"research": "diffuse",
	"category": "turret"
}
