{
	"type": "ItemTurret",
	"name": "疆土",
	"description": "发射重型轨道炮弹，精确轰炸敌对建筑。\n[red]对单位毁伤效果极差！",
	"health": 18000,
	"armor":37,
	"insulated":true,
	"absorbLasers":true,
	"size": 6,
	"reload": 560,
	"shootSound":"mediumCannon",
	"shake":6,
	"consumes": {
		"power":16,
		"liquid":
	{"liquid":"cryofluid","amount":"1.2"}},
	"shoot":{
	    "shots":3,
	    "shotDelay":60},
	"targetGround":true,
	"targetAir":false,
	"range": 960,
	"recoilTime": 45,
	"recoil": 0,
	"ammoUseEffect":{
	"type": "ParticleEffect",
	"particles": 23,
	"sizeFrom": 14,
	"sizeTo": 0,
	"interp": "pow10Out",
	"sizeInterp": "pow10In",
	"length": -100,
	"baseLength": 3,
	"lifetime": 125,
	"colorFrom": "73737390",
	"colorTo": "73737350",
	"cone": 45,
	"layer":41},
	"minWarmup": 0.8,
	"shootWarmupSpeed": 0.043,
	"drawer":{"type":"DrawMulti",
	"drawers":[{"type":"DrawTurret",
	"parts":[
		{
			"type": "RegionPart",
			"mirror": true,
			"x": 6.5,
			"suffix": "-前",
	        "under":true,
			"moveX": 5.5,
			"moveY": 24,
			"moves": [{
				"progress": "recoil",
				"y": -4}],
			"heatProgress": "reload",
			"heatColor": "FF7055FF"
		},
		{
			"type": "RegionPart",
			"mirror": true,
			"x": -2.5,
			"suffix": "-侧",
	        "under":true,
			"moveX": 2.5,
			"heatProgress": "warmup",
			"heatColor": "FF7055FF"
		}
	]}]},
	"inaccuracy": 0,
	"rotateSpeed": 1.8,
	"maxAmmo":24,
	"consumeAmmoOnce":false,
	"shootY":13,
	"velocityRnd": 0.05,
	"ammoPerShot": 8,
	"ammoTypes": {
	"集束":{
	"type":"ArtilleryBulletType",
		"speed": 25,
		"lifetime": 40,
		"width": 22,
		"height": 32,
		"shrinkX":0,
		"shrinkY":0,
		"scaleLife":true,
		"sprite": "missile-large",
		"backColor": "FF7055FF",
		"frontColor": "FF7055FF",
		"trailLength": 9,
		"trailWidth": 2.5,
		"trailColor": "FF7055FF",
		"splashDamageRadius":95,
		"splashDamage":110,
		"buildingDamageMultiplier":7.65,
		"ammoMultiplier":1,
		"hitSound":"boom",
		"hitShake":9,
		"status":"blasted",
		"statusDuration":60,
		"shootEffect": {
			"type": "MultiEffect",
			"effects": [
			{"type": "ParticleEffect",
			"particles": 10,
			"sizeFrom": 10,
			"sizeTo": 0,
			"interp": "pow10Out",
			"sizeInterp": "pow5In",
			"length": 85,
			"baseLength": 3,
			"lifetime": 185,
			"colorFrom": "FF7055FF",
			"colorTo": "737373FF",
			"cone": 30},
				{"type": "WaveEffect",
				"lifetime": 9,
				"sizeFrom": 1,
				"sizeTo": 90,
				"strokeFrom": 6,
				"strokeTo": 0,
				"colorFrom": "FFFFFF",
				"colorTo": "FFFFFF"}
		]},
		"smokeEffect":"none",
		"trailChance": 1,
		"trailInterval": 8,
		"trailRotation": true,
		"trailEffect": {
			"type": "ParticleEffect",
			"particles": 5,
			"lifetime":43,
			"interp": "pow10Out",
			"sizeInterp": "pow5In",
			"sizeFrom": 8,
			"sizeTo": 0,
			"length": -50,
			"baseLength": 3,
			"colorFrom": "FF705590",
			"colorTo": "FF705590",
			"cone":30
		},
      	"hitEffect":{
			"type": "MultiEffect",
			"effects": [
			{"type": "ParticleEffect",
			"particles": 26,
			"sizeFrom": 15,
			"sizeTo": 0,
			"interp": "pow10Out",
			"sizeInterp": "pow5In",
			"length": 90,
			"baseLength": 3,
			"lifetime": 180,
			"colorFrom": "FF7055",
			"colorTo": "FF705590",
			"cone": 360},
				{"type": "WaveEffect",
				"lifetime": 13,
				"sizeFrom": 1,
				"sizeTo": 95,
				"strokeFrom": 8,
				"strokeTo": 0,
				"colorFrom": "FF7055",
				"colorTo": "FF7055"}
		]},
      	"despawnEffect":{
			"type": "ParticleEffect",
		  	"particles": 1,
		  	"sizeFrom": 10,
		  	"sizeTo": 0,
		 	"sizeInterp": "pow5In",
		  	"length": 0,
		  	"baseLength": 0,
		 	"lifetime": 120,
		  	"colorFrom": "FF7055",
		  	"colorTo": "FF7055"},
		"fragLifeMin":0.1,
		"fragBullets":20,
		"fragBullet":{
			"type":"BasicBulletType",
			"speed": 8,
			"lifetime": 11,
			"backColor": "FF7055FF",
			"frontColor": "FF7055FF",
			"width": 16,"height": 16,
			"damage":33,
			"splashDamageRadius":48,
			"splashDamage":55,
			"buildingDamageMultiplier":3,
			"hitSound":"explosion",
        	"absorbable":false,
			"sprite": "circle-bullet",
			"shrinkY":0,
			"hitEffect":{
				"type": "MultiEffect",
				"effects": [
				{"type": "ParticleEffect",
				"particles": 16,
				"sizeFrom": 5,
				"sizeTo": 0,
				"interp": "pow5Out",
				"sizeInterp": "pow5In",
				"length": 45,
				"baseLength": 0,
				"lifetime": 60,
				"colorFrom": "FF7055",
				"colorTo": "FF7055",
				"cone": 360},
					{"type": "WaveEffect",
					"lifetime": 8,
					"sizeFrom": 0,
					"sizeTo": 50,
					"strokeFrom": 3,
					"strokeTo": 0,
					"colorFrom": "FF7055",
					"colorTo": "FF7055"}
			]},
				"despawnEffect":"none"
		}
		},
	"裂位能":{
		"type":"PointBulletType",
		"shootEffect": {
			"type": "MultiEffect",
			"effects": [
			{"type": "ParticleEffect",
			"particles": 18,
			"line": true,
			"lenFrom": 43,
			"lenTo":0,
			"strokeFrom": 3,
			"strokeTo": 0,
			"length": 85,
			"baseLength": 0,
			"lifetime": 35,
			"colorFrom": "FEEBB3FF",
			"colorTo": "FEEBB3FF",
			"cone": 70},
			{	"type": "ParticleEffect",
				"particles": 1,
				"sizeFrom": 16,
				"sizeTo": 0,
				"length": 0,
				"baseLength": 0,
				"lifetime": 50,
				"colorFrom": "FEEBB3FF",
				"colorTo": "FEEBB3F",
				"cone": 360},
				{"type": "WaveEffect",
				"lifetime": 9,
				"sizeFrom": 1,
				"sizeTo": 90,
				"strokeFrom": 6,
				"strokeTo": 0,
				"colorFrom": "FFFFFF",
				"colorTo": "FFFFFF"}
		]},
		"despawnEffect":{
		"type": "ParticleEffect",
		"particles": 1,
		"sizeFrom": 30,
		"sizeTo": 0,
		"length": 0,
		"baseLength": 0,
		"lifetime": 180,
		"colorFrom": "FEEBB3FF",
		"colorTo": "FEEBB3F",
		"cone": 360},
		"hitEffect":{
			"type": "MultiEffect",
			"effects": [
			{"type": "ParticleEffect",
			"particles": 1,
			"sizeFrom": 30,
			"sizeTo": 0,
			"length": 0,
			"baseLength": 0,
			"lifetime": 180,
			"colorFrom": "FEEBB3FF",
			"colorTo": "FEEBB3F",
			"cone": 360},
				{"type": "WaveEffect",
				"lifetime": 10,
				"sizeFrom": 1,
				"sizeTo": 95,
				"strokeFrom": 8,
				"strokeTo": 0,
				"colorFrom": "FEEBB3",
				"colorTo": "FEEBB3"}
		]},
	"hitSound":"plasmaboom",
	"trailEffect": {
		"type": "ParticleEffect",
		"particles": 1,
		"lifetime": 35,
		"line": true,
		"randLength": false,
		"length": 0,
		"baseLength": 1,
		"lenFrom": 11,
		"lenTo":11,
		"strokeFrom": 10,
		"strokeTo": 0,
		"colorFrom": "FEEBB3FF",
		"colorTo": "FEEBB3FF",
		"cone":0 },
	"trailSpacing": 10,
	"speed":100,"lifetime":80,
    "reloadMultiplier":1.33,
	"buildingDamageMultiplier":5,
	"status":"崩溃",
	"statusDuration":180,
	"ammoMultiplier":1,
	"damage": 130,
	"pierceArmor":true,
    "fragLifeMin":1,
    "fragBullets":1,
    "fragBullet":{
        "lifetime": 170,
        "speed": 0,
        "collides":false,
        "hittable":false,
        "absorbable":false,
        "status":"崩溃",
        "statusDuration":60,
        "buildingDamageMultiplier":5.66,
        "splashDamageRadius": 60,
        "splashDamage": 110,
		"lightningDamage": 98,
		"lightning": 8,
		"lightningLength": 18,
		"lightningColor":"FEEBB3FF",
		"pierceArmor":true,
        "hitShake":7,
        "hitSound": "plasmaboom",
    "hitEffect":{"type": "MultiEffect",
        "effects": [
            {"type": "ParticleEffect",
            "particles": 10,
            "sizeFrom": 15,
            "sizeTo": 0,
            "length": 60,
            "baseLength": 0,
            "lifetime": 65,
			"interp": "pow10Out",
			"sizeInterp": "pow5In",
            "colorFrom": "FEEBB3",
            "colorTo": "FEEBB3",
            "cone": 360},
            {"type": "ParticleEffect",
                "particles": 22,
                "line": true,
                "strokeFrom": 2,
                "strokeTo": 0,
                "lenFrom": 33,
                "lenTo": 0,
                "length": 63,
                "baseLength": 0,
                "lifetime": 45,
				"sizeInterp": "pow5In",
                "colorFrom": "FEEBB3FF",
                "colorTo": "FEEBB3FF",
                "cone": 360},
            {"type": "WaveEffect",
            "lifetime": 20,
            "sizeFrom": 0,
            "sizeTo": 66,
            "strokeFrom":3,
            "strokeTo":0,
            "colorFrom":"FEEBB3FF",
            "colorTo": "FEEBB3FF"}
            ]},
    "despawnEffect":"none"
    }
	}
    },
	"requirements": [
		"titanium/2000","graphite/780",
		"plastanium/1300","surge-alloy/225",
		"纳米核/880","二级协议/15"
	],
	"buildCostMultiplier": 3,
	"category": "turret",
	"research": {"parent": "猛犸","objectives": [{"type": "SectorComplete","preset": "灭绝"}]}
}
