{
	"name": "饱和火力",
	"displayName":"饱和火力",
	"author":"RA2",
	"version":"3.0.14",
	"minGameVersion":"143"
	"description":"以压倒性火力，制衡天下之模组。
模组一群：181108928
或者前往Github查看火力最新状态
B站随机直播
饱和火力服务器保持常开，请装载最新模组进入
———————————————
这是最适合做模板的mod，你可以在许多新mod里找到本mod的身影\n每次贴图更新，都会将旧贴图作为公益物发至群内，有需自取
———————————————
代码开源可抄，但是[red[]]抄袭/改色/缝合[white[]]贴图属于[red[]]侵犯作者知识产权[white[]]的行为
火力代码贴图可以作为你的[gold[]]起步工具，[white[]]但绝不能成为你的[gold[]]模组主力
[sky[]]创新才是你的第一生产力！！！\n及时脱离套式发展，走上自己的独特道路！！！\n抄袭终会被玩家制裁！！！
[white[]]———————————————
饱和火力在每隔两月必定更新一次，偶尔会有紧急修复\n进群第一件事核对你的mod版本！\n若发现bug或有疑问进群咨询
———————————————
模组历史更新内容将在他处记录\n此处只记录当个大版本（X.X.X）的所有更新项目
———————————————
战前须知：在宁开始挑战火力的高难度战役前，请务必做好[red[]]备份工作！\n[white[]]mod不对玩家因自己的错误操作导致的不可挽回后果负责！\n小贴士：自定义先试试以免打不过
———————————————
待办项目：
▲转型lava-长期项目▲
伯劳完全体
战役持续更新
———————————————
3.0.14更新：
完成大部分英翻
工厂简介升级（更有逼格的文字）
——————地图类——————
▲新地图-火天路
▲新地图-实验种植地
▲第五战区-重置
断层带-波次修复
灭绝-增加支援量
——————炮塔类——————
部分特效重修
▲新炮塔-破霾
怨灵-贴图动画适配-特效升级
折跃-贴图重置
天罚-贴图重置
——————电力类——————
电力能耗全面“减负”
▲新发电机-弧裂反应堆
磁暴反应堆-解除限制（没找到解决方案
裂爆反应堆-降低发电量
钍反应堆-发电量降低
镄反应堆-发电量降低-造价上调
——————辅助类——————
裂位发射台-加入科技树
零丁-重做
——————状态类——————
▲新状态-毁灭
▲新状态-殁火
碎解-效果增强
绝判-增加简介
干扰-效果增强
——————单位类——————
实验工厂-造价提升
▲新单位-神渎
▲新单位-地魁
▲亚龙-贴图重置-武器重做
欧米茄-建造距离延长
工农-建造距离延长
阔野-建造距离延长
广寒-降低伤害
利刃-贴图重置-移速提升-武器重做
偏袒-降低血量-部分机型特化
轰炸-降低特效遮挡度
地动-优先进攻目标修改
梭鱼-加强武器
飞鲨-加强武器
星辉-降低伤害-修改射击方式
余晖-特效修改-主炮修改
雷暴-特效修改
日蚀-武器坐标修复-血量提升
"
}
