{
	"type": "GenericCrafter",
	"name": "纳米组装机",
	"outputItem": { "item": "纳米核", "amount": 1 },
	"size": 4,
	"hasPower": true,
	"hasLiquids": false,
	"hasItems": true,
	"craftTime": 40,
	"itemCapacity": 15,
	"drawer":{
        "type":"DrawMulti",
        "drawers":[
			{"type":"DrawFlame",
			"flameColor":"7cf389b6"},
            "DrawDefault",
			{"type":"DrawFade",
            "scale":6,
			"alpha":0.98}
            ]
    },
	"consumes": {
    "power":10,
    "items": {	 "items": [
 { "item": "silicon", "amount": 3},
 { "item": "titanium", "amount": 3}]
  } },
"requirements": [
	{ "item": "lead", "amount": 90},
	{ "item": "silicon", "amount": 45 },
	{ "item": "titanium", "amount": 35 },
	{ "item": "硅钢", "amount": 30 },
	{ "item": "一级协议", "amount": 0}
	],
	"category": "crafting",
    "ambientSound":"techloop",
	"research": "硅钢冶炼炉"
}