{
	"type": "GenericCrafter",
	"name": "硅钢冶炼炉",
	"outputItem": { "item": "硅钢", "amount": 1 },
	"size": 2,
	"hasPower": true,
	"hasItems": true,
	"craftTime": 50,
	"itemCapacity": 10,
	"drawer":{
		"type":"DrawMulti",
		"drawers":[
			"DrawDefault",
			"DrawFlame"
			]
	},
	"craftEffect":"smeltsmoke",
	"consumes": {
	"power":1.5,
	"items": {	 "items": [
	  { "item": "titanium", "amount": 1},
	  { "item": "silicon", "amount": 1}
		]
  }
 },
"requirements": [
		{ "item": "lead", "amount": 45},
		{ "item": "silicon", "amount": 25 },
		{ "item": "titanium", "amount": 35 }
	],
	"category": "crafting",
	"ambientSound":"smelter",
	"research": "实验室"
}