{
	"type": "naval",
	"name": "玄冥",
	"description": "发射内爆弹道导弹与大型鱼雷。携带4台全自动防空导弹。",
	"speed":0.6,	
	"rotateSpeed":0.63,
	"ammoType":"surge-alloy",
	"ammoCapacity": 1200,
	"hitSize":60, 
	"trailLength":70,
	"waveTrailX":20,
	"waveTrailY":-24,
	"trailScl":3.5,
	"health": 42600,
	"armor":14, 
	"faceTarget": false,
	"research": "海4",
	"requirements": {
		"block": "tetrative-reconstructor", 
		"previous": "海4"
	},
	"weapons":[
{"name":"神龙",
	"x":0,"y":16,
	"mirror":false,
	"reload":880,
	"shootSound":"missileLarge",
	"rotate": true,
	"rotateSpeed":99,
	"cooldownTime": 100,
	"inaccuracy":0,
	"recoil":0,
	"bullet":{
	"type":"BasicBulletType",
	"damage":930,
	"splashDamageRadius":380,
	"splashDamage":3850,
	"status":"崩溃",
	"statusDuration":1800,
	"buildingDamageMultiplier":2.3,
	"collides":false,
	"absorbable":false,
	"incendAmount": 75,
	"incendSpread": 160,
	"incendChance": 1,
	"hitEffect":{"type": "MultiEffect",
	"effects": [
		{"type": "ParticleEffect",
		"particles": 1,
		"sizeFrom": 80,
		"sizeTo": 360,
		"sizeInterp": "pow5Out",
		"length": 0,"baseLength": 0,
		"lifetime": 25.5,
		"colorFrom": "EEC591",
		"colorTo": "EEC59188",
		"cone": 360},
		{"type": "ParticleEffect",
		"particles": 1,
		"sizeFrom": 360,
		"sizeTo": 0,
		"sizeInterp": "pow10In",
		"length": 0,"baseLength": 0,
		"startDelay":25,
		"lifetime": 125,
		"colorFrom": "EEC59188",
		"colorTo": "EEC59188",
		"cone": 360},
		{"type": "ParticleEffect",
		"particles": 43,
		"sizeFrom": 33,
		"sizeTo": 0,
		"length": 360,
		"baseLength": 8,
		"startDelay":22,
		"interp": "pow10Out",
		"sizeInterp": "pow10In",
		"lifetime": 185,
		"colorFrom": "EEC59180",
		"colorTo": "EEC591AA",
		"cone": 360},
		{"type": "ParticleEffect",
			"particles": 102,
			"line": true,
			"strokeFrom": 5.2,
			"strokeTo": 0,
			"interp": "pow5Out",
			"sizeInterp": "pow5In",
			"lenFrom": 104,
			"lenTo": 0,
			"length": 480,
			"baseLength": 64,
			"lifetime": 25,
			"colorFrom": "EEC591",
			"colorTo": "EEC591",
			"cone": 360},
		{"type": "WaveEffect",
		"lifetime": 10,
		"sizeFrom": 0,
		"sizeTo": 450,
		"strokeFrom":30,
		"strokeTo":12,
		"colorFrom":"EEC591",
		"colorTo": "EEC59180"},
		{"type": "WaveEffect",
		"lifetime": 45,
		"sizeFrom": 0,
		"sizeTo": 399,
		"strokeFrom":25,
		"strokeTo":0,
		"colorFrom":"EEC591FF",
		"colorTo": "EEC591FF"},
		{"type": "WaveEffect",
		"startDelay":8,
		"lifetime": 45,
		"sizeFrom": 0,
		"sizeTo": 399,
		"strokeFrom":25,
		"strokeTo":0,
		"colorFrom":"EEC591FF",
		"colorTo": "EEC591FF"},
		{"type": "WaveEffect",
		"startDelay":15,
		"lifetime": 45,
		"sizeFrom": 0,
		"sizeTo": 399,
		"strokeFrom":25,
		"strokeTo":0,
		"colorFrom":"EEC591FF",
		"colorTo": "EEC591FF"}
	]},
	"hitShake":50,
"despawnEffect":{
	"type": "WaveEffect",
	"lifetime": 40,
	"sizeFrom": 40,
	"sizeTo": 480,
	"strokeFrom":30,
	"strokeTo": 0,
	"colorFrom": "EEC591",
	"colorTo": "ffffffff"
   },
"shootEffect":{
	"type": "MultiEffect",
	"effects": [
{
"type": "ParticleEffect",
"particles": 22,
"interp":"fastSlow",
"sizeFrom":12,
"sizeTo":0,
"length": 105,
"baseLength": 0,
"lifetime": 103,
"colorFrom": "EEC591FF",
"colorTo": "ffffff",
"cone": 40
},
{
"type": "WaveEffect",
"lifetime": 10,
"sizeFrom": 0,
"sizeTo": 30,
"strokeFrom": 3,
"strokeTo": 0,
"colorFrom": "EEC591",
"colorTo": "ffffff"
}
	]
},
"smokeEffect": "bigShockwave",
"makeFire":true,
"pierce": true,
"pierceBuilding":true,
	"scaleLife": true,
	"sprite":"饱和火力-大导弹",
	"trailLength":35,
	"trailWidth":3,
	"trailColor":"EEC591",
	"trailChance": 0,
	"trailInterval": 3,
	"trailEffect":{
		"type": "ParticleEffect",
		"particles": 4,
		"sizeFrom": 6,
		"sizeTo": 0,
		"lifetime": 105,
		"interp": "pow10Out",
		"sizeInterp": "pow5In",
		"baseLength": 0,
		"cone":20,
		"length": -55,
		"colorFrom": "EEC591",
		"colorTo": "FFFFFF80",
		"layer":110},
		"trailRotation": true,
	"backColor":"FF5B5B",
	"frontColor":"EEC591",
	"shrinkY":0,
	"width": 16,"height": 66,
	"speed": 2.2,	"lifetime": 300,
	"homingDelay": 155,
	"homingRange": 180,
	"homingPower": 0.02,
	"hitSoundVolume":6,
	"hitSound":"DBZ1",
	"parts":[
		{"type": "HaloPart",
		"sides": 3,"shapes": 3,
		"y":10,
		"color": "EEC591",
		"colorTo":"FF5B5B",
		"tri": true,
		"radius": 8,
		"radiusTo": 8,
		"triLength": 10,
		"triLengthTo": 15,
		"haloRadius": 30,
		"haloRadiusTo": 60,
		"haloRotateSpeed": 2},
		{"type": "HaloPart",
		"shapeRotation":180,
		"sides": 3,"shapes": 3,
		"y":10,
		"color": "EEC591",
		"colorTo":"FF5B5B",
		"tri": true,
		"radius": 8,
		"radiusTo": 8,
		"triLength": 8,
		"triLengthTo": 48,
		"haloRadius": 30,
		"haloRadiusTo": 60,
		"haloRotateSpeed": 2}]
	}},
	{"name":"玄冥2",
	"x":18,"y":15,
	"reload":60,
	"shootCone":60,
	"shoot": {
		"shots": 3,
		"shotDelay": 4
	},
	"shootSound":"missile",
	"rotate": true,
	"rotateSpeed":6,
	"inaccuracy":10,
	"xRand":3,
	"controllable":false,
	"autoTarget":true,
	"bullet":{
	"type":"FlakBulletType",
	"damage": 33,
	"splashDamageRadius":40,
	"splashDamage":55,
	"homingRange": 100,
	"homingPower": 0.2,
	"hitEffect":"flakExplosionBig",
	"despawnEffect":"none",
	"sprite":"饱和火力-落雁", 
	"trailLength":8,
	"trailWidth":2,
	"trailEffect":"none",
	"trailColor":"FFFFFF",
	"backColor":"FF5B5BFF",
	"frontColor":"E3E3E3",
	"width": 12,	"height": 45,
	"speed": 8,	"lifetime": 58}},
	{"name":"玄冥2",
	"x":-24,"y":-11,
	"reload":60,
	"shootCone":60,
	"shoot": {
		"shots": 3,
		"shotDelay": 4
	},
	"shootSound":"missile",
	"rotate": true,
	"rotateSpeed":6,
	"inaccuracy":10,
	"xRand":3,
	"controllable":false,
	"autoTarget":true,
	"bullet":{
	"type":"MissileBulletType",
	"damage": 33,
	"splashDamageRadius":40,
	"splashDamage":55,
	"homingRange": 100,
	"homingPower": 0.2,
	"hitEffect":"flakExplosionBig",
	"despawnEffect":"none",
	"sprite":"饱和火力-落雁", 
	"trailLength":8,
	"trailWidth":2,
	"trailEffect":"none",
	"trailColor":"FFFFFF",
	"backColor":"FF5B5BFF",
	"frontColor":"E3E3E3",
	"width": 12,	"height": 45,
	"speed": 8,	"lifetime": 58}},

	{"name":"鱼雷",
	"x":0,"y":0,
	"reload":65,
	"mirror":false,
	"shoot": {
		"shots": 2,
		"shotDelay": 23,
		"type": "ShootBarrel",
		"barrels": [
			20,0,-22.5,
			-20,0,22.5
		]},
	"shootSound":"mineDeploy",
	"rotate": false,
	"shootCone":360,
	"inaccuracy":20,
	"autoTarget":true,
	"bullet":{
		"type":"BasicBulletType",
		"reflectable":false,
		"damage": 280,
		"splashDamageRadius":90,
		"splashDamage": 480,
		"status": "崩溃",
		"statusDuration": 160,
		"homingDelay":15,
		"homingRange": 320,
		"homingPower": 0.052,
		"pierceArmor":true,
		"hittable":false,
		"absorbable":false,
		"collidesAir":false,
		"collideFloor":true,
		"layer":49,
		"shootEffect":"none",
		"smokeEffect":"none",
	"hitEffect":{"type": "MultiEffect",
	"effects": [
	{"type": "ParticleEffect",
	"particles": 18,
	"interp": "pow10Out",
	"sizeInterp": "pow10In",
	"sizeFrom": 11,
	"sizeTo": 0,
	"length": 95,
	"baseLength": 3,
	"lifetime": 125,
	"colorFrom": "FEEBB3",
	"colorTo": "FEEBB3",
	"cone": 360},
	{"type": "ParticleEffect",
	"particles": 18,
	"interp": "pow10Out",
	"sizeInterp": "pow10In",
	"sizeFrom": 8,
	"sizeTo": 0,
	"length": 95,
	"baseLength": 3,
	"lifetime": 105,
	"colorFrom": "FFFFFFA8",
	"colorTo": "737373FF",
	"cone": 360},
	{"type": "ParticleEffect",
	"particles": 22,
	"interp": "pow10Out",
	"sizeInterp": "pow5In",
	"sizeFrom": 9,
	"sizeTo": 0,
	"length": 89,
	"baseLength": 0,
	"lifetime": 60,
	"colorFrom": "596ab8",
	"colorTo": "596ab890",
	"cone": 360},
	{"type": "ParticleEffect",
	"particles": 40,
	"line":true,
	"strokeFrom": 2,
	"strokeTo": 2,
	"lenFrom":44,
	"lenTo":0,
	"length": 123,
	"baseLength": 13,
	"lifetime": 15,
	"colorFrom": "FFFFFF",
	"colorTo": "FFE176FF",
	"cone": 360},
	{"type": "WaveEffect",
	"lifetime": 22,
	"sizeFrom": 1,
	"sizeTo": 93,
	"strokeFrom": 9,
	"strokeTo": 0,
	"colorFrom": "FFE176FF",
	"colorTo": "ffffff"},
	{"type": "WaveEffect",
	"lifetime": 22,
	"sizeFrom": 1,
	"sizeTo": 72,
	"strokeFrom": 7,
	"strokeTo": 0,
	"colorFrom": "FFE176FF",
	"colorTo": "ffffff"}]},
		"despawnEffect":"none",
		"hitShake": 12,
		"hitSound":"plasmaboom",
		"hitSoundVolume":5,
		"sprite":"饱和火力-导弹",
		"trailLength":10,
		"trailWidth":2.6,
		"trailColor":"596ab890",
		"backColor":"596ab890",
		"frontColor":"596ab890",
		"trailChance": 0,
		"trailInterval": 4,
		"trailEffect": {"type": "MultiEffect",
		"effects": [
			{"type": "ParticleEffect",
			"particles": 5,
			"sizeFrom": 6,
			"sizeTo": 0,
			"lifetime": 95,
			"interp": "pow10Out",
			"sizeInterp": "pow5In",
			"baseLength": 0,
			"cone":20,
			"length": -75,
			"colorFrom": "596ab8A8",
			"colorTo": "596ab8A8",
			"layer":49.9},
			{"type": "WaveEffect",
			"lifetime": 42,
			"startDelay":2,
			"sizeFrom": 1,
			"sizeTo": 53,
			"strokeFrom": 3,
			"strokeTo": 0,
			"layer":49.9,
			"colorFrom": "596ab8",
			"colorTo": "596ab8A8"},
		{"type": "ParticleEffect",
		"particles": 4,
		"region":"饱和火力-菱形",
		"sizeFrom": 6,
		"sizeTo": 2,
		"lifetime": 95,
		"interp": "pow10Out",
		"baseLength": 0,
		"cone":20,
		"length": -75,
		"colorFrom": "FFFFFF30",
		"colorTo": "FFFFFF00",
		"layer":100}
		]},
		"trailRotation": true,
		"shrinkY":0,
		"width": 13,	"height": 55,
		"speed": 5,	"lifetime": 90 }},
	{"name":"玄冥1",
	"x":0,"y":0,
	"shootY":8, 
	"shootX":11,
	"mirror":true,
	"alternate": false,
	"reload": 20,
	"rotate": true,
	"rotateSpeed": 6,
	"shootSound":"railgun",
	"inaccuracy": 0,
	"recoil":2,
	"shake":2,
	"bullet":{
	"height": 35,"width":5,
	"damage":170,
	"speed":10,"lifetime":48,
	"splashDamageRadius":45,
	"splashDamage":165,
	"buildingDamageMultiplier":3,
	"status":"崩溃",
	"statusDuration":400,
	"frontColor":"EEC591FF",
	"backColor":"FFFFFF",
	"trailLength":16,
	"trailWidth":1.5,
	"trailColor":"EEC591FF", 
	"smokeEffect": "bigShockwave",
	"hitSound":"plasmaboom",
	"despawnEffect":"instBomb",
	"hitEffect":"instBomb"}
	  }
	]
}