{
	"type": "naval",
	"name": "参宿",
	"description": "发射小口径炮弹和中程制导鱼雷。",
	"details":"机动性能优秀，常用作巡航单位，能够高效清理落单的敌方船只",
	"speed":1.35,
	"rotateSpeed":3,
	"ammoType":"graphite",
	"ammoCapacity": 60,
	"trailLength":24,
	"waveTrailX":0,
	"waveTrailY":-6,
	"trailScl":2,
	"hitSize":10, 
	"health": 300,
	"armor":2,
	"faceTarget": false,
	"research": "risso",
	"requirements": {
		"block": "naval-factory",
		"time": 3600,
		"requirements": [
			"silicon/35",
			"titanium/35",
			"metaglass/25"]},
	"weapons":[ 
		{	"name": "参宿1",	
		"reload": 6,
		"recoil":0.6,
		"shootY":3,
		"x": 3.5,  "y": 0, 
		"rotate": true,
		"rotateSpeed":6,
		"inaccuracy": 0.5,
		"ejectEffect":"casing1",
		"shootSound": "pew",
		"bullet":{
		"damage":9.6,
		"speed":9,
		"lifetime":20,
		"width":5,
		"height":8
	}},
	{"name":"参宿2",
	"mirror":false,
	"reload":120,
	"x":0, "y":0,
	"shoot": {
		"type": "ShootBarrel",
		"barrels":
		[0,0,-15,
		0,0,15]},
	"shootCone":360,
	"shootSound":"mineDeploy",
	"ignoreRotation":true,
	"rotate": true,
	"rotateSpeed":0,
	"inaccuracy":0,
	"bullet":{
	"damage": 25,
	"splashDamageRadius":35,
	"splashDamage":45,
	"homingRange": 250,
	"homingDelay":8,
	"homingPower": 0.1,
	"absorbable":false,
	"collidesAir":false,
	"collideFloor":true,
	"shootEffect":"none",
	"smokeEffect":"none",
	"hitEffect":"flakExplosionBig",
	"hitSound":"explosion",
	"despawnEffect":"flakExplosionBig",
	"sprite":"missile",  
	"trailLength":6,
	"trailWidth":1.2,
	"trailColor":"596ab8",
	"backColor":"596ab8",
	"frontColor":"ffffff",
	"trailChance": 1,
	"trailInterval": 2,
		"trailEffect": {
			"type": "ParticleEffect",
			"particles": 3,
			"sizeFrom": 1,
			"sizeTo": 3,
			"lifetime": 45,
			"interp": "pow10Out",
			"baseLength": 3,
			"cone":30,
			"length": -35,
			"colorFrom": "596ab8",
			"colorTo": "596ab800"
		},
	"trailRotation": true,
	"width": 8,	"height": 20,
	"speed": 5,	"lifetime": 45 }}
	]
}