{
"name":"崩溃",
	"damage":2,
	"healthMultiplier":0.95,
	"speedMultiplier":0.6,
	"effectChance":0.1,
	"effect":{"type": "MultiEffect",
	"effects": [
		{	"type": "ParticleEffect",
	"particles": 6,
	"baseLength": 0,
	"length":25,
	"lifetime": 10,
	"sizeFrom": 2,
	"sizeTo": 0,
	"colorFrom": "FEEBB3FF",
	"colorTo": "FEEBB3FF",
	"cone":360 },
		{"type": "ParticleEffect",
			"particles": 2,
			"line": true,
			"interp": "slowFast",
			"strokeFrom": 2,
			"strokeTo": 0,
			"lenFrom": 10,
			"lenTo": 0,
			"length": 23,
			"baseLength": 0,
			"lifetime": 10,
			"colorFrom": "FEEBB3FF",
			"colorTo": "FEEBB3FF",
			"cone":360}
		]}
}