{
    "description": "掌握分子碎裂重组技术，有效填充仓库空间",
    "requirements": [
        "镄/2000","silicon/3000",
        "硅钢/2200","plastanium/1200",
        "surge-alloy/700","纳米核/1000",
        "二级协议/8"
    ],
    "type": "StorageBlock",
    "name": "分子数据库",
    "size": 3,
    "health": 2800,
    "itemCapacity": 100000,
    "research": {
		"parent": "前哨基地",
		"objectives": [
			{
				"type": "SectorComplete",
				"preset": "荒芜矿区"
			}]},
    "category": "effect"
}