{
	"name": "战争实验室",
	"description": "研发能够制衡其他究级科技的新式机械。需要大量冷冻液支持运行。必须优先保护！\n[red]不要急于求成[white]，科研不是短时间内可以成功的。",
	"type": "Separator",
	"health": 15000,
	"size": 7,	
	"canOverdrive": false,
    "rebuildable":false,
	"results": [
	{"item": "一级协议", "amount": 29},
	{"item": "二级协议", "amount": 8},
	{"item": "三级协议", "amount": 2}
	],
	"hasLiquids": true,	
	"itemCapacity": 50,
	"liquidCapacity": 900,
	"craftTime": 15,
    "drawer":{
        "type":"DrawMulti",
        "drawers":[
            "DrawDefault",
	    {"type":"DrawLiquidRegion",
        "drawLiquid":"cryofluid",
    "suffix":"-液体"}
    ]},
	"consumes":{
	"power": 36,
	"liquid": { "liquid": "cryofluid", "amount": 3}
	},
	"requirements": [
	{"item": "lead", "amount": 4000},
	{"item": "metaglass", "amount": 2000},
	{"item": "silicon", "amount": 3800},
	{ "item": "硅钢", "amount": 1700 },
	{ "item": "纳米核", "amount": 1200},
	{ "item": "surge-alloy", "amount": 1500},
	{ "item": "phase-fabric", "amount": 800},
	{ "item": "泰勒合金", "amount": 1200 },
    { "item": "镄", "amount": 800 },
	{"item": "二级协议", "amount": 10}
	],
    "destroyEffect": {
        "type": "MultiEffect",
        "effects": [
{
"type": "WaveEffect",
"lifetime": 120,
"sizeFrom": 40,
"sizeTo": 500,
"strokeFrom": 4,
"strokeTo": 0,
"colorFrom": "FFFFFF",
"colorTo": "FF5B5BFF"
    },
{
    "type": "WaveEffect",
    "lifetime": 15,
    "sizeFrom": 0,
    "sizeTo": 500,
    "strokeFrom": 3,
    "strokeTo": 0,
    "colorFrom": "FFFFFF",
    "colorTo": "ffffff"
}
        ]
    },
    "destroyBullet": {
        "type":"ArtilleryBulletType",
        "width": 0,
        "height": 0,
        "speed": 0,
        "lifetime": 780,
        "collides": false,
        "absorbable":false,
        "hitShake": 20,
        "hitSound": "DBZ1",
        "despawnEffect": "none",
        "hitEffect":{
            "type": "MultiEffect",
            "lifetime": 120,
            "effects": [
            {"type": "ParticleEffect",
            "particles": 50,
            "sizeFrom": 20,
            "sizeTo": 0,
            "length": 500,
            "baseLength": 8,
            "lifetime": 110,
            "interp": "fastSlow",
            "colorFrom": "FF5B5BFF",
            "colorTo": "FF5B5BFF",
            "cone": 360},
            {"type": "WaveEffect",
            "lifetime": 15,
            "sizeFrom": 8,
            "sizeTo": 500,
            "strokeFrom": 16,
            "strokeTo": 0,
            "colorFrom": "FF5B5BFF",
            "colorTo": "FF5B5BFF"
            },
            {"type": "WaveEffect",
            "lifetime": 200,
            "sizeFrom": 8,
            "sizeTo": 500,
            "strokeFrom": 48,
            "strokeTo": 0,
            "colorFrom": "FF5B5BFF",
            "colorTo": "FF5B5BFF"
            }
            ]},
        "splashDamageRadius": 500,
        "splashDamage": 3800,
        "fragLifeMin": 1,
        "fragBullets": 325,
        "fragBullet":{
    "type":"BasicBulletType",
    "width": 0,
    "height": 0,
    "speed":5.6,
    "lifetime":95,
    "collides": false,
    "absorbable":false,
    "splashDamageRadius": 88,
    "splashDamage": 666,
    "hitShake": 11,
    "hitSound":"explosionbig",
    "despawnEffect":"none",
    "hitEffect": {
        "type": "MultiEffect",
        "effects": [
{
"type": "ParticleEffect",
"interp": "fastSlow",
"particles": 13,
"sizeFrom": 15,
"sizeTo": 0,
"length": 55,
"baseLength": 39,
"lifetime": 95,
"colorFrom": "FF5B5BFF",
"colorTo": "ffffff",
"cone": 360
},
{
"type": "WaveEffect",
"lifetime": 10,
"sizeFrom": 6,
"sizeTo": 88,
"strokeFrom": 6,
"strokeTo": 0,
"colorFrom": "FF5B5BFF",
"colorTo": "FF5B5BFF"
}]}
},
    "bulletInterval": 1,
    "intervalBullets": 10,
    "intervalRandomSpread": 360,
    "intervalSpread": 0,
    "intervalAngle": 0,
    "intervalBullet":{
        "type":"PointBulletType",
        "trailEffect": "none",
        "despawnEffect":"none",
        "hitEffect":"none",
        "lifetime":1,
        "speed":1,
    "fragBullets":1,
    "fragLifeMin":0.2,
    "fragBullet":{
"type":"BasicBulletType",
"collides": false,
"absorbable":false,
"width": 0,
"height": 0,
"speed":50,
"lifetime":10,
"damage":100,
"despawnEffect":"none",
"hitSound":"palsmadrop",
"hitEffect":{
    "type": "WaveEffect",
    "lifetime": 120,
    "sizeFrom": 45,
    "sizeTo": 0,
    "strokeFrom": 0,
    "strokeTo": 4,
    "colorFrom": "FF5B5B",
    "colorTo": "FF5B5B80"},
"fragLifeMin": 1,
"fragLifeMax": 1,
"fragBullets": 1,
"fragBullet":{
    "hitEffect": {
        "type": "MultiEffect",
        "effects": [
{
"type": "ParticleEffect",
"particles": 13,
"interp": "fastSlow",
"sizeFrom": 15,
"sizeTo": 0,
"length": 55,
"baseLength": 39,
"lifetime": 35,
"colorFrom": "FF5B5BFF",
"colorTo": "ffffff",
"cone": 360
},
{
"type": "WaveEffect",
"lifetime": 10,
"sizeFrom": 6,
"sizeTo": 88,
"strokeFrom": 6,
"strokeTo": 0,
"colorFrom": "FF5B5BFF",
"colorTo": "FF5B5BFF"
}]},
"hitShake": 11,
"despawnEffect": "none",
"hitSound": "largeExplosion",
"width": 0,
"height": 0,
"collides": false,
"absorbable":false,
"splashDamageRadius": 88,
"splashDamage": 235,
"lifetime": 120,
"speed": 0}}}},
	"category": "effect",
	"research": {
		"parent": "前哨基地",
		"objectives": [
			{
				"type": "SectorComplete",
				"preset": "迫降区"
			},
            {
				"type": "SectorComplete",
				"preset": "荒芜矿区"
			}
        ]}
}
