{
    "type": "PowerTurret",
    "name": "最终手段",
    "description": "[yellow]呼叫一次[red]无视敌我的轨道轰炸[yellow]毁灭附近的区域。[white]检测范围小，需要机载投放。\n[yellow]需要5秒开机准备时间。",
    "health": 830,
    "size": 2,
    "reload": 280,
    "canOverdrive": false,
    "range": 160,
    "rebuildable":false,
    "inaccuracy": 0,
    "rotateSpeed": 99,
    "shootSound": "none",
"shootType": {
    "killShooter": true,
    "hittable":false,
    "absorbable":false,
    "hitSound": "DBZ1",
    "ammoMultiplier": 1,
    "type": "BasicBulletType",
    "speed": 0,
    "lifetime": 1,
    "shootEffect":"none",
    "smokeEffect":"none",
    "hitEffect":"none",
    "despawnEffect":"none",
    "hitShake": 20,
    "damage":112,
    "splashDamageRadius": 500,
    "splashDamage": 5800,
	"status":"碎解",
    "statusDuration":600
},
    "destroyEffect": {
        "type": "MultiEffect",
        "effects": [
{
"type": "WaveEffect",
"lifetime": 120,
"sizeFrom": 40,
"sizeTo": 500,
"strokeFrom": 4,
"strokeTo": 0,
"colorFrom": "FFFFFF",
"colorTo": "FF5B5BFF"
    },
{
    "type": "WaveEffect",
    "lifetime": 15,
    "sizeFrom": 0,
    "sizeTo": 500,
    "strokeFrom": 3,
    "strokeTo": 0,
    "colorFrom": "FFFFFF",
    "colorTo": "ffffff"
}
        ]
    },
    "destroyBullet": {
        "type":"BasicBulletType",
        "width": 0,
        "height": 0,
        "speed": 0,
        "lifetime": 780,
        "collides": false,
        "hittable":false,
        "absorbable":false,
        "hitShake": 20,
        "hitSound": "DBZ1",
        "despawnEffect": "none",
        "hitEffect":{
            "type": "MultiEffect",
            "lifetime": 120,
            "effects": [
            {"type": "ParticleEffect",
            "particles": 50,
            "sizeFrom": 20,
            "sizeTo": 0,
            "length": 500,
            "baseLength": 8,
            "lifetime": 110,
            "interp": "fastSlow",
            "colorFrom": "FF5B5BFF",
            "colorTo": "FF5B5BFF",
            "cone": 360},
            {"type": "WaveEffect",
            "lifetime": 15,
            "sizeFrom": 8,
            "sizeTo": 500,
            "strokeFrom": 16,
            "strokeTo": 0,
            "colorFrom": "FF5B5BFF",
            "colorTo": "FF5B5BFF"
            },
            {"type": "WaveEffect",
            "lifetime": 200,
            "sizeFrom": 8,
            "sizeTo": 500,
            "strokeFrom": 48,
            "strokeTo": 0,
            "colorFrom": "FF5B5BFF",
            "colorTo": "FF5B5BFF"
            }
            ]},
        "splashDamageRadius": 500,
        "splashDamage": 3800,
        "fragLifeMin": 1,
        "fragBullets": 325,
        "fragBullet":{
    "type":"BasicBulletType",
    "width": 0,
    "height": 0,
    "speed":5.6,
    "lifetime":95,
    "collides": false,
    "hittable":false,
    "absorbable":false,
    "splashDamageRadius": 88,
    "splashDamage": 666,
    "hitShake": 11,
    "hitSound":"explosionbig",
    "despawnEffect":"none",
    "hitEffect": {
        "type": "MultiEffect",
        "effects": [
{
"type": "ParticleEffect",
"interp": "fastSlow",
"particles": 13,
"sizeFrom": 15,
"sizeTo": 0,
"length": 55,
"baseLength": 39,
"lifetime": 95,
"colorFrom": "FF5B5BFF",
"colorTo": "ffffff",
"cone": 360
},
{
"type": "WaveEffect",
"lifetime": 10,
"sizeFrom": 6,
"sizeTo": 88,
"strokeFrom": 6,
"strokeTo": 0,
"colorFrom": "FF5B5BFF",
"colorTo": "FF5B5BFF"
}]}
},
    "bulletInterval": 1,
    "intervalBullets": 10,
    "intervalRandomSpread": 360,
    "intervalSpread": 0,
    "intervalAngle": 0,
    "intervalBullet":{
        "type":"PointBulletType",
        "trailEffect": "none",
        "despawnEffect":"none",
        "hitEffect":"none",
        "lifetime":1,
        "speed":1,
    "fragBullets":1,
    "fragLifeMin":0.3,
    "fragBullet":{
"type":"BasicBulletType",
"collides": false,
        "hittable":false,
        "absorbable":false,
"width": 0,
"height": 0,
"speed":50,
"lifetime":10,
"damage":100,
"despawnEffect":"none",
"hitSound":"palsmadrop",
"hitEffect":{
    "type": "WaveEffect",
    "lifetime": 120,
    "sizeFrom": 45,
    "sizeTo": 0,
    "strokeFrom": 0,
    "strokeTo": 4,
    "colorFrom": "FF5B5B",
    "colorTo": "FF5B5B80"},
"fragLifeMin": 1,
"fragLifeMax": 1,
"fragBullets": 1,
"fragBullet":{
    "hitEffect": {
        "type": "MultiEffect",
        "effects": [
{
"type": "ParticleEffect",
"particles": 13,
"interp": "fastSlow",
"sizeFrom": 15,
"sizeTo": 0,
"length": 55,
"baseLength": 39,
"lifetime": 35,
"colorFrom": "FF5B5BFF",
"colorTo": "ffffff",
"cone": 360
},
{
    "type": "ParticleEffect",
    "particles": 1,  
    "baseLength": 0,
    "length":0,
    "lifetime": 15,
    "region":"饱和火力-星",
    "sizeFrom": 100,
    "sizeTo": 0,
    "colorFrom": "FF5B5BFF",
    "colorTo": "FF5B5B",
    "cone":360 },
{
"type": "WaveEffect",
"lifetime": 10,
"sizeFrom": 6,
"sizeTo": 88,
"strokeFrom": 6,
"strokeTo": 0,
"colorFrom": "FF5B5BFF",
"colorTo": "FF5B5BFF"
}]},
"hitShake": 11,
"despawnEffect": "none",
"hitSound": "largeExplosion",
"width": 0,
"height": 0,
"collides": false,
"hittable":false,
"absorbable":false,
"splashDamageRadius": 88,
"splashDamage": 235,
"lifetime": 120,
"speed": 0}}}},
"requirements": [
{
    "item": "lead",
    "amount": 50
},
{
    "item": "silicon",
    "amount": 30
},
{
    "item": "泰勒合金",
    "amount": 15
},
{
    "item": "三级协议",
    "amount": 20
}
    ],
	"research": {
		"parent": "战研",
		"objectives": [
			{
				"type": "SectorComplete",
				"preset": "雷鸣裂谷"
			}]},
    "category": "effect"
}
