{
	"type": "GenericCrafter",
	"name": "钍",
	"description": "物理老师震怒6",
	"outputItem": { "item": "thorium", "amount": 10},
	"size": 1,
	"health":50,
	"itemCapacity": 50,
	"hasPower": false,
	"hasLiquids": false,
	"hasItems": true,
	"craftTime": 6,
	"consumes": {
    "items": {
	 "items": [
    { "item": "coal", "amount": 10}
	]
  }
 },
"requirements": [
	{ "item": "thorium", "amount": 10 },
	{ "item": "一级协议", "amount": 0  }
	],
	"buildVisibility": "sandboxOnly",
	"category": "crafting",
	"research": "无5"
}