{
    "health": 38000,
    "weapons": [
            {"name": "龙王1",
            "mirror": false,
            "shake": 3,
            "rotate": true,
            "rotateSpeed": 5,
            "x": 21,"y": -29.25,
            "shootY":7,
            "recoil":1,
            "reload": 170,
            "controllable": false,
            "autoTarget": true,
            "shootSound": "beam",
            "continuous": true,
            "cooldownTime": 200,
            "bullet": {
                "type": "ContinuousLaserBulletType",
                "damage": 30,
                "knockback": 1,
                "status": "拆解",
                "statusDuration": 120,
                "width": 4.3, "length": 110,
                "colors": ["97FFA890","97FFA880","97FFA8FF"],
                "hitEffect": {
                    "type": "ParticleEffect",
                    "particles": 5,
                    "line": true,
                    "strokeFrom": 2,
                    "strokeTo": 0,
                    "lenFrom": 18,
                    "lenTo": 18,
                    "length": 1,
                    "baseLength": 8,
                    "lifetime": 8,
                    "colorFrom": "97FFA8FF",
                    "colorTo": "97FFA8FF",
                    "cone": 80
                },
                "lifetime": 180,
                "shake": 1,
                "collidesTeam":true,
                "largeHit":false,
                "healPercent":0.4,
                "despawnEffect": "smokeCloud",
                "shootEffect":"shootHeal",
                "smokeEffect": "none",
                "incendChance": 0.03,
                "incendSpread": 8,
                "incendAmount": 1,
                "spawnBullets":[
                    {"type":"LightningBulletType",
                    "damage": 23,
                    "lightningColor":"97FFA8FF",
                    "hitColor":"97FFA8FF",
                    "lightningLength":20,
                    "lightningLengthRand":8,
                    "healPercent":2,
                    "collidesTeam":true,
                    "hitEffect":"hitLancer",
                    "despawnEffect":"none",
                    "status":"干扰",
                    "statusDuration":10},
                    {"type":"LightningBulletType",
                    "damage": 23,
                    "lightningColor":"97FFA8FF",
                    "hitColor":"97FFA8FF",
                    "lightningLength":20,
                    "lightningLengthRand":8,
                    "healPercent":2,
                    "collidesTeam":true,
                    "hitEffect":"hitLancer",
                    "despawnEffect":"none",
                    "status":"干扰",
                    "statusDuration":10}]}},
            {"name": "龙王1",
            "mirror": false,
            "shake": 3,
            "rotate": true,
            "rotateSpeed": 5,
            "x": -21,"y": -29.25,
            "shootY":7,
            "recoil":1,
            "reload": 170,
            "controllable": false,
            "autoTarget": true,
            "shootSound": "beam",
            "continuous": true,
            "cooldownTime": 200,
            "bullet": {
                "type": "ContinuousLaserBulletType",
                "damage": 30,
                "knockback": 1,
                "status": "拆解",
                "statusDuration": 120,
                "width": 4.3, "length": 110,
                "colors": ["97FFA890","97FFA880","97FFA8FF"],
                "hitEffect": {
                    "type": "ParticleEffect",
                    "particles": 5,
                    "line": true,
                    "strokeFrom": 2,
                    "strokeTo": 0,
                    "lenFrom": 18,
                    "lenTo": 18,
                    "length": 1,
                    "baseLength": 8,
                    "lifetime": 8,
                    "colorFrom": "97FFA8FF",
                    "colorTo": "97FFA8FF",
                    "cone": 80
                },
                "lifetime": 180,
                "shake": 1,
                "collidesTeam":true,
                "largeHit":false,
                "healPercent":0.4,
                "despawnEffect": "smokeCloud",
                "shootEffect":"shootHeal",
                "smokeEffect": "none",
                "incendChance": 0.03,
                "incendSpread": 8,
                "incendAmount": 1,
                "spawnBullets":[
                    {"type":"LightningBulletType",
                    "damage": 23,
                    "lightningColor":"97FFA8FF",
                    "hitColor":"97FFA8FF",
                    "lightningLength":20,
                    "lightningLengthRand":8,
                    "healPercent":2,
                    "collidesTeam":true,
                    "hitEffect":"hitLancer",
                    "despawnEffect":"none",
                    "status":"干扰",
                    "statusDuration":10},
                    {"type":"LightningBulletType",
                    "damage": 23,
                    "lightningColor":"97FFA8FF",
                    "hitColor":"97FFA8FF",
                    "lightningLength":20,
                    "lightningLengthRand":8,
                    "healPercent":2,
                    "collidesTeam":true,
                    "hitEffect":"hitLancer",
                    "despawnEffect":"none",
                    "status":"干扰",
                    "statusDuration":10}]}},    
            {"name": "龙王1",
            "mirror": false,
            "shake": 3,
            "rotate": true,
            "rotateSpeed": 5,
            "x": 21,"y": 12.5,
            "shootY":7,
            "recoil":1,
            "reload": 170,
            "controllable": false,
            "autoTarget": true,
            "shootSound": "beam",
            "continuous": true,
            "cooldownTime": 200,
            "bullet": {
                "type": "ContinuousLaserBulletType",
                "damage": 30,
                "knockback": 1,
                "status": "拆解",
                "statusDuration": 120,
                "width": 4.3, "length": 110,
                "colors": ["97FFA890","97FFA880","97FFA8FF"],
                "hitEffect": {
                    "type": "ParticleEffect",
                    "particles": 5,
                    "line": true,
                    "strokeFrom": 2,
                    "strokeTo": 0,
                    "lenFrom": 18,
                    "lenTo": 18,
                    "length": 1,
                    "baseLength": 8,
                    "lifetime": 8,
                    "colorFrom": "97FFA8FF",
                    "colorTo": "97FFA8FF",
                    "cone": 80
                },
                "lifetime": 180,
                "shake": 1,
                "collidesTeam":true,
                "largeHit":false,
                "healPercent":0.4,
                "despawnEffect": "smokeCloud",
                "shootEffect":"shootHeal",
                "smokeEffect": "none",
                "incendChance": 0.03,
                "incendSpread": 8,
                "incendAmount": 1,
                "spawnBullets":[
                    {"type":"LightningBulletType",
                    "damage": 23,
                    "lightningColor":"97FFA8FF",
                    "hitColor":"97FFA8FF",
                    "lightningLength":20,
                    "lightningLengthRand":8,
                    "healPercent":2,
                    "collidesTeam":true,
                    "hitEffect":"hitLancer",
                    "despawnEffect":"none",
                    "status":"干扰",
                    "statusDuration":10},
                    {"type":"LightningBulletType",
                    "damage": 23,
                    "lightningColor":"97FFA8FF",
                    "hitColor":"97FFA8FF",
                    "lightningLength":20,
                    "lightningLengthRand":8,
                    "healPercent":2,
                    "collidesTeam":true,
                    "hitEffect":"hitLancer",
                    "despawnEffect":"none",
                    "status":"干扰",
                    "statusDuration":10}]}},
            {"name": "龙王1",
            "mirror": false,
            "shake": 3,
            "rotate": true,
            "rotateSpeed": 5,
            "x": -21,"y": 12.5,
            "shootY":7,
            "recoil":1,
            "reload": 170,
            "controllable": false,
            "autoTarget": true,
            "shootSound": "beam",
            "continuous": true,
            "cooldownTime": 200,
            "bullet": {
                "type": "ContinuousLaserBulletType",
                "damage": 30,
                "knockback": 1,
                "status": "拆解",
                "statusDuration": 120,
                "width": 4.3, "length": 110,
                "colors": ["97FFA890","97FFA880","97FFA8FF"],
                "hitEffect": {
                    "type": "ParticleEffect",
                    "particles": 5,
                    "line": true,
                    "strokeFrom": 2,
                    "strokeTo": 0,
                    "lenFrom": 18,
                    "lenTo": 18,
                    "length": 1,
                    "baseLength": 8,
                    "lifetime": 8,
                    "colorFrom": "97FFA8FF",
                    "colorTo": "97FFA8FF",
                    "cone": 80
                },
                "lifetime": 180,
                "shake": 1,
                "collidesTeam":true,
                "largeHit":false,
                "healPercent":0.4,
                "despawnEffect": "smokeCloud",
                "shootEffect":"shootHeal",
                "smokeEffect": "none",
                "incendChance": 0.03,
                "incendSpread": 8,
                "incendAmount": 1,
                "spawnBullets":[
                    {"type":"LightningBulletType",
                    "damage": 23,
                    "lightningColor":"97FFA8FF",
                    "hitColor":"97FFA8FF",
                    "lightningLength":20,
                    "lightningLengthRand":8,
                    "healPercent":2,
                    "collidesTeam":true,
                    "hitEffect":"hitLancer",
                    "despawnEffect":"none",
                    "status":"干扰",
                    "statusDuration":10},
                    {"type":"LightningBulletType",
                    "damage": 23,
                    "lightningColor":"97FFA8FF",
                    "hitColor":"97FFA8FF",
                    "lightningLength":20,
                    "lightningLengthRand":8,
                    "healPercent":2,
                    "collidesTeam":true,
                    "hitEffect":"hitLancer",
                    "despawnEffect":"none",
                    "status":"干扰",
                    "statusDuration":10}]}},
        {"name": "罗汉2",
            "x": 17.5,
            "y": -6.5,
            "inaccuracy": 0,
            "shootCone": 60,
            "shootSound": "laser",
            "shootY": 5,
            "shake": 4,
            "rotate": true,
            "rotateSpeed": 2,
            "reload": 75,
            "cooldownTime": 40,
            "alternate": true,
            "bullet": {
                "type": "EmpBulletType",
                "sprite": "circle-bullet",
                "width": 12,
                "height": 20,
                "shrinkY": 0,
                "healPercent": 20,
                "speed": 17,
                "lifetime": 19,
                "damage": 67,
                "radius": 100,
                "splashDamageRadius": 100,
                "splashDamage": 70,
                "timeIncrease": 3,
                "powerDamageScl": 3,
                "unitDamageScl": 0.88,
                "hitUnits": true,
                "scaleLife": true,
                "status": "electrified",
                "statusDuration": 480,
                "frontColor": "97FFA8FF",
                "backColor": "97FFA8FF",
                "trailLength": 20,
                "trailWidth": 6,
                "trailColor": "97FFA8FF",
                "trailChance": 0.33,
                "trailInterval": 8,
                "trailRotation": true,
                "trailEffect": {
                    "type": "ParticleEffect",
                    "particles": 3,
                    "line": true,
                    "strokeFrom": 1.3,
                    "strokeTo": 1.3,
                    "lenFrom": 13,
                    "lenTo": 0,
                    "sizeInterp": "pow10In",
                    "interp": "pow5Out",
                    "length": -80,
                    "baseLength": 0,
                    "lifetime": 32,
                    "colorFrom": "97FFA8",
                    "colorTo": "97FFA8",
                    "cone": 11
                },
                "hitShake": 4,
                "shootEffect": "hitEmpSpark",
                "smokeEffect": "shootBigSmoke2",
                "hitSound": "plasmaboom",
                "despawnEffect": {
                    "type": "ParticleEffect",
                    "particles": 13,
                    "line": true,
                    "strokeFrom": 3,
                    "strokeTo": 0,
                    "lenFrom": 80,
                    "lenTo": 0,
                    "length": 80,
                    "baseLength": 3,
                    "lifetime": 22,
                    "colorFrom": "97FFA8FF",
                    "colorTo": "97FFA8FF",
                    "cone": 360
                },
                "hitEffect": {
                    "type": "MultiEffect",
                    "effects": [
                        {
                            "type": "WaveEffect",
                            "lifetime": 55,
                            "sizeFrom": 100,
                            "sizeTo": 100,
                            "strokeFrom": 6,
                            "strokeTo": 0,
                            "colorFrom": "97FFA8FF",
                            "colorTo": "97FFA8FF"
                        },
                        {
                            "type": "ParticleEffect",
                            "particles": 7,
                            "sizeFrom": 18,
                            "sizeTo": 0,
                            "sizeInterp": "pow5In",
                            "interp": "pow10Out",
                            "length": 98,
                            "baseLength": 10,
                            "lifetime": 55,
                            "colorFrom": "97FFA880",
                            "colorTo": "97FFA880",
                            "cone": 360
                        },
                        {
                            "type": "ParticleEffect",
                            "particles": 1,
                            "sizeFrom": 10,
                            "sizeTo": 0,
                            "length": 0,
                            "baseLength": 0,
                            "lifetime": 106,
                            "colorFrom": "97FFA8",
                            "colorTo": "97FFA8",
                            "cone": 360
                        },
                        {
                            "type": "ParticleEffect",
                            "particles": 1,
                            "sizeFrom": 100,
                            "sizeTo": 100,
                            "length": 0,
                            "baseLength": 0,
                            "lifetime": 8,
                            "colorFrom": "97FFA8A8",
                            "colorTo": "97FFA800",
                            "cone": 360
                        }
                    ]
                },
                "fragBullets": 3,
                "fragLifeMin": 0.3,
                "fragBullet": {
                    "sprite": "circle-bullet",
                    "shrinkY": 0,
                    "hitShake": 3,
                    "absorbable": false,
                    "collides": false,
                    "width": 2,
                    "height": 2,
                    "speed": 5,
                    "lifetime": 20,
                    "healPercent": 2,
                    "backColor": "97FFA8FF",
                    "frontColor": "ffffff",
                    "mixColorTo": "ffffff",
                    "hitSound": "plasmaboom",
                    "despawnEffect": "massiveExplosion",
                    "hitEffect": "greenBomb",
                    "splashDamage": 33,
                    "splashDamageRadius": 50
                }
            }}
        ]
}