{
	"type": "payload",
	"name": "地动",
	"description": "投下电默弹与攻顶燃烧弹。配备重力滞空导弹巢。\n可以携带单位进行空降作战。",
	"pickupUnits":true,
	"payloadCapacity":2304,
	"rotateSpeed":1.1,
	"speed":1.48,
	"drag":0.07,"accel":0.09,
	"immunities":["electrified","slow","阳电","阴电","unmoving","拆解","干扰"],
	"targetFlags": ["generator","turret"],
	"ammoCapacity": 1200,
	"ammoType":{
		"type":"PowerAmmoType",
		"totalPower":10000},
	"flying": true,
	"hitSize": 106,
	"health": 180000,
	"armor":44,
	"range":240,
	"engineOffset":22,
	"engineSize": 13,
	"trailLength":35,
	"engines": [
		{	"x": -40,"y":-17,
		"radius": 7,"rotation": -135},
		{	"x": 40,"y": -17,
		"radius": 7,"rotation":-45},
		{	"x": -68.75,"y": -7,
		"radius": 4.3,"rotation":-135},
		{	"x": 68.75,"y": -7,
		"radius": 4.3,"rotation":-45}
		],
	"faceTarget": false,
	"circleTarget":true,
	"research":"空5",
	"weapons": [
	{"name":"电默",
	"minShootVelocity": 0.1,
	"x":0,	"y":0,
	"reload":372,
	"ignoreRotation":true,
	"rotate": false,
	"shootStatusDuration":180,
    "shootStatus":"invincible",
	"shootCone":180,
	"shootSound": "plasmadrop",
    "shoot":{
        "shots":12,
        "shotDelay":9.16,
        "type":"ShootBarrel",
        "barrels":[
            53.5,8,0,
			24,24,0,
            -53.5,8,0,
            -24,24,0
        ]	},
	"xRand":6,
	"bullet": {
	"type": "EmpBulletType",
	"layer":90,
	"collides":false,
	"collidesAir":false,
	"absorbable":false,
	"pierce": true,	
	"pierceBuilding":true,
	"sprite":"missile-large",
	"hitSound":"plasmaboom",
	"width": 24,"height": 32,
	"hitShake":12,
    "frontColor":"FFFFFF",
    "backColor":"c0ecff",
    "trailLength":24,
	"trailWidth":5,
    "trailColor":"c0ecff",
	"speed":0.7,
	"drag":0.03,
	"lifetime":100,
	"shrinkY":0.8,
	"shrinkX":0.8,
	"timeIncrease":1,
    "powerDamageScl":3,
    "powerSclDecrease":0,
    "hitUnits":false,
	"status":"slow",
	"statusDuration":600,
	"unitDamageScl":0.5,
	"buildingDamageMultiplier":2,
	"splashDamageRadius":74,
	"splashDamage":160,
	"chainEffect":"chainLightning",
	"hitPowerEffect":{
		"type": "ParticleEffect",
		"particles": 7,
		"baseLength": 0,
		"length":35,
		"lifetime": 10,
		"line": true,
		"lenFrom": 16,
		"lenTo":0,
		"strokeFrom": 1,
		"strokeTo": 0,
		"colorFrom": "c0ecff",
		"colorTo": "c0ecff",
		"cone":360 },
	"applyEffect":"none",
	"shootEffect":"none",
	"smokeEffect":"none",
	"despawnEffect":"none",
	"hitEffect":{"type": "MultiEffect",
	"effects": [
	{"type": "ParticleEffect",
	"particles": 37,
	"line": true,
	"lenFrom": 30,
	"lenTo":0,
	"strokeFrom": 5,
	"strokeTo": 0,
	"interp": "fastSlow",
	"length": 80,
	"baseLength": 8,
	"lifetime": 10,
	"colorFrom": "c0ecff80",
	"colorTo": "c0ecff80",
	"cone": 360},
	{"type": "ParticleEffect",
    "particles": 1,
    "sizeFrom": 12,
    "sizeTo": 0,
    "length": 0,
    "baseLength": 0,
    "lifetime": 80,
    "colorFrom": "c0ecff",
    "colorTo": "c0ecff",
    "cone": 360},
	{"type": "ParticleEffect",
    "particles": 1,
    "sizeFrom": 80,
    "sizeTo": 80,
    "length": 0,
    "baseLength": 0,
    "lifetime": 15,
    "colorFrom": "c0ecff50",
    "colorTo": "c0ecff00",
    "cone": 360},
    {"type": "WaveEffect",
    "lifetime": 25,
    "sizeFrom": 80,
    "sizeTo": 80,
    "strokeFrom":5,
    "strokeTo": 0,
    "colorFrom": "c0ecff",
    "colorTo": "ffffff"}]}
		}	},
	{"name":"燃烧弹",
		"minShootVelocity": 0.1,
		"x":0,	"y":0,	
		"reload":372,
		"ignoreRotation":true,
		"mirror": false,
		"rotate": false,
		"shootCone":180,
		"shootSound": "plasmadrop",
		"shoot":{
"shots":27,
"shotDelay":4.07,
"type":"ShootBarrel",
"barrels":[
	0,12,0,
	40,-6,0,
	-40,-6,0
]	},
		"xRand":8,
		"bullet": {
		"type": "BasicBulletType",
		"layer":90,
		"collides":false,
		"collidesAir":false,
		"absorbable":false,
		"pierce": true,	
		"pierceBuilding":true,
		"sprite":"missile-large",
		"hitSound":"explosionbig",
		"width": 24,"height": 32,
		"hitShake":12,
		"frontColor":"FFFFFF",
		"backColor":"FF8C00",
		"trailLength":24,
		"trailWidth":5,
		"trailColor":"FF8C00",
		"speed":0.7,
		"drag":0.03,
		"lifetime":100,
		"shrinkY":0.8,
		"shrinkX":0.8,
		"makeFire":true,
		"status":"burning",
		"incendAmount": 3,
		"incendSpread": 96,
		"incendChance": 0.5,
		"statusDuration":600,
		"buildingDamageMultiplier":2.85,
		"splashDamageRadius":74,
		"splashDamage":273,
		"shootEffect":"none",
		"smokeEffect":"none",
		"despawnEffect":"none",
		"hitEffect":{"type": "MultiEffect",
		"effects": [
		{"type": "ParticleEffect",
		"particles": 9,
		"sizeFrom": 28,
		"sizeTo": 0,
		"interp": "fastSlow",
		"length": 80,
		"baseLength": 8,
		"lifetime": 50,
		"colorFrom": "FF8C0080",
		"colorTo": "FF8C0080",
		"cone": 360},
		{"type": "ParticleEffect",
		"particles": 1,
		"sizeFrom": 12,
		"sizeTo": 0,
		"length": 0,
		"baseLength": 0,
		"lifetime": 80,
		"colorFrom": "FF8C00",
		"colorTo": "FF8C00",
		"cone": 360},
		{"type": "WaveEffect",
		"lifetime": 15,
		"sizeFrom": 8,
		"sizeTo": 80,
		"strokeFrom":6,
		"strokeTo": 0,
		"colorFrom": "FF8C00",
		"colorTo": "FF8C00"}]}
		}	},
	{"name": "地动1",
		"reload": 12, 
		"recoil":1,
        "x":43,  "y": 0,
        "rotate": true,
        "rotateSpeed":9,
		"controllable":false,
		"autoTarget":true,
		"ejectEffect":"casing1",
		"shootSound": "shoot",
		"alternate": true,
		"shootY":6.5,
		"shoot":{
			"shots":6,
			"shotDelay":2,
			"type": "ShootAlternate",
			"barrels": 2,
			"spread": 3},
		"bullet":{
		"type": "BasicBulletType",
        "collidesGround": false,
	    "damage":22,
	    "speed":10,
	    "lifetime":26,
	    "width":6,	 "height":10
	}},
	{"name": "诱饵",
		"reload":300,
        "x": 35,  "y": -16,
        "rotate": true,
        "alternate": true,
		"autoTarget":true,
		"rotateSpeed":5,
    "inaccuracy": 15,
	"shootCone":360,
	"shootSound": "click",
	"shootStatus": "修复",
	"shootStatusDuration": 30,
	"bullet":{
	"type":"FlakBulletType",
	"keepVelocity":false,
	"collidesGround":false,
	"smokeEffect":"none",
	"hitEffect":"none",
    "despawnEffect":"none",
    "spawnUnit": "地动诱饵"
	}
	}
	]
}
