{
	"type": "naval",
	"name": "滕王",
	"description": "攻击附近所有敌人。发射裂位轨道炮，对护盾有强烈破坏性。",
	"speed":0.56,
	"rotateSpeed":0.71,
	"ammoType":"裂位能",
	"ammoCapacity": 200,
	"hitSize":90,
    "trailLength":160,
    "waveTrailX":25,
    "waveTrailY":-46,
    "trailScl":5,
	"health": 144000,
	"armor":35,
	"faceTarget": false,
	"research": "omura",
	"weapons":[
        {"name":"蛟龙1",
        "x":19.25,"y":-28,
        "reload":30,
        "shootCone":60,
        "shoot": {
            "shots": 5,
            "shotDelay": 3
        },
        "shootSound":"missile",
        "rotate": true,
        "rotateSpeed":8,
        "inaccuracy":10,
        "xRand":6,
        "autoTarget":true,
        "bullet":{
        "type":"MissileBulletType",
        "damage": 45,
        "splashDamageRadius":45,
        "splashDamage":75,
        "homingRange": 60,
        "homingPower": 0.2,
        "hitEffect":"flakExplosionBig",
        "hitSound":"explosion",
        "despawnEffect":"none",
        "trailLength":3,
        "trailWidth":2,
        "trailEffect":"none",
        "width": 12,	"height": 13,
        "speed": 9,	"lifetime": 52}},    
	{	"name": "滕王1",
	"reload": 190,  
    "x": 0,  "y": 0,
    "rotate": true,
    "rotateSpeed":2.65,
    "mirror":false,
    "inaccuracy": 0,
	"cooldownTime": 190,
    "shootSound":"release",
	"shake":12,
	"bullet":{
    "damage":840,
    "statusDuration":160,
    "status": "崩溃",
    "pierceCap":3,
    "pierce":true,
    "shootEffect":{"type": "ParticleEffect",
    "particles": 25,
    "sizeFrom": 9,"sizeTo": 0,
    "length": 85,"baseLength": 59,
    "lifetime": 35,
    "colorFrom": "FEEBB3FF",
    "colorTo": "ffffff",
    "cone": 70},
    "despawnEffect":"none",
	"hitEffect":{"type":"MultiEffect",
	"effects": [
	{"type": "ParticleEffect",
    "particles": 15,
    "sizeFrom": 9,"sizeTo": 0,
    "length": 85,"baseLength": 29,
    "lifetime": 25,
    "colorFrom": "FEEBB3FF",
    "colorTo": "ffffff",
    "cone": 360},
    {"type": "WaveEffect",
    "lifetime": 10,
    "sizeFrom": 5,"sizeTo": 80,
    "strokeFrom":9,"strokeTo":0,
    "colorFrom":"FEEBB3FF",
    "colorTo": "FEEBB3FF"}]},    
    "hitSound":"plasmaboom",
    "shrinkY":0, 
    "sprite":"饱和火力-透彻",
    "width":18,  "height":45,
    "frontColor":"FEEBB3FF",	
    "backColor":"FEEBB3FF",
    "trailLength":9,
	"trailWidth":2,
    "trailColor":"FEEBB3FF",
	"speed":14,"lifetime":60,
	"splashDamageRadius":80,
	"splashDamage":275,
"fragRandomSpread":30,
"fragBullets":5,
"fragLifeMin":0.33,
"fragVelocityMin":1,
"fragBullet":{
    "damage":90,
    "statusDuration":60,
    "status": "崩溃",
    "despawnEffect":"none",
	"hitEffect":{"type":"MultiEffect",
	"effects": [
	{"type": "ParticleEffect",
    "particles": 15,
    "sizeFrom": 9,"sizeTo": 0,
    "length": 85,"baseLength": 29,
    "lifetime": 25,
    "colorFrom": "FEEBB3FF",
    "colorTo": "ffffff",
    "cone": 360},
    {"type": "WaveEffect",
    "lifetime": 10,
    "sizeFrom": 5,"sizeTo": 80,
    "strokeFrom":9,"strokeTo":0,
    "colorFrom":"FEEBB3FF",
    "colorTo": "FEEBB3FF"}]},    
    "hitSound":"plasmaboom",
    "shrinkY":0, 
    "width":0,  "height":0,
	"speed":10,"lifetime":8,
	"splashDamageRadius":80,
	"splashDamage":75,
    "lightningDamage":6,
    "lightning":3,
    "lightningLength":3,
"fragRandomSpread":0,
"fragBullets":1,
"fragLifeMin":1,
"fragVelocityMin":0.33,
"fragBullet":{
    "damage":90,
    "statusDuration":60,
    "status": "崩溃",
    "despawnEffect":"none",
	"hitEffect":{"type":"MultiEffect",
	"effects": [
	{"type": "ParticleEffect",
    "particles": 15,
    "sizeFrom": 9,"sizeTo": 0,
    "length": 85,"baseLength": 29,
    "lifetime": 25,
    "colorFrom": "FEEBB3FF",
    "colorTo": "ffffff",
    "cone": 360},
    {"type": "WaveEffect",
    "lifetime": 10,
    "sizeFrom": 5,"sizeTo": 80,
    "strokeFrom":9,"strokeTo":0,
    "colorFrom":"FEEBB3FF",
    "colorTo": "FEEBB3FF"}]},    
    "hitSound":"plasmaboom",
    "shrinkY":0, 
    "width":0,  "height":0,
	"speed":10,"lifetime":8,
	"splashDamageRadius":80,
	"splashDamage":75,
    "lightningDamage":6,
    "lightning":3,
    "lightningLength":3,
"fragRandomSpread":0,
"fragBullets":1,
"fragLifeMin":1,
"fragVelocityMin":0.33,
"fragBullet":{
    "damage":90,
    "statusDuration":160,
    "status": "崩溃",
    "despawnEffect":"none",
	"hitEffect":{"type":"MultiEffect",
	"effects": [
	{"type": "ParticleEffect",
    "particles": 3,
    "sizeFrom": 18,"sizeTo": 0,
    "length": 92,"baseLength": 29,
    "interp":"pow5Out",
    "sizeInterp":"pow5In",
    "lifetime": 110,
    "colorFrom": "FEEBB3A8",
    "colorTo": "FEEBB3A8",
    "cone": 360},
    {"type": "WaveEffect",
    "lifetime": 60,
    "sizeFrom": 5,"sizeTo": 170,
    "strokeFrom":12,"strokeTo":0,
    "colorFrom":"FEEBB3FF",
    "colorTo": "ffffff"},
    {"type": "WaveEffect",
    "lifetime": 13,
    "sizeFrom": 5,"sizeTo": 160,
    "strokeFrom":9,"strokeTo":0,
    "colorFrom":"FEEBB3FF",
    "colorTo": "FEEBB3FF"}]},    
    "hitSound":"explosionbig",
    "hitShake":12,
    "shrinkY":0, 
    "width":0,  "height":0,
	"speed":10,"lifetime":8,
	"splashDamageRadius":160,
	"splashDamage":181,
    "lightningDamage":75,
    "lightning":3,
    "lightningLength":15
}}}

}	}
	]
}
