{
	"type": "legs",
	"legCount": 4,
	"legLength": 35,
	"legForwardScl": 0.35,
	"hovering": true,
	"canDrown": false,
	"drownTimeMultiplier": 105,
	"legMoveSpace": 1,
	"allowLegStep": true,
	"legPhysicsLayer": false,
	"legSplashDamage": 108,
	"legSplashRange": 15,
	"name": "偏袒",
	"description": "精英机动反装甲部队。跨越大多数地形发动突袭。",
	"details": "信息缺失！",
	"rotateSpeed": 1.88,
	"speed": 1.05,
	"hitSize": 33,
	"immunities":[
		"blasted","burning","electrified",
		"freezing","melting","disarmed",
		"sapped","shocked","slow",
		"tarred","unmoving","wet",
		"spore-slowed","corroded",
		"标记","裂位标记","崩溃","干扰"],
	"ammoType":"裂位能",
	"ammoCapacity": 2000,
	"health": 50000,
	"armor": 88,
	"drag": 0.15,
	"accel": 0.35,
	"itemCapacity": 0,
	"faceTarget": true,
	"abilities": [
		{
			"type": "ShieldArcAbility",
			"radius": 30,
			"width": 20,
			"max": 4800,
			"regen": 12,
			"cooldown": 60,
			"angle": 130,
			"angleOffset": 0
		},
		{
			"type": "ArmorPlateAbility",
			"healthMultiplier": 1.88
		}
	],
	"weapons": [
		{
			"name": "偏袒1",
			"reload": 78,
			"shootStatusDuration": 87,
			"shootStatus": "强攻",
			"x": 0,
			"y": 0,
			"shoot": {
				"shots": 4,
				"shotDelay": 4,
				"type": "ShootBarrel",
				"barrels": [
					-4,28,0,
					4,28,0
				]
			},
			"cooldownTime": 100,
			"rotate": true,
			"rotateSpeed": 3.6,
			"recoil": 2,
			"mirror": false,
			"inaccuracy": 3,
			"shootSound": "malignShoot",
			"shake": 2.6,
			"bullet": {
				"damage": 166,
				"splashDamage": 253,
				"splashDamageRadius": 8,
				"lightningDamage": 18,
				"lightningColor": "EEC591",
				"lightning": 2,
				"lightningLength": 9,
				"buildingDamageMultiplier": 0.63,
				"sprite": "missile-large",
				"width": 6,
				"height": 20,
				"speed": 16,
				"lifetime": 25,
				"drag": -0.016,
				"pierceArmor": true,
				"hittable": false,
				"absorbable": false,
				"status": "崩溃",
				"statusDuration": 99,
				"frontColor": "FFFFFF",
				"backColor": "EEC591",
				"trailLength": 3,
				"trailWidth": 3,
				"trailColor": "EEC591",
				"hitShake": 2.2,
				"shrinkY": 0,
				"hitEffect": {
					"type": "MultiEffect",
					"effects": [
						{
							"type": "ParticleEffect",
							"particles": 3,
							"sizeFrom": 6,
							"sizeTo": 0,
							"length": 30,
							"baseLength": 8,
							"interp": "pow5Out",
							"sizeInterp": "pow5In",
							"lifetime": 65,
							"colorFrom": "EEC591FF",
							"colorTo": "EEC591",
							"cone": 360
						},
						{
							"type": "WaveEffect",
							"lifetime": 10,
							"sizeFrom": 2,
							"sizeTo": 20,
							"strokeFrom": 6,
							"strokeTo": 0,
							"colorFrom": "EEC59180",
							"colorTo": "EEC59180"
						}
					]
				},
				"hitSound": "laser",
				"shootEffect": {
					"type": "ParticleEffect",
					"particles": 2,
					"line": true,
					"interp": "pow5Out",
					"sizeInterp": "pow5In",
					"strokeFrom": 1,
					"strokeTo": 0,
					"lenFrom": 25,
					"lenTo": 0,
					"length": 30,
					"baseLength": 0,
					"lifetime": 19,
					"colorFrom": "EEC591",
					"colorTo": "EEC591",
					"cone": 15
				},
				"smokeEffect": {
					"type": "ParticleEffect",
					"particles": 3,
					"interp": "pow5Out",
					"sizeInterp": "pow5In",
					"sizeFrom": 3,
					"sizeTo": 0,
					"length": 26,
					"baseLength": 0,
					"lifetime": 65,
					"colorFrom": "EEC591",
					"colorTo": "EEC59180",
					"cone": 15
				},
				"despawnEffect": {
					"type": "ParticleEffect",
					"particles": 1,
					"sizeInterp": "pow5Out",
					"sizeFrom": 0,
					"sizeTo": 25,
					"length": 0,
					"baseLength": 0,
					"lifetime": 95,
					"colorFrom": "EEC591FF",
					"colorTo": "EEC59100",
					"cone": 360
				}
			}
		}
	]
}