{
	"type": "GenericCrafter",
	"name": "飞轮离心机",
	"description": "更快生产煤炭",
	"outputItem": { "item": "coal", "amount": 2},
	"size": 3,
	"hasPower": true,
	"hasLiquids": true,
	"hasItems": true,
	"craftTime": 20,
	"itemCapacity": 20,
	"liquidCapacity": 60,
    "drawer":{
        "type":"DrawMulti",
        "drawers":[
            "DrawDefault",
    {"type":"DrawRegion",
    "suffix":"-转",
    "spinSprite":true,
    "rotateSpeed":6}
    ]},
	"consumes": {
    "power":6,
    "liquid":{
	"liquid":"oil",
	"amount":0.2,
	"booster":false	}
 },
"requirements": [
		{ "item": "graphite", "amount": 80 },
		{"item": "titanium", "amount": 70},
		{"item": "silicon","amount":30 },	
		{"item": "硅钢","amount":30},
		{"item": "一级协议","amount":0}
	],
	"category": "crafting",
	"research": "coal-centrifuge"
}