{
	"type": "GenericCrafter",
	"name": "激发器",
	"description": "使用α粒子流向相位物照射，使其成为具有极高能量且不稳定的激发态",
	"outputItem": { "item": "裂位能", "amount": 1 },
	"size": 2,
	"hasPower": true,
	"hasLiquids": false,
	"hasItems": true,
	"craftTime": 120,
	"itemCapacity": 10,
	"updateEffect":{"type": "WaveEffect",
		"lifetime": 10,
		"sizeFrom": 0,
		"sizeTo": 12,
		"strokeFrom": 2,
		"strokeTo": 0,
		"colorFrom": "FFF1D2FF",
		"colorTo": "FFD197FF"},
	"consumes": {
    "power":6,
    "items": {	 "items": [
 { "item": "phase-fabric", "amount": 1}	]
  } },
"requirements": [
	{ "item": "silicon", "amount": 65 },
	{ "item": "plastanium", "amount": 25 },
	{ "item": "thorium", "amount": 45 },
	{ "item": "二级协议", "amount": 0 }

	],
	"category": "crafting",
	"research": "前沿实验室"
}