{
	"type": "UnitFactory",
	"name": "实验工厂",
	"description": "生产强大的[YELLOW]特殊战斗单位\n[red]谨慎使用。",
	"details": "由泰特级单位重构工厂改造而来，其完备的设施足以直接组建大型单位",
    "health":17000,
	"size":13,
	"consumes":{
		"power":600
	},
	"plans":[
	{ "unit": "陆战6", "time": 18480,
	"requirements": [
		"silicon/3800","镄/870",
		"硅钢/800","plastanium/2100",
		"surge-alloy/1300",
		"裂位能/820","泰勒合金/730",
		"二级协议/20"
    ]},
	{ "unit": "空战6", "time": 18480,
	"requirements": [
		"silicon/3800","titanium/870",
		"硅钢/800","plastanium/2100",
		"surge-alloy/1300",
		"裂位能/820","泰勒合金/730",
		"二级协议/20"
    ]},
	{ "unit": "海战6", "time": 18480,
	"requirements": [
		"silicon/3800","metaglass/870",
		"硅钢/800","plastanium/2100",
		"surge-alloy/1300",
		"裂位能/820","泰勒合金/730",
		"二级协议/20"
    ]},
	{ "unit": "爬爬6", "time": 18480,
	"requirements": [
		"silicon/3800","titanium/870",
		"硅钢/800","plastanium/2100",
		"surge-alloy/1300",
		"裂位能/820","泰勒合金/730",
		"二级协议/20"
    ]},
	{ "unit": "路辅6", "time": 18480,
	"requirements": [
		"silicon/3800","纳米核/800",
		"硅钢/800","plastanium/2100",
		"surge-alloy/1300",
		"裂位能/820","泰勒合金/730",
		"二级协议/20"
    ]},
	{ "unit": "空辅6", "time": 18480,
	"requirements": [
		"silicon/3800","纳米核/800",
		"硅钢/800","plastanium/2100",
		"surge-alloy/1300",
		"裂位能/820","泰勒合金/730",
		"二级协议/20"
    ]},
	{ "unit": "海辅6", "time": 18480,
	"requirements": [
		"silicon/3800","纳米核/880",
		"硅钢/800","plastanium/2100",
		"surge-alloy/1300",
		"裂位能/820","泰勒合金/730",
		"二级协议/20"
    ]},
	{ "unit": "碎辰", "time": 19200,
	"requirements": [
   		{ "item": "silicon", "amount": 2700},
        { "item": "plastanium", "amount": 2000},
        { "item": "泰勒合金", "amount": 950},
        { "item": "裂位能", "amount": 850},
        { "item": "二级协议", "amount": 30},
		{ "item": "三级协议", "amount": 10}
    ]},
	{ "unit": "陆6", "time": 18480,
	"requirements": [
		"silicon/3800","镄/880",
		"硅钢/800","plastanium/2100",
		"surge-alloy/1300",
		"裂位能/820","泰勒合金/730",
		"二级协议/20"
    ]},
	{ "unit": "空6", "time": 18480,
	"requirements": [
		"silicon/3800","titanium/880",
		"硅钢/800","plastanium/2100",
		"surge-alloy/1300",
		"裂位能/820","泰勒合金/730",
		"二级协议/20"
    ]},
	{ "unit": "海6", "time": 18480,
	"requirements": [
		"silicon/3800","metaglass/880",
		"硅钢/800","plastanium/2100",
		"surge-alloy/1300",
		"裂位能/820","泰勒合金/730",
		"二级协议/20"
    ]}
	],
	"requirements": [
	"lead/5000","silicon/5000",
	"titanium/2000","plastanium/2200",
	"纳米核/2300","裂位能/1800",
	"镄/3000","泰勒合金/1700",
	"二级协议/200","三级协议/70"
	    ],
	"category":"units",
	"canOverdrive": true,
	"research": {
		"parent": "T6单位重构厂",
		"objectives": [
			{
				"type": "SectorComplete",
				"preset": "第五战区"
			},
            {
				"type": "SectorComplete",
				"preset": "星稀山脉"
			}
			]}
}