{
	"shootEffect":"shootBig",
	"smokeEffect":"shootBigSmoke",
	"ammoTypes": {
"graphite":{
	"type":"ArtilleryBulletType",
	"knockback":0.8,
	"speed":3,
	"lifetime":80,
	"width":11,"height":11,
	"collidesTiles":false,
	"damage":20,
	"hitEffect": "blastExplosion",
	"splashDamageRadius":18.75,
	"splashDamage":33
},
"silicon":{
	"type":"ArtilleryBulletType",
	"knockback":0.8,
	"speed":3,
	"lifetime":80,
	"width":11,"height":11,
	"collidesTiles":false,
	"reloadMultiplier":1.2,
	"ammoMultiplier":3,
	"homingPower":0.08,
	"homingRange":50,
	"damage":20,
	"hitEffect": "blastExplosion",
	"splashDamageRadius":18.75,
	"splashDamage":33
},
"pyratite":{
	"type":"ArtilleryBulletType",
	"knockback":0.8,
	"speed":3,
	"lifetime":80,
	"width":13,"height":13,
	"collidesTiles":false,
	"ammoMultiplier":4,
	"damage":24,
	"splashDamageRadius":18.75,
	"splashDamage":33,
	"frontColor": "f8ad42",
	"backColor": "f68021",
	"hitEffect": "blastExplosion",
	"makeFire":true,
	"trailEffect":"incendTrail",
	"status": "burning",
	"statusDuration": 720
},
"blast-compound":{
	"type":"ArtilleryBulletType",
	"knockback":0.8,
	"speed":2,
	"lifetime":80,
	"sprite":"shell",
	"width":14,"height":14,
	"collidesTiles":false,
	"hitEffect":"flakExplosionBig",
	"damage":20,
	"splashDamageRadius":33.75,
	"splashDamage":55,
	"status": "blasted",
	"statusDuration": 60
},
"plastanium":{
	"type":"ArtilleryBulletType",
	"knockback":1,
	"speed":3.4,
	"lifetime":80,
	"sprite":"shell",
	"width":13,"height":13,
	"collidesTiles":false,
	"damage":20,
	"splashDamageRadius":26.25,
	"splashDamage":45,
	"hitEffect":"plasticExplosion",
	"backColor":"d8d97f",
	"frontColor":"fffac6",
	"fragBullets":10,
	"fragBullet":{
		"type":"BasicBulletType",
		"speed":2.5,
		"damage":10,
		"width":10,"height":12,
		"shrinkY":1,
		"lifetime":15,
		"backColor":"d8d97f",
		"frontColor":"fffac6",
		"despawnEffect":"none",
		"collidesAir":false
	}
},
"硅钢": {
"type":"ArtilleryBulletType",
"backColor":"7595D2",
"damage":15,
"speed":3,
"width": 12,
"height": 12,
"knockback":0.8,
"lifetime":60,
"hitEffect":"blastExplosion",
"splashDamageRadius":32,
"splashDamage":25,
"ammoMultiplier": 2,
"status":"unmoving",
"statusDuration":10
},
"裂位能": {
"type":"PointBulletType",
"pierceArmor": true,
"trailEffect": "none",
"despawnEffect":"instBomb",
"hitEffect":"instBomb",
"speed":30,
"lifetime":60,
"splashDamageRadius":35,
"splashDamage":55,
"status":"崩溃",
"statusDuration":360,
"hitSound":"plasmaboom",
"ammoMultiplier": 4
},
"集束":{
		"type":"ArtilleryBulletType",
   		"speed": 2,
   		"lifetime":80,
		"width": 15,
		"height": 15,
		"backColor":"D85555FF",
		"frontColor":"FE7777FF",
		"damage":20,
		"shootEffect": "shootBig",
		"status":"blasted",
		"statusDuration":60,
		"splashDamageRadius":20,
		"splashDamage":20,
		"hitEffect":"flakExplosion",
        "ammoMultiplier":6,
        "fragLifeMin":0.3,
        "fragBullets":5,
        "fragBullet":{
		"despawnEffect":"flakExplosionBig",
		"status":"blasted",
		"statusDuration":60,
		"width":8,	"height":9,
		"backColor":"D85555FF",
		"frontColor":"FE7777FF",
		"damage":9,
		"splashDamageRadius":30,
		"splashDamage":35,
        "lifetime":20,
        "speed":1.5
      }
	}	

}
}