{
	"type": "flying",
	"name": "阔野",
	"description": "投送超载引力发生器与光子导弹。间歇性发射冲击束，配备空域静电场。",
	"ammoType": {
		"type": "PowerAmmoType",
		"totalPower": 50000
	},
	"ammoCapacity": 2300,
	"speed": 0.863,
	"rotateSpeed": 0.622,
	"drag": 0.05,
	"accel": 0.08,
	"fogRadius": 115,
	"lightRadius": 500,
	"flying": true,
	"buildSpeed": 15,
	"range": 800,
	"buildBeamOffset": 20,
	"engineOffset": 70,
	"engineSize": 20,
	"engines": [
		{
			"x": -50,
			"y": -72,
			"radius": 10,
			"rotation": -120
		},
		{
			"x": 50,
			"y": -72,
			"radius": 10,
			"rotation": -30
		},
		{
			"x": -60,
			"y": -42,
			"radius": 12,
			"rotation": -135
		},
		{
			"x": 60,
			"y": -42,
			"radius": 12,
			"rotation": -45
		}
	],
	"parts": [
		{
			"type": "RegionPart",
			"mirror": true,
			"x": -36,
			"y": 0.5,
			"suffix": "-外",
			"under": true,
			"layer": 89.99,
			"moveX": -4.75
		},
		{
			"type": "RegionPart",
			"mirror": true,
			"x": -36,
			"y": 0,
			"suffix": "-内",
			"under": true,
			"layer": 89.99,
			"moveX": 6.75
		},
		{
			"type": "HaloPart",
			"progress": "warmup",
			"rotateSpeed": 0,
			"shapeRotation": 45,
			"sides": 3,
			"shapes": 8,
			"color": "ffffff00",
			"colorTo": "FEEBB3",
			"layer": 89.9,
			"tri": true,
			"radius": 0,
			"radiusTo": 35,
			"triLength": 0,
			"triLengthTo": 105,
			"haloRadius": 0,
			"haloRadiusTo": 15,
			"haloRotation": 0,
			"haloRotateSpeed": -0.3
		}
	],
	"hitSize": 150,
	"faceTarget": true,
	"lowAltitude": true,
	"health": 200000,
	"armor": 166,
	"itemCapacity": 1800,
	"research": {
		"parent": "实验工厂",
		"objectives": [
			{
				"type": "SectorComplete",
				"preset": "风沙谷"
			},
			{
				"type": "SectorComplete",
				"preset": "第五战区"
			}
		]
	},
	"abilities": [
		{
			"type": "EnergyFieldAbility",
			"damage": 75,
			"reload": 100,
			"range": 360,
			"healPercent": 0.8,
			"effectRadius": 9,
			"sectors": 8,
			"sectorRad": 0.08,
			"rotateSpeed": 2,
			"color": "FEEBB3FF",
			"hitEffect": {
				"type": "ParticleEffect",
				"particles": 15,
				"line": true,
				"length": 85,
				"baseLength": 0,
				"lifetime": 15,
				"colorFrom": "ffffff",
				"colorTo": "FEEBB3FF",
				"cone": 360
			},
			"damageEffect": "chainLightning",
			"status": "slow",
			"shootSound": "spark",
			"statusDuration": 360,
			"x": 0,
			"y": 16,
			"targetGround": false,
			"targetAir": true,
			"hitBuildings": false,
			"hitUnits": true,
			"maxTargets": 80
		},
		{
			"type": "ForceFieldAbility",
			"radius": 250,
			"regen": 38.333,
			"sides": 4,
			"rotation": 45,
			"max": 6600,
			"cooldown": 1800
		},
		{
			"type": "ForceFieldAbility",
			"radius": 250,
			"regen": 38.333,
			"sides": 4,
			"max": 6600,
			"cooldown": 1800
		}
	],
	"weapons": [
		{"name": "阔野主炮",
			"reload": 530,
			"y": 60,
			"x": 0,
			"mirror": false,
			"shootSound": "laserblast",
			"chargeSound": "lasercharge",
			"shake": 18,
			"inaccuracy": 0,
			"rotationLimit": 13,
			"rotate": true,
			"rotateSpeed": 0.06,
			"continuous": true,
			"shootStatusDuration": 130,
			"shootStatus": "unmoving",
			"parentizeEffects": true,
			"shoot": {
				"type": "ShootPattern",
				"firstShotDelay": 130
			},
			"bullet": {
				"type": "PointBulletType",
				"trailSpacing": 10,
				"trailEffect": {
					"type": "ParticleEffect",
					"particles": 1,
					"length": 0,
					"baseLength": 1,
					"lifetime": 13,
					"line": true,
					"randLength": false,
					"lenFrom": 11,
					"lenTo": 11,
					"strokeFrom": 16,
					"strokeTo": 0,
					"colorFrom": "FEEBB3FF",
					"colorTo": "FEEBB3FF",
					"cone": 0
				},
				"lifetime": 12,
				"speed": 70,
				"splashDamage": 2160,
				"splashDamageRadius": 100,
				"shootEffect": {
					"type": "ParticleEffect",
					"particles": 1,
					"sizeFrom": 16,
					"sizeTo": 88,
					"sizeInterp": "pow10Out",
					"length": 0,
					"baseLength": 0,
					"lifetime": 180,
					"colorFrom": "FEEBB3",
					"colorTo": "FEEBB300",
					"cone": 360
				},
				"smokeEffect": "bigShockwave",
				"chargeEffect": {
					"type": "MultiEffect",
					"effects": [
						{
							"type": "ParticleEffect",
							"particles": 1,
							"sizeFrom": 100,
							"sizeTo": 16,
							"sizeInterp": "pow10Out",
							"length": 0,
							"baseLength": 0,
							"lifetime": 130,
							"colorFrom": "FEEBB300",
							"colorTo": "FEEBB3",
							"cone": 360
						},
						{
							"type": "WaveEffect",
							"lifetime": 26,
							"sizeFrom": 130,
							"sizeTo": 0,
							"strokeFrom": 0,
							"strokeTo": 4,
							"colorFrom": "FEEBB300",
							"colorTo": "FEEBB3FF"
						},
						{
							"type": "WaveEffect",
							"lifetime": 26,
							"sizeFrom": 130,
							"sizeTo": 0,
							"strokeFrom": 2,
							"strokeTo": 2,
							"startDelay": 32,
							"colorFrom": "FEEBB300",
							"colorTo": "FEEBB3FF"
						},
						{
							"type": "WaveEffect",
							"lifetime": 26,
							"sizeFrom": 130,
							"sizeTo": 0,
							"strokeFrom": 2,
							"strokeTo": 2,
							"startDelay": 48,
							"colorFrom": "FEEBB300",
							"colorTo": "FEEBB3FF"
						},
						{
							"type": "WaveEffect",
							"lifetime": 26,
							"sizeFrom": 130,
							"sizeTo": 0,
							"strokeFrom": 2,
							"strokeTo": 2,
							"startDelay": 64,
							"colorFrom": "FEEBB300",
							"colorTo": "FEEBB3FF"
						}
					]
				},
				"status": "绝判",
				"statusDuration": 96,
				"hitEffect": {
					"type": "MultiEffect",
					"effects": [
						{
							"type": "ParticleEffect",
							"particles": 1,
							"sizeFrom": 0,
							"sizeTo": 100,
							"sizeInterp": "pow5Out",
							"length": 0,
							"baseLength": 0,
							"lifetime": 70,
							"colorFrom": "FEEBB300",
							"colorTo": "FEEBB3",
							"cone": 360
						},
						{
							"type": "ParticleEffect",
							"particles": 1,
							"sizeFrom": 100,
							"sizeTo": 0,
							"sizeInterp": "pow5In",
							"length": 0,
							"baseLength": 0,
							"startDelay": 68,
							"lifetime": 33,
							"colorFrom": "FEEBB3",
							"colorTo": "FEEBB390",
							"cone": 360
						},
						{
							"type": "WaveEffect",
							"lifetime": 18,
							"sizeFrom": 0,
							"sizeTo": 135,
							"strokeFrom": 0,
							"strokeTo": 10,
							"colorFrom": "FEEBB390",
							"colorTo": "FEEBB3"
						},
						{
							"type": "WaveEffect",
							"lifetime": 70,
							"startDelay": 18,
							"sizeFrom": 135,
							"sizeTo": 135,
							"strokeFrom": 10,
							"strokeTo": 10,
							"colorFrom": "FEEBB3",
							"colorTo": "FEEBB3"
						},
						{
							"type": "WaveEffect",
							"lifetime": 8,
							"startDelay": 88,
							"sizeFrom": 135,
							"sizeTo": 0,
							"strokeFrom": 10,
							"strokeTo": 2,
							"colorFrom": "FEEBB3",
							"colorTo": "FEEBB390"
						},
						{
							"type": "ParticleEffect",
							"particles": 1,
							"sizeFrom": 0,
							"sizeTo": 45,
							"sizeInterp": "pow5Out",
							"length": 0,
							"baseLength": 0,
							"lifetime": 70,
							"layer": 120,
							"colorFrom": "00000000",
							"colorTo": "000000",
							"cone": 360
						},
						{
							"type": "ParticleEffect",
							"particles": 1,
							"sizeFrom": 45,
							"sizeTo": 0,
							"sizeInterp": "pow5In",
							"length": 0,
							"baseLength": 0,
							"startDelay": 68,
							"lifetime": 33,
							"layer": 120,
							"colorFrom": "000000",
							"colorTo": "000000",
							"cone": 360
						},
						{
							"type": "WaveEffect",
							"lifetime": 30,
							"sizeFrom": 180,
							"sizeTo": 0,
							"strokeFrom": 0,
							"strokeTo": 9,
							"colorFrom": "FEEBB390",
							"colorTo": "FEEBB3"
						},
						{
							"type": "WaveEffect",
							"lifetime": 30,
							"startDelay": 15,
							"sizeFrom": 180,
							"sizeTo": 0,
							"strokeFrom": 0,
							"strokeTo": 9,
							"colorFrom": "FEEBB390",
							"colorTo": "FEEBB3"
						},
						{
							"type": "WaveEffect",
							"lifetime": 30,
							"startDelay": 30,
							"sizeFrom": 180,
							"sizeTo": 0,
							"strokeFrom": 0,
							"strokeTo": 9,
							"colorFrom": "FEEBB390",
							"colorTo": "FEEBB3"
						}
					]
				},
				"hitSound": "laserblast",
				"despawnEffect": "none",
				"fragLifeMin": 1,
				"fragBullets": 1,
				"fragBullet": {
					"type": "BasicBulletType",
					"hittable": false,
					"collides": false,
					"absorbable": false,
					"splashDamageRadius": 175,
					"splashDamage": 2800,
					"pierceArmor": true,
					"status": "崩溃",
					"statusDuration": 200,
					"speed": 0,
					"lifetime": 103,
					"sprite": "circle-bullet",
					"backColor": "FEEBB300",
					"frontColor": "FFFFFF00",
					"width": 50,
					"height": 50,
					"hitShake": 22,
					"hitSound": "explosionbig",
					"hitSoundVolume": 18,
					"hitEffect": {
						"type": "MultiEffect",
						"effects": [
							{
								"type": "ParticleEffect",
								"particles": 1,
								"sizeFrom": 0,
								"sizeTo": 175,
								"length": 0,
								"baseLength": 0,
								"sizeInterp": "pow10Out",
								"lifetime": 180,
								"colorFrom": "FEEBB3A0",
								"colorTo": "FEEBB300"
							},
							{
								"type": "ParticleEffect",
								"particles": 28,
								"sizeFrom": 28,
								"sizeTo": 0,
								"sizeInterp": "pow10In",
								"interp": "pow5Out",
								"length": 175,
								"baseLength": 0,
								"lifetime": 360,
								"colorFrom": "FEEBB380",
								"colorTo": "FEEBB350",
								"cone": 360
							},
							{
								"type": "ParticleEffect",
								"particles": 22,
								"line": true,
								"strokeFrom": 3,
								"strokeTo": 0,
								"lenFrom": 60,
								"lenTo": 0,
								"length": 200,
								"baseLength": 0,
								"lifetime": 33,
								"colorFrom": "FEEBB3FF",
								"colorTo": "FEEBB3FF",
								"cone": 360
							},
							{
								"type": "WaveEffect",
								"lifetime": 35,
								"sizeFrom": 0,
								"sizeTo": 200,
								"strokeFrom": 10,
								"strokeTo": 0,
								"colorFrom": "FEEBB3",
								"colorTo": "FEEBB3"
							},
							{
								"type": "WaveEffect",
								"lifetime": 35,
								"startDelay": 10,
								"sizeFrom": 0,
								"sizeTo": 180,
								"strokeFrom": 10,
								"strokeTo": 0,
								"colorFrom": "FEEBB3",
								"colorTo": "FEEBB3"
							},
							{
								"type": "WaveEffect",
								"lifetime": 35,
								"startDelay": 20,
								"sizeFrom": 0,
								"sizeTo": 170,
								"strokeFrom": 10,
								"strokeTo": 0,
								"colorFrom": "FEEBB3",
								"colorTo": "FEEBB3"
							}
						]
					},
					"fragBullets": 58,
					"fragLifeMin": 0.6,
					"fragLifeMax": 1.5,
					"fragAngle": 36,
					"fragBullet": {
						"type": "BasicBulletType",
						"pierceArmor": true,
						"speed": 20,
						"lifetime": 10,
						"drag": 0.06,
						"damage": 77,
						"splashDamage": 86,
						"lightningDamage": 30,
						"lightning": 3,
						"lightningLength": 6,
						"lightningColor": "FEEBB3",
						"backColor": "FEEBB3",
						"frontColor": "FFFFFF",
						"splashDamageRadius": 65,
						"buildingDamageMultiplier": 3.33,
						"height": 20,
						"width": 16,
						"sprite": "missile-large",
						"hitSound": "plasmaboom",
						"despawnEffect": "none",
						"hitEffect": {
							"type": "MultiEffect",
							"effects": [
								{
									"type": "ParticleEffect",
									"particles": 6,
									"sizeFrom": 9,
									"sizeTo": 0,
									"length": 70,
									"baseLength": 0,
									"lifetime": 60,
									"colorFrom": "FEEBB3",
									"colorTo": "FEEBB3",
									"cone": 360
								},
								{
									"type": "WaveEffect",
									"lifetime": 15,
									"sizeFrom": 0,
									"sizeTo": 66,
									"strokeFrom": 8,
									"strokeTo": 0,
									"colorFrom": "FEEBB3",
									"colorTo": "FEEBB3"
								}
							]
						}
					}
				}
			},
			"minWarmup": 0.88,
			"shootWarmupSpeed": 0.08,
			"parts": [
				{
					"type": "ShapePart",
					"stroke": 1.5,
					"strokeTo": 1.5,
					"color": "FEEBB3",
					"circle": true,
					"hollow": true,
					"radius": 35,
					"radiusTo": 35,
					"layer": 89.9
				},
				{
					"type": "ShapePart",
					"stroke": 0,
					"strokeTo": 2,
					"color": "FEEBB3",
					"circle": true,
					"hollow": true,
					"radius": 35,
					"radiusTo": 35,
					"layer": 110
				},
				{
					"type": "ShapePart",
					"y": 0,
					"progress": "reload",
					"moveY": -44,
					"color": "FEEBB3",
					"circle": true,
					"hollow": false,
					"radius": 10,
					"radiusTo": 0,
					"layer": 110
				},
				{
					"type": "ShapePart",
					"x": 0,
					"y": 0,
					"progress": "reload",
					"moveX": 32,
					"moveY": -28,
					"color": "FEEBB3",
					"circle": true,
					"hollow": false,
					"radius": 8,
					"radiusTo": 0,
					"layer": 89.9
				},
				{
					"type": "ShapePart",
					"x": 0,
					"y": 0,
					"progress": "reload",
					"moveX": -32,
					"moveY": -28,
					"color": "FEEBB3",
					"circle": true,
					"hollow": false,
					"radius": 8,
					"radiusTo": 0,
					"layer": 89.9
				}
			]
		},
		{"name": "阔野副炮",
			"reload": 38,
			"x": 31,
			"y": 92,
			"shake": 6,
			"recoil": 0,
			"layerOffset": 0.05,
			"rotate": false,
			"inaccuracy": 0,
			"alternate": true,
			"shootSound": "shockBlast",
			"cooldownTime": 80,
			"velocityRnd":0.67,
			"shoot": {
				"shots":3,
				"type": "ShootHelix",
				"mag": 3.65,
				"scl": 17
			},
			"bullet": {
				"type": "BasicBulletType",
				"frontColor": "FFFFFF",
				"backColor": "FEEBB3FF",
				"hitSound": "laser",
				"damage": 312,
				"splashDamage": 280,
				"splashDamageRadius": 66,
				"homingDelay": 33,
				"homingPower": 0.085,
				"homingRange": 108,
				"hitShake": 8,
				"status": "崩溃",
				"statusDuration": 35,
				"trailChance": 0,
				"trailInterval": 5,
				"trailEffect": {
					"type": "WaveEffect",
					"lifetime": 26,
					"sizeFrom": 0,
					"sizeTo": 38,
					"strokeFrom": 5,
					"strokeTo": 0,
					"colorFrom": "FEEBB3FF",
					"colorTo": "FEEBB3FF"
				},
				"sprite": "circle-bullet",
				"shootEffect": "bigShockwave",
				"shrinkY": 0,
				"absorbable": false,
				"pierce": true,
				"trailLength": 17,
				"trailWidth": 2.3,
				"trailColor": "FEEBB3FF",
				"speed": 2.3,
				"drag":-0.018,
				"lifetime": 125.8,
				"width": 22,
				"height": 22,
				"parts":[{
					"type": "HaloPart",
					"rotateSpeed": 0,
					"shapeRotation": 0,
					"sides": 3,
					"shapes": 2,
					"color": "FEEBB3",
					"colorTo": "FEEBB3",
					"tri": true,
					"hollow": true,
					"radius": 10,
					"radiusTo": 5,
					"triLength": 85,
					"triLengthTo": 16,
					"haloRadius": 0,
					"haloRotation": 0,
					"haloRotateSpeed": 5.5,
					"layer": 110
				}],
				"spawnBullets": [
					{
						"type": "LaserBulletType",
						"damage": 172,
						"pierceArmor": true,
						"pierceBuilding": false,
						"collidesTeam": true,
						"sideAngle": 90,
						"sideWidth": 1.2,
						"sideLength": 80,
						"lifetime": 12,
						"status": "崩溃",
						"statusDuration": 60,
						"colors": ["FEEBB3A8","FEEBB3","FFFFFF"],
						"width": 30,
						"length": 834
					}
				],
				"hitEffect": {
					"type": "MultiEffect",
					"effects": [
						{
							"type": "ParticleEffect",
							"particles": 1,
							"baseLength": 3,
							"length": 3,
							"lifetime": 10,
							"spin": 5.34,
							"region": "饱和火力-星",
							"sizeFrom": 150,
							"sizeTo": 0,
							"colorFrom": "FEEBB3FF",
							"colorTo": "FEEBB3FF",
							"cone": 360
						},
						{
							"type": "ParticleEffect",
							"particles": 5,
							"sizeFrom": 18,
							"sizeTo": 0,
							"sizeInterp": "pow5In",
							"interp": "pow5Out",
							"length": 80,
							"baseLength": 35,
							"lifetime": 15,
							"colorFrom": "FEEBB3A8",
							"colorTo": "FEEBB3A8",
							"cone": 360
						},
						{
							"type": "WaveEffect",
							"lifetime": 22,
							"sizeFrom": 0,
							"sizeTo": 60,
							"strokeFrom": 5,
							"strokeTo": 0,
							"colorFrom": "FEEBB3ff",
							"colorTo": "FEEBB390"
						}
					]
				},
				"despawnEffect": "none"
			}
		},
		{"name": "阔野导弹",
			"x": 0,
			"y": 16,
			"inaccuracy": 12,
			"mirror": false,
			"shoot": {
				"type": "ShootBarrel",
				"barrels": [
					0,0,22.5,
					0,0,-67.5,
					0,0,-22.5,
					0,0,67.5
				],
				"shots": 20,
				"shotDelay": 1
			},
			"shootCone": 360,
			"shootSound": "malignShoot",
			"rotate": false,
			"reload": 140,
			"controllable": false,
			"autoTarget": true,
			"bullet": {
				"height": 30,
				"width": 15,
				"sprite": "missile-large",
				"damage": 120,
				"absorbable": false,
				"speed": 6,
				"drag": -0.02,
				"lifetime": 78,
				"shrinkY": 0,
				"shrinkX": 0,
				"homingDelay": 27.5,
				"homingPower": 1,
				"homingRange": 180,
				"lightningDamage": 78,
				"lightning": 2,
				"lightningLength": 20,
				"lightningColor": "FEEBB3",
				"splashDamageRadius": 75,
				"splashDamage": 95,
				"status": "崩溃",
				"statusDuration": 100,
				"frontColor": "FFFFFF",
				"backColor": "FEEBB3FF",
				"trailLength": 46,
				"trailWidth": 3,
				"trailColor": "FEEBB3FF",
				"trailChance": 0.09,
				"trailInterval": 9,
				"trailRotation": true,
				"trailEffect": {
					"type": "ParticleEffect",
					"particles": 3,
					"sizeFrom": 3.75,
					"sizeTo": 0,
					"lifetime": 65,
					"interp": "pow10Out",
					"sizeInterp": "pow5In",
					"length": 20,
					"baseLength": 3,
					"colorFrom": "FEEBB3",
					"colorTo": "FEEBB3",
					"cone": 30
				},
				"shootEffect": {
					"type": "ParticleEffect",
					"particles": 12,
					"sizeFrom": 6,
					"sizeTo": 0,
					"length": 45,
					"baseLength": 9,
					"lifetime": 45,
					"colorFrom": "FEEBB3FF",
					"colorTo": "ffffff",
					"cone": 360
				},
				"smokeEffect": "none",
				"hitSound": "plasmaboom",
				"despawnEffect": "none",
				"hitShake": 8,
				"hitEffect": {
					"type": "MultiEffect",
					"effects": [
						{
							"type": "ParticleEffect",
							"particles": 12,
							"sizeFrom": 28,
							"sizeTo": 0,
							"length": 80,
							"baseLength": 35,
							"lifetime": 15,
							"colorFrom": "FEEBB3A8",
							"colorTo": "FEEBB3A8",
							"cone": 360
						},
						{
							"type": "WaveEffect",
							"lifetime": 13,
							"sizeFrom": 0,
							"sizeTo": 78,
							"strokeFrom": 9,
							"strokeTo": 0,
							"colorFrom": "FEEBB3FF",
							"colorTo": "FEEBB3FF"
						}
					]
				}
			},
			"parts": [
				{
					"type": "HaloPart",
					"progress": "warmup",
					"y": -16,
					"rotateSpeed": 0,
					"shapeRotation": 40,
					"sides": 3,
					"shapes": 4,
					"color": "ffffff00",
					"colorTo": "FEEBB3",
					"layer": 89.9,
					"tri": true,
					"radius": 0,
					"radiusTo": 18,
					"triLength": 0,
					"triLengthTo": 195,
					"haloRadius": 0,
					"haloRadiusTo": 25,
					"haloRotation": 0,
					"haloRotateSpeed": -0.5
				}
			]
		},
		{"name": "阔野融毁",
			"mirror": false,
			"top": false,
			"shake": 8,
			"rotate": true,
			"rotateSpeed": 2,
			"x": 0,
			"y": 16,
			"shoot": {
				"type": "ShootPattern",
				"firstShotDelay": 20
			},
			"reload": 130,
			"controllable": false,
			"autoTarget": true,
			"chargeSound": "lasercharge2",
			"shootSound": "laserblast",
			"continuous": true,
			"cooldownTime": 200,
			"bullet": {
				"type": "ContinuousLaserBulletType",
				"damage": 360,
				"knockback": 5,
				"status": "崩溃",
				"statusDuration": 100,
				"width": 6,
				"length": 630,
				"colors": ["FEEBB390","FEEBB380","FEEBB3FF"],
				"hitEffect": {
					"type": "ParticleEffect",
					"particles": 15,
					"sizeFrom": 9,
					"sizeTo": 0,
					"line": true,
					"length": 85,
					"baseLength": 0,
					"lifetime": 25,
					"colorFrom": "ffffff",
					"colorTo": "FEEBB3FF",
					"cone": 80
				},
				"lifetime": 60,
				"shake": 9,
				"despawnEffect": "smokeCloud",
				"smokeEffect": "none",
				"chargeEffect": {
					"type": "WaveEffect",
					"lifetime": 20,
					"sizeFrom": 130,
					"sizeTo": 0,
					"strokeFrom": 1,
					"strokeTo": 9,
					"colorFrom": "FEEBB3FF",
					"colorTo": "FEEBB3FF"
				},
				"incendChance": 1,
				"incendSpread": 8,
				"incendAmount": 1
			},
			"parts": [
				{
					"type": "HaloPart",
					"progress": "warmup",
					"rotateSpeed": 0,
					"shapeRotation": 24,
					"sides": 3,
					"shapes": 5,
					"color": "ffffff00",
					"colorTo": "FEEBB3",
					"layer": 110,
					"tri": true,
					"radius": 0,
					"radiusTo": 10,
					"triLength": 0,
					"triLengthTo": 58,
					"haloRadius": 0,
					"haloRadiusTo": 102,
					"haloRotation": 0,
					"haloRotateSpeed": -0.9
				},
				{
					"type": "HaloPart",
					"progress": "warmup",
					"rotateSpeed": 0,
					"shapeRotation": 204,
					"sides": 3,
					"shapes": 5,
					"color": "ffffff00",
					"colorTo": "FEEBB3",
					"layer": 110,
					"tri": true,
					"radius": 0,
					"radiusTo": 10,
					"triLength": 0,
					"triLengthTo": 32,
					"haloRadius": 0,
					"haloRadiusTo": 102,
					"haloRotation": 0,
					"haloRotateSpeed": -0.9
				}
			]
		},
		{
			"name": "点防1",
			"type": "PointDefenseWeapon",
			"x": 0,"y": 16,
			"rotate": true,
			"shootSound": "lasercharge2",
			"recoil": 0,
			"rotateSpeed": 99,
			"reload": 30,
			"shoot": {
				"shots":3,
				"shotDelay":4
			},
			"targetInterval": 10,
			"targetSwitchInterval": 10,
			"bullet": {
				"speed": 40,
				"lifetime": 10,
				"shootEffect": "none",
				"hitEffect": {
					"type": "ParticleEffect",
					"particles": 6,
					"line": true,
					"length": 85,
					"baseLength": 0,
					"lifetime": 25,
					"colorFrom": "ffffff",
					"colorTo": "FEEBB3FF"
				},
				"maxRange": 360,
				"damage": 120
			}
		},
		{
			"name": "阔野5",
			"reload": 70,
			"x": 40,
			"y": 48,
			"shootY": 12,
			"shoot": {
				"shots": 5,
				"shotDelay": 6
			},
			"controllable": false,
			"autoTarget": true,
			"rotate": true,
			"rotateSpeed": 5,
			"inaccuracy": 8,
			"shootSound": "laser",
			"shake": 2,
			"bullet": {
				"damage": 50,
				"length": 281,
				"sapStrength": 0.75,
				"width": 1,
				"type": "SapBulletType",
				"pierceArmor": true,
				"despawnEffect": "none",
				"pierce": true,
				"color": "FEEBB3FF",
				"collides": false,
				"hitSize": 0,
				"hittable": false,
				"hitEffect": "hitLiquid",
				"status": "melting",
				"lightColor": "FEEBB3FF",
				"lightOpacity": 0.6,
				"statusDuration": 60,
				"impact": true
			}
		},
		{
			"name": "阔野5",
			"reload": 60,
			"x": 40,
			"y": -56,
			"shootY": 12,
			"shoot": {
				"shots": 5,
				"shotDelay": 6
			},
			"controllable": false,
			"autoTarget": true,
			"rotate": true,
			"rotateSpeed": 5,
			"inaccuracy": 8,
			"shootSound": "laser",
			"shake": 2,
			"bullet": {
				"damage": 60,
				"length": 281,
				"sapStrength": 0.75,
				"width": 1,
				"type": "SapBulletType",
				"pierceArmor": true,
				"despawnEffect": "none",
				"pierce": true,
				"color": "FEEBB3FF",
				"collides": false,
				"hitSize": 0,
				"hittable": false,
				"hitEffect": "hitLiquid",
				"status": "melting",
				"lightColor": "FEEBB3FF",
				"lightOpacity": 0.6,
				"statusDuration": 60,
				"impact": true
			}
		}
	]
}