{
	"type": "naval",
	"name": "罗汉",
	"description": "攻击附近所有敌人。发射大量脉冲弹与震爆弹，对敌方供给链造成毁灭性打击。\n保护并修复临近的友方单位。",
	"speed":0.58,
	"rotateSpeed":0.86,
    "immunities":["electrified","unmoving","干扰","disarmed"],
    "ammoType":{
        "type":"PowerAmmoType",
        "totalPower":5000},
        "ammoCapacity": 300,
	"hitSize":100,
    "trailLength":160,
    "waveTrailX":23.25,
    "waveTrailY":-40,
    "trailScl":5,
	"health": 125000,
    "buildSpeed":5,
	"armor":24,
    "parts": [
        {
        "type": "ShapePart",
        "stroke": 1,
        "strokeTo":1,
        "color": "97FFA8FF",
        "circle": true,
        "hollow": true,
        "radius": 160,
        "radiusTo": 160,
        "layer": 110
        }],
    "abilities": [
        { "type": "StatusFieldAbility",
            "duration": 120,
            "reload": 180,
            "range": 160,
            "applyEffect":"none",
            "activeEffect":{"type": "WaveEffect",
            "lifetime": 30,
            "sizeFrom":160,
            "sizeTo": 160,
            "strokeFrom": 3,
            "strokeTo": 0,
            "colorFrom": "97FFA8FF",
            "colorTo": "97FFA800"},
            "effect":"修复"  },
    {"type":"ForceFieldAbility",
    "radius": 240,
    "max": 8000,
    "regen": 6,
    "cooldown": 1000
    }
        ],
	"research": "navanax",
	"weapons":[
    {"name":"罗汉2",
    "x":32,"y":-34.5,
	"inaccuracy": 0,
	"shootCone":20,
	"shootSound":"laser",
    "shootY":15,
    "rotate":true,
	"rotateSpeed":3,
	"reload":60,
    "cooldownTime":40,
	"alternate": true,
        "bullet":{
    "type":"BasicBulletType",
	"height": 35,"width":18,
    "shrinkY":0,
    "sprite":"饱和火力-透彻",
    "healPercent":20,
	"speed":12,"lifetime":41,
    "damage":133,
    "pierce": true,
    "knockback":30,
	"splashDamageRadius":78,
    "splashDamage":65,
    "collidesTeam":true,
	"status":"干扰",
	"statusDuration":100,
    "frontColor":"97FFA8FF",
    "backColor":"97FFA8FF",
    "trailLength":10,
	"trailWidth":2,
    "trailColor":"97FFA8FF", 
    "shootEffect":{
    "type": "ParticleEffect",
    "particles": 5,
    "line": true,
    "strokeFrom": 3,"strokeTo": 0,
    "lenFrom": 12,"lenTo": 0,
    "length": 45,"baseLength":0,
    "lifetime": 35,
    "colorFrom": "97FFA8FF",
    "colorTo": "ffffff",
    "cone": 60},
    "smokeEffect": "none",
	"hitSound":"plasmaboom",
	"despawnEffect":"none",
	"hitEffect":{"type":"MultiEffect",
	"effects": [
	{"type": "ParticleEffect",
    "particles": 23,
    "line": true,
    "strokeFrom": 5,"strokeTo": 0,
    "lenFrom": 20,"lenTo": 0,
    "length": 80,
    "baseLength":0,
    "lifetime": 30,
    "colorFrom": "97FFA8",
    "colorTo": "97FFA8",
    "cone": 360},
    {"type": "WaveEffect",
    "lifetime": 25,
    "sizeFrom": 0,"sizeTo": 80,
    "strokeFrom":6,"strokeTo":0,
    "colorFrom":"97FFA8FF",
    "colorTo": "97FFA8FF"}]}
    }},
    {"name":"罗汉2",
    "x":12,"y":32,
	"inaccuracy": 0,
	"shootCone":20,
	"shootSound":"laser",
    "shootY":15,
    "rotate":true,
	"rotateSpeed":3,
	"reload":55,
    "cooldownTime":40,
	"alternate": true,
        "bullet":{
    "type":"BasicBulletType",
	"height": 35,"width":18,
    "shrinkY":0,
    "sprite":"饱和火力-透彻",
    "healPercent":20,
	"speed":12,"lifetime":41,
    "damage":133,
    "pierce": true,
    "knockback":30,
	"splashDamageRadius":78,
    "splashDamage":65,
    "collidesTeam":true,
	"status":"干扰",
	"statusDuration":100,
    "frontColor":"97FFA8FF",
    "backColor":"97FFA8FF",
    "trailLength":10,
	"trailWidth":2,
    "trailColor":"97FFA8FF", 
    "shootEffect":{
    "type": "ParticleEffect",
    "particles": 5,
    "line": true,
    "strokeFrom": 3,"strokeTo": 0,
    "lenFrom": 12,"lenTo": 0,
    "length": 45,"baseLength":0,
    "lifetime": 35,
    "colorFrom": "97FFA8FF",
    "colorTo": "ffffff",
    "cone": 60},
    "smokeEffect": "none",
	"hitSound":"plasmaboom",
	"despawnEffect":"none",
	"hitEffect":{"type":"MultiEffect",
	"effects": [
	{"type": "ParticleEffect",
    "particles": 23,
    "line": true,
    "strokeFrom": 5,"strokeTo": 0,
    "lenFrom": 20,"lenTo": 0,
    "length": 80,
    "baseLength":0,
    "lifetime": 30,
    "colorFrom": "97FFA8",
    "colorTo": "97FFA8",
    "cone": 360},
    {"type": "WaveEffect",
    "lifetime": 25,
    "sizeFrom": 0,"sizeTo": 80,
    "strokeFrom":6,"strokeTo":0,
    "colorFrom":"97FFA8FF",
    "colorTo": "97FFA8FF"}]}
    }},
    {"name":"罗汉1",
    "x":-16,"y":0,
	"inaccuracy": 0,
	"shootCone":60,
	"shootSound":"laser",
    "shootY":5,
    "shake":4,
    "rotate":true,
	"rotateSpeed":2,
	"reload":80,
	"alternate": true,
        "bullet":{
    "type":"EmpBulletType",
    "sprite":"饱和火力-海胆",
    "width": 66,
    "height": 66,
	"spin":3.34,
    "shrinkY":0,
    "shrinkX":0,
    "hitSize":36,
    "healPercent":25,
	"speed":7,"lifetime":70,
    "pierce": true,
    "pierceBuilding":true,
    "pierceCap": 2,
    "hitShake":8,
    "damage":80,
    "radius":160, 
	"splashDamageRadius":92,
    "splashDamage":75,
    "timeIncrease":1,
    "powerDamageScl":3,
    "powerSclDecrease":0,
    "unitDamageScl":1.25,
    "hitUnits":true,
    "scaleLife": true,
	"status":"electrified",
	"statusDuration":600,
    "frontColor":"97FFA8FF",
    "backColor":"97FFA8FF",
    "trailLength":16,
	"trailWidth":4,
    "trailColor":"97FFA8FF", 
    "shootEffect":{
    "type": "ParticleEffect",
    "particles": 5,
    "sizeFrom": 3,"sizeTo": 0,
    "length": 45,"baseLength":0,
    "lifetime": 35,
    "colorFrom": "97FFA8FF",
    "colorTo": "ffffff",
    "cone": 60},
    "smokeEffect": "none",
	"hitSound":"plasmaboom",
	"despawnEffect":{"type": "WaveEffect",
    "lifetime": 45,
    "sizeFrom": 150,"sizeTo": 160,
    "strokeFrom":6,"strokeTo":0,
    "colorFrom":"97FFA8FF",
    "colorTo": "97FFA8FF"},
	"hitEffect":{"type":"MultiEffect",
	"effects": [
	{"type": "ParticleEffect",
    "particles": 10,
    "sizeFrom": 20,"sizeTo": 0,
    "length": 50,
    "baseLength":130,
    "lifetime": 35,
    "colorFrom": "97FFA880",
    "colorTo": "ffffff",
    "cone": 360},
    {"type": "ParticleEffect",
    "particles": 1,
    "sizeFrom": 160,"sizeTo": 160,
    "length": 0,"baseLength":0,
    "lifetime": 15,
    "colorFrom": "97FFA880",
    "colorTo": "97FFA800",
    "cone": 360},
    {
    "type": "ParticleEffect",
    "particles": 1,  
    "baseLength": 3,
    "length":-3,
    "lifetime": 45,
    "spin":3.34,
    "interp": "fastSlow",
    "region":"饱和火力-星",
    "sizeFrom": 130,
    "sizeTo": 0,
    "colorFrom": "97FFA8FF",
    "colorTo": "ffffff",
    "cone":360 }
    ]}
    }},
    {"name":"罗汉1",
    "x":32,"y":8,
	"inaccuracy": 0,
	"shootCone":60,
	"shootSound":"laser",
    "shootY":5,
    "shake":4,
    "rotate":true,
	"rotateSpeed":2,
	"reload":85,
	"alternate": true,
        "bullet":{
    "type":"EmpBulletType",
    "sprite":"饱和火力-海胆",
    "width": 66,
    "height": 66,
	"spin":3.34,
    "shrinkY":0,
    "shrinkX":0,
    "hitSize":36,
    "hitShake":8,
    "healPercent":25,
	"speed":7,"lifetime":70,
    "pierce": true,
    "pierceBuilding":true,
    "pierceCap": 2,
    "damage":80,
    "radius":160,
	"splashDamageRadius":92,
    "splashDamage":75,
    "timeIncrease":1,
    "powerDamageScl":3,
    "powerSclDecrease":0,
    "unitDamageScl":1.25,
    "hitUnits":true,
    "scaleLife": true,
	"status":"electrified",
	"statusDuration":600,
    "frontColor":"97FFA8FF",
    "backColor":"97FFA8FF",
    "trailLength":16,
	"trailWidth":4,
    "trailColor":"97FFA8FF", 
    "shootEffect":{
    "type": "ParticleEffect",
    "particles": 5,
    "sizeFrom": 3,"sizeTo": 0,
    "length": 45,"baseLength":0,
    "lifetime": 35,
    "colorFrom": "97FFA8FF",
    "colorTo": "ffffff",
    "cone": 60},
    "smokeEffect": "none",
	"hitSound":"plasmaboom",
	"despawnEffect":{"type": "WaveEffect",
    "lifetime": 45,
    "sizeFrom": 150,"sizeTo": 160,
    "strokeFrom":6,"strokeTo":0,
    "colorFrom":"97FFA8FF",
    "colorTo": "97FFA8FF"},
	"hitEffect":{"type":"MultiEffect",
	"effects": [
	{"type": "ParticleEffect",
    "particles": 10,
    "sizeFrom": 20,"sizeTo": 0,
    "length": 50,
    "baseLength":130,
    "lifetime": 35,
    "colorFrom": "97FFA880",
    "colorTo": "ffffff",
    "cone": 360},
    {"type": "ParticleEffect",
    "particles": 1,
    "sizeFrom": 160,"sizeTo": 160,
    "length": 0,"baseLength":0,
    "lifetime": 15,
    "colorFrom": "97FFA880",
    "colorTo": "97FFA800",
    "cone": 360},
    {
    "type": "ParticleEffect",
    "particles": 1,  
    "baseLength": 3,
    "length":-3,
    "lifetime": 45,
    "spin":3.34,
    "interp": "fastSlow",
    "region":"饱和火力-星",
    "sizeFrom": 130,
    "sizeTo": 0,
    "colorFrom": "97FFA8FF",
    "colorTo": "ffffff",
    "cone":360 }
    ]}
    }},
    {"name":"罗汉1",
    "x":12,"y":-32,
	"inaccuracy": 0,
	"shootCone":60,
	"shootSound":"laser",
    "shootY":5,
    "shake":4,
    "rotate":true,
	"rotateSpeed":2,
	"reload":75,
	"alternate": true,
        "bullet":{
    "type":"EmpBulletType",
    "sprite":"饱和火力-海胆",
    "width": 66,
    "height": 66,
	"spin":3.34,
    "shrinkY":0,
    "shrinkX":0,
    "hitSize":36,
    "healPercent":25,
	"speed":7,"lifetime":70,
    "pierce": true,
    "pierceBuilding":true,
    "pierceCap": 2,
    "hitShake":8,
    "damage":80,
    "radius":160,
	"splashDamageRadius":92,
    "splashDamage":75,
    "timeIncrease":1,
    "powerDamageScl":3,
    "powerSclDecrease":0,
    "unitDamageScl":1.25,
    "hitUnits":true,
    "scaleLife": true,
	"status":"electrified",
	"statusDuration":600,
    "frontColor":"97FFA8FF",
    "backColor":"97FFA8FF",
    "trailLength":16,
	"trailWidth":4,
    "trailColor":"97FFA8FF", 
    "shootEffect":{
    "type": "ParticleEffect",
    "particles": 5,
    "sizeFrom": 3,"sizeTo": 0,
    "length": 45,"baseLength":0,
    "lifetime": 35,
    "colorFrom": "97FFA8FF",
    "colorTo": "ffffff",
    "cone": 60},
    "smokeEffect": "none",
	"hitSound":"plasmaboom",
	"despawnEffect":{"type": "WaveEffect",
    "lifetime": 45,
    "sizeFrom": 150,"sizeTo": 160,
    "strokeFrom":6,"strokeTo":0,
    "colorFrom":"97FFA8FF",
    "colorTo": "97FFA8FF"},
	"hitEffect":{"type":"MultiEffect",
	"effects": [
	{"type": "ParticleEffect",
    "particles": 10,
    "sizeFrom": 20,"sizeTo": 0,
    "length": 50,
    "baseLength":130,
    "lifetime": 35,
    "colorFrom": "97FFA880",
    "colorTo": "ffffff",
    "cone": 360},
    {"type": "ParticleEffect",
    "particles": 1,
    "sizeFrom": 160,"sizeTo": 160,
    "length": 0,"baseLength":0,
    "lifetime": 15,
    "colorFrom": "97FFA880",
    "colorTo": "97FFA800",
    "cone": 360},
    {
    "type": "ParticleEffect",
    "particles": 1,  
    "baseLength": 3,
    "length":-3,
    "lifetime": 45,
    "spin":3.34,
    "interp": "fastSlow",
    "region":"饱和火力-星",
    "sizeFrom": 130,
    "sizeTo": 0,
    "colorFrom": "97FFA8FF",
    "colorTo": "ffffff",
    "cone":360 }
    ]}
    }}
	]
}