{
	"type": "tank",
	"name": "蚁后",
	"description": "向目标地点投射7个小型单位吸引火力。结构脆弱，需要保护",
	"details":"重新定义火炮支援",
	"squareShape":true,
    "omniMovement":false,
    "rotateMoveFirst":true,
    "rotateSpeed":1.3,
    "speed": 0.8,
    "hitSize": 20,
	"ammoType":"纳米核",
    "ammoCapacity": 15,
    "ammoResupplyAmount":1,
    "targetAir":false,
    "health": 1350,
    "armor": 4,
    "itemCapacity": 0,
    "faceTarget": false,
	"research": "陆2",
	"weapons":[
	{	"name": "蚁后1",	
		"reload":240, 
        "x": 0,  "y": -2, 
        "rotate": true, 
        "mirror":true,
        "alternate": false,
		"rotateSpeed":5,
    "shoot":{
    "shots":7,
    "shotDelay":6,
    "shootSpread":0
        },
    "inaccuracy": 15,
	"shootSound": "artillery",
	"shootStatus": "unmoving",
	"shootStatusDuration": 45,
	"velocityRnd":0.3,
	"bullet":{
    "type":"ArtilleryBulletType",
	"sprite":"饱和火力-方形",
    "frontColor":"FFFF77",	
    "trailEffect": "smoke",
    "splashDamage":15,
    "splashDamageRadius":35,
    "buildingDamageMultiplier":0.5,
	"collides":false,
	"status":"blasted",
	"statusDuration":60,
	"smokeEffect":"none",
    "speed":8,
    "lifetime":63,
    "width":16,	 "height":16,
	"hitEffect":{"type": "MultiEffect",
    "effects": [
        {"type": "ParticleEffect",
        "particles": 8,
        "sizeFrom": 10,
        "sizeTo": 0,
        "length": 35,
        "baseLength": 3,
        "lifetime": 25,
        "colorFrom": "737373FF",
        "colorTo": "737373FF",
        "cone": 360},
        {"type": "WaveEffect",
        "lifetime": 10,
        "sizeFrom": 0,
        "sizeTo": 45,
        "strokeFrom":2,
        "strokeTo": 0,
        "colorFrom": "FFFFFF90",
        "colorTo": "FFFFFF90"}]},
    "despawnEffect":"none",
    "despawnUnit": "兵蚁"
	}
	}
	]
}
