{
	"type": "flying",
	"name": "乌首",
	"mass": 90,
	"description": "过载中央引擎放出闪电轰击附近15个敌人，导致短暂瘫痪并造成严重伤害。[red]对接地建筑效果不佳",
	"details":"何方道友在此渡劫？",
	"speed": 0.5,	
	"drag":0.05,	"accel":0.07,
	"rotateSpeed":10,
	"buildSpeed":7.5,
	"ammoType":{
	"type":"PowerAmmoType",
	"totalPower":5000},
	"ammoCapacity": 300,
    "ammoResupplyAmount":30,
	"hitSize":46, 
	"flying": true,
	"turnCursor":false,
	"health": 36000,
	"armor":25,
	"engineOffset": 9.5,
	"engineSize": 4,
	"research": "雷鸣",  
	"abilities": [
    {"type":"EnergyFieldAbility",
    "damage":500,
"buildingDamageMultiplier":0.25,
    "reload":120,
    "range":288,
    "effectRadius":25, 
    "sectorRad":0.2,
    "rotateSpeed":0.63,
    "color":"FEEBB3FF",
    "hitEffect":{"type": "MultiEffect",
	"effects": [
	{"type": "ParticleEffect",
    "particles": 6,
    "sizeFrom": 3,
    "sizeTo": 0,
    "length": 30,
    "baseLength": 8,
    "lifetime": 35,
    "colorFrom": "FEEBB3FF",
    "colorTo": "ffffff",
    "cone": 360},
    {"type": "WaveEffect",
    "lifetime": 12,
    "sizeFrom": 2,
    "sizeTo": 20,
    "strokeFrom":8,
    "strokeTo":0,
    "colorFrom":"FEEBB3FF",
    "colorTo": "FEEBB3FF"}]},
    "damageEffect":"chainLightning",
    "status":"unmoving",
    "shootSound":"DBZ1",
    "statusDuration":90,
    "x": 0,  "y": 0, 
    "targetGround":true,
    "targetAir":true,
    "hitBuildings":true,
    "hitUnits":true,
    "maxTargets":15 }
    ],
	"weapons":[]
}
