{
	"type": "mech",
	"name": "兵蚁",
	"description": "攻击附近地面敌人。发射短截霰弹。",
	"details":"", 
    "rotateSpeed":8,
    "speed": 1.6,
    "hitSize": 9,
    "ammoCapacity": 30,
    "ammoResupplyAmount":30,
    "health": 75,
    "drag": 0.05,  "accel":0.05,
    "itemCapacity": 0,
	"research": "蚁后",
	"weapons":[
	{	"name": "兵蚁1",	
		"reload":20, 
		"recoil":0,
        "x": 0,  "y": 0, 
        "rotate": false,
        "mirror":false,
        "inaccuracy": 5,
    "shoot":{
	"type":"ShootSpread",
	"shots":3},
	"ejectEffect":"casing1",
	"shootSound": "shoot",
		"alternate": false,
		"bullet":{
	"damage":3,
	"speed":6,
	"lifetime":10,
	"width":3,
	"height":3	}}
	]
}
