{
    "type": "PowerTurret",
    "name": "零丁",
    "description": "从'灭绝'行动中缴获的实验性原型武器。",
    "details": "威力巨大，但这并不是一个好消息，敌人可能已经掌握了相关技术，尽快研究它",
    "targetAir": true,
    "targetGround": false,
    "fogRadiusMultiuplier":0.2,
    "health": 835000,
    "size": 16,
    "armor":150,
    "accurateDelay": false,
    "shake": 150,
    "inaccuracy": 0,
    "liquidCapacity": 600,
    "canOverdrive": false,
    "reload": 1800,
    "rotateSpeed": 0.33,
    "minWarmup": 0.88,
    "shootWarmupSpeed": 0.008,
    "drawer": {
        "type": "DrawTurret",
        "parts":[


    {"type": "HaloPart",
        "y":64,
        "sides": 3,
        "shapes": 3,
        "color": "25C9AB",
        "colorTo":"25C9AB",
        "tri": true,
        "under":true,
        "progress":"reload",
        "radius": 16,
        "radiusTo": 0,
        "triLength": 110,
        "triLengthTo": 0,
        "haloRadius": 0,
        "haloRotation": 0,
        "haloRotateSpeed": -0.2},
    {"type": "HaloPart",
        "y":64,
        "sides": 3,
        "shapes": 3,
        "color": "25C9AB",
        "colorTo":"25C9AB",
        "layer":110,
        "tri": true,
        "progress":"reload",
        "radius": 16,
        "radiusTo": 0,
        "triLength": 220,
        "triLengthTo": 0,
        "haloRadius": 0,
        "haloRotation": 0,
        "haloRotateSpeed": 0.32}
    

    ]},
    "shootSound": "laserblast",
    "shootEffect": {
        "type": "MultiEffect",
        "effects": [
            {
                "type": "WaveEffect",
                "lifetime": 90,
                "sizeFrom": 50,
                "sizeTo": 300,
                "strokeFrom": 30,
                "strokeTo": 0,
                "colorFrom": "BFFFDB80",
                "colorTo": "25C9AB"
            },
            {
                "type": "WaveEffect",
                "lifetime": 100,
                "sizeFrom": 50,
                "sizeTo": 4000,
                "strokeFrom": 160,
                "strokeTo": 0,
                "colorFrom": "BFFFDB",
                "colorTo": "25C9AB"
            },
            {
                "type": "ParticleEffect",
                "particles": 110,
                "sizeFrom": 30,
                "sizeTo": 0,
                "sizeInterp":"pow10In",
                "interp":"pow10Out",
                "length": 1000,
                "baseLength": 0,
                "lifetime": 90,
                "colorFrom": "BFFFDB",
                "colorTo": "25C9AB",
                "cone": 60
            }
        ]
    },
    "smokeEffect": "bigShockwave",
    "shootType": {
        "type": "BasicBulletType",
        "absorbable": true,
        "hittable":false,
        "pierceArmor":true,
        "collidesGround": false,
        "collidesAir": true,
        "hitSize":50,
        "chargeEffect":"none",
        "parts":[
        {"type": "HaloPart",
        "sides": 3,
        "shapes": 3,
        "color": "25C9AB",
        "colorTo":"25C9AB",
        "tri": true,
        "radius": 16,
        "radiusTo": 16,
        "triLength": 220,
        "triLengthTo": 80,
        "haloRadius": 0,
        "haloRotation": 0,
        "haloRotateSpeed": 9},
        {"type": "HaloPart",
        "sides": 3,
        "shapes": 3,
        "color": "25C9AB",
        "colorTo":"25C9AB",
        "tri": true,
        "layer":90,
        "radius": 16,
        "radiusTo": 16,
        "triLength": 110,
        "triLengthTo": 20,
        "haloRadius": 0,
        "haloRotation": 120,
        "haloRotateSpeed": -8}
    ],

        "bulletInterval": 1,
        "intervalBullets": 2,
        "intervalRandomSpread": 360,
        "intervalSpread": 10,
        "intervalAngle": 0,
        "intervalBullet": {
            "instantDisappear":true,
            "hittable":false,
            "collides": false,
            "absorbable": false,
            "splashDamage":55,
            "splashDamageRadius": 30,
            "speed":0,
            "hitEffect":"none",
            "despawnEffect":"none",
        "fragLifeMin": 0.2,
        "fragBullets": 1,
        "fragBullet": {"type":"PointBulletType",
            "trailEffect":{
        "type": "ParticleEffect",
        "particles": 1,
        "length":0,
        "baseLength": 1,
        "lifetime": 10,
        "line": true,
        "randLength": false,
        "lenFrom": 10,
        "lenTo":10,
        "strokeFrom": 8,
        "strokeTo": 0,
        "colorFrom": "BFFFDB",
        "colorTo": "25C9AB",
        "cone":0 },
        "trailSpacing": 9,
        "despawnEffect":"bigShockwave",
        "hitEffect": {
                "type": "MultiEffect",
                "effects": [
                    {"type": "ParticleEffect",
                        "particles": 1,
                        "sizeFrom": 20,
                        "sizeTo": 0,
                        "length": 0,
                        "baseLength": 0,
                        "lifetime": 15,
                        "colorFrom": "BFFFDB",
                        "colorTo": "25C9AB",
                        "cone": 360},
                    {"type": "WaveEffect",
                        "lifetime": 10,
                        "sizeFrom": 8,
                        "sizeTo": 125,
                        "strokeFrom": 8,
                        "strokeTo": 0,
                        "colorFrom": "BFFFDB",
                        "colorTo": "BFFFDB"}
                ]
            },
        "damage": 240,
        "hitShake":8,
        "lightningDamage": 160,
        "lightning": 2,
        "lightningLength": 33,
        "lightningColor": "25C9ABFF",
        "hitSound": "plasmaboom",
        "speed": 20,
        "lifetime": 18,
        "splashDamageRadius": 125,
        "splashDamage": 405}
    },

        "damage": 8000,
        "splashDamageRadius": 250,
        "splashDamage": 24000,
        "status":"崩溃",
		"statusDuration":1800,
        "lightningDamage": 1280,
        "lightning": 8,
        "lightningLength": 66,
        "lightningColor": "25C9AB",
        "speed": 60,
        "lifetime": 200,
        "drag": 0.009,
        "sprite": "circle-bullet",
        "backColor": "25C9ABFF",
        "frontColor": "FFFFFF",
        "trailColor": "25C9ABFF",
        "width": 30,
        "height": 30,
        "trailLength": 20,
        "trailWidth": 10,
        "shrinkY": 0,
        "hitShake": 80,
        "hitSound": "DBZ1",
        "hitSoundVolume":3,
        "ammoMultiplier": 1,
        "despawnEffect":{"type": "ParticleEffect",
        "particles": 1,
        "sizeFrom": 0,
        "sizeTo": 30,
        "interp":"pow5In",
        "length": 0,
        "baseLength": 0,
        "lifetime": 120,
        "colorFrom": "BFFFDB",
        "colorTo": "BFFFDB",
        "cone": 360},
        "hitEffect": {
            "type": "MultiEffect",
            "effects": [
                {"type": "ParticleEffect",
                    "particles": 123,
                    "sizeFrom": 0,
                    "sizeTo": 26,
                    "interp":"pow10In",
                    "length": -1200,
                    "baseLength": 1200,
                    "lifetime": 140,
                    "colorFrom": "BFFFDB",
                    "colorTo": "BFFFDB",
                    "cone": 360},
                {"type": "ParticleEffect",
                    "particles": 123,
                    "sizeFrom": 0,
                    "sizeTo": 26,
                    "interp":"pow10In",
                    "length": -1200,
                    "baseLength": 1200,
                    "startDelay":14,
                    "lifetime": 140,
                    "colorFrom": "BFFFDB",
                    "colorTo": "BFFFDB",
                    "cone": 360},
                {"type": "ParticleEffect",
                    "particles": 123,
                    "sizeFrom": 0,
                    "sizeTo": 26,
                    "interp":"pow10In",
                    "length": -1200,
                    "baseLength": 1200,
                    "startDelay":29,
                    "lifetime": 140,
                    "colorFrom": "BFFFDB",
                    "colorTo": "BFFFDB",
                    "cone": 360},

                {"type": "ParticleEffect",
                    "particles": 1,
                    "sizeFrom": 0,
                    "sizeTo": 500,
                    "sizeInterp":"pow5Out",
                    "length": 0,
                    "baseLength": 0,
                    "lifetime": 150,
                    "colorFrom": "25C9AB00",
                    "colorTo": "BFFFDB",
                    "cone": 360},
                {"type": "ParticleEffect",
                    "particles": 1,
                    "sizeFrom": 500,
                    "sizeTo": 0,
                    "sizeInterp":"pow5In",
                    "length": 0,
                    "baseLength": 0,
                    "startDelay":145,
                    "lifetime": 33,
                    "colorFrom": "BFFFDB",
                    "colorTo": "25C9AB",
                    "cone": 360},

                {"type": "WaveEffect",
                    "lifetime": 120,
                    "sizeFrom": 0,
                    "sizeTo": 720,
                    "strokeFrom": 0,
                    "strokeTo": 50,
                    "colorFrom": "25C9AB",
                    "colorTo": "BFFFDB"},
                {"type": "WaveEffect",
                    "lifetime": 48,
                    "startDelay":119,
                    "sizeFrom": 720,
                    "sizeTo": 720,
                    "strokeFrom": 50,
                    "strokeTo": 50,
                    "colorFrom": "BFFFDB",
                    "colorTo": "BFFFDB"},
                {"type": "WaveEffect",
                    "lifetime": 8,
                    "startDelay":168,
                    "sizeFrom": 720,
                    "sizeTo": 0,
                    "strokeFrom": 50,
                    "strokeTo": 8,
                    "colorFrom": "BFFFDB",
                    "colorTo": "25C9AB"},
        
                {"type": "ParticleEffect",
                "particles": 1,
                "sizeFrom": 90,
                "sizeTo": 99999,
                "length": 0,"baseLength": 0,
                "lifetime": 190,
                "colorFrom": "00000000",
                "colorTo": "000000A8",
                "layer":99,
                "cone": 360},
                {"type": "ParticleEffect",
                    "particles": 1,
                    "sizeFrom": 0,
                    "sizeTo": 300,
                    "sizeInterp":"pow5Out",
                    "length": 0,
                    "baseLength": 0,
                    "lifetime": 150,
                    "layer":120,
                    "colorFrom": "00000000",
                    "colorTo": "000000",
                    "cone": 360},
                {"type": "ParticleEffect",
                    "particles": 1,
                    "sizeFrom": 300,
                    "sizeTo": 0,
                    "sizeInterp":"pow5In",
                    "length": 0,
                    "baseLength": 0,
                    "startDelay":145,
                    "lifetime": 33,
                    "layer":120,
                    "colorFrom": "000000",
                    "colorTo": "000000",
                    "cone": 360},

                {"type": "ParticleEffect",
                    "particles": 92,
                    "line": true,
                    "sizeInterp":"pow5In",
                    "strokeFrom": 5,
                    "strokeTo": 0,
                    "lenFrom": 253,
                    "lenTo": 0,
                    "length": 1000,
                    "baseLength": 0,
                    "lifetime": 30,
                    "colorFrom": "25C9ABFF",
                    "colorTo": "FFFFFF",
                    "cone": 360},
                {"type": "WaveEffect",
                    "lifetime": 90,
                    "sizeFrom": 880,
                    "sizeTo": 0,
                    "strokeFrom": 0,
                    "strokeTo": 90,
                    "colorFrom": "25C9ABFF",
                    "colorTo": "BFFFDB"},
                {"type": "WaveEffect",
                    "lifetime": 90,
                    "startDelay":20,
                    "sizeFrom": 880,
                    "sizeTo": 0,
                    "strokeFrom": 0,
                    "strokeTo": 90,
                    "colorFrom": "25C9ABFF",
                    "colorTo": "BFFFDB"},
                {"type": "WaveEffect",
                    "lifetime": 90,
                    "startDelay":40,
                    "sizeFrom": 880,
                    "sizeTo": 0,
                    "strokeFrom": 0,
                    "strokeTo": 90,
                    "colorFrom": "25C9ABFF",
                    "colorTo": "BFFFDB"},
                {"type": "WaveEffect",
                    "lifetime": 90,
                    "startDelay":60,
                    "sizeFrom": 880,
                    "sizeTo": 0,
                    "strokeFrom": 0,
                    "strokeTo": 90,
                    "colorFrom": "25C9ABFF",
                    "colorTo": "BFFFDB"},
                {"type": "WaveEffect",
                    "lifetime": 10,
                    "sizeFrom": 0,
                    "sizeTo": 300,
                    "strokeFrom": 25,
                    "strokeTo": 0,
                    "colorFrom": "25C9ABFF",
                    "colorTo": "BFFFDB"}
            ]
        },
        "fragLifeMin": 1,
        "fragBullets": 1,
        "fragBullet": {
            "type":"BasicBulletType",
            "hittable":false,
            "collides": false,
            "absorbable": false,
            "damage":8800,
            "splashDamageRadius": 1200,
            "splashDamage": 24380,
            "status":"绝判",
            "statusDuration":735,
            "speed": 0,
            "lifetime": 179,
            "sprite": "饱和火力-海胆",
            "backColor": "25C9ABFF",
            "frontColor": "FFFFFF",
            "width": 1050,
            "height": 1050,
            "spin":-1.8,
            "shrinkY": 1,
            "shrinkX": 1,
            "hitShake": 2000,
            "hitSound": "DBZ1",
            "hitSoundVolume":28,
            "hitEffect": {
                "type": "MultiEffect",
                "effects": [
                    {"type": "ParticleEffect",
                    "particles": 193,
                    "sizeFrom": 95,
                    "sizeTo": 0,
                    "sizeInterp":"pow10In",
                    "interp":"pow10Out",
                    "length": 1050,
                    "baseLength": 150,
                    "lifetime": 490,
                    "colorFrom": "BFFFDB50",
                    "colorTo": "BFFFDB50",
                    "cone": 360},

                {"type": "ParticleEffect",
                "particles": 1,
                "sizeFrom": 99999,
                "sizeTo": 0,
                "length": 0,"baseLength": 0,
                "lifetime": 480,
                "colorFrom": "000000FF",
                "colorTo": "00000000",
                "layer":99,
                "cone": 360},
                {"type": "ParticleEffect",
                    "particles": 1,
                    "sizeFrom": 0,
                    "sizeTo": 1200,
                    "length": 0,
                    "baseLength": 0,
                    "lifetime": 13,
                    "colorFrom": "BFFFDB",
                    "colorTo": "BFFFDB50"},
                {"type": "ParticleEffect",
                    "particles": 1,
                    "sizeFrom": 1200,
                    "sizeTo": 1200,
                    "startDelay":12,
                    "length": 0,
                    "baseLength": 0,
                    "lifetime": 340,
                    "colorFrom": "BFFFDB50",
                    "colorTo": "BFFFDB50"},
                {"type": "ParticleEffect",
                    "particles": 1,
                    "sizeFrom": 1200,
                    "sizeTo": 0,
                    "startDelay":351,
                    "length": 0,
                    "baseLength": 0,
                    "lifetime": 130,
                    "colorFrom": "BFFFDB50",
                    "colorTo": "BFFFDB"},
                {"type": "ParticleEffect",
                    "particles": 133,
                    "sizeFrom": 105,
                    "sizeTo": 0,
                    "sizeInterp":"pow10In",
                    "interp":"pow10Out",
                    "length": 1200,
                    "baseLength": 0,
                    "startDelay":480,
                    "lifetime": 360,
                    "colorFrom": "BFFFDB50",
                    "colorTo": "BFFFDB50",
                    "cone": 360},
                {"type": "WaveEffect",
                    "lifetime": 45,
                    "startDelay":480,
                    "sizeFrom": 0,
                    "sizeTo": 1200,
                    "strokeFrom": 35,
                    "strokeTo": 0,
                    "colorFrom": "BFFFDB",
                    "colorTo": "BFFFDB"},
                {"type": "WaveEffect",
                    "lifetime": 45,
                    "startDelay":510,
                    "sizeFrom": 0,
                    "sizeTo": 1200,
                    "strokeFrom": 35,
                    "strokeTo": 0,
                    "colorFrom": "BFFFDB",
                    "colorTo": "BFFFDB"},
                {"type": "WaveEffect",
                    "lifetime": 45,
                    "startDelay":540,
                    "sizeFrom": 0,
                    "sizeTo": 1200,
                    "strokeFrom": 35,
                    "strokeTo": 0,
                    "colorFrom": "BFFFDB",
                    "colorTo": "BFFFDB"},

                {"type": "WaveEffect",
                    "lifetime": 120,
                    "sizeFrom": 0,
                    "sizeTo": 1350,
                    "strokeFrom": 35,
                    "strokeTo": 0,
                    "colorFrom": "BFFFDB",
                    "colorTo": "BFFFDB"},
                {"type": "WaveEffect",
                    "lifetime": 120,
                    "startDelay":30,
                    "sizeFrom": 0,
                    "sizeTo": 1350,
                    "strokeFrom": 35,
                    "strokeTo": 0,
                    "colorFrom": "BFFFDB",
                    "colorTo": "BFFFDB"},
                {"type": "WaveEffect",
                    "lifetime": 120,
                    "startDelay":60,
                    "sizeFrom": 0,
                    "sizeTo": 1350,
                    "strokeFrom": 35,
                    "strokeTo": 0,
                    "colorFrom": "BFFFDB",
                    "colorTo": "BFFFDB"},
                {"type": "WaveEffect",
                    "lifetime": 120,
                    "startDelay":90,
                    "sizeFrom": 0,
                    "sizeTo": 1350,
                    "strokeFrom": 35,
                    "strokeTo": 0,
                    "colorFrom": "BFFFDB",
                    "colorTo": "BFFFDB"}
                ]},
        "bulletInterval": 1,
        "intervalBullets": 3,
        "intervalRandomSpread": 360,
        "intervalSpread": 9,
        "intervalAngle": 0,
        "intervalBullet": {
            "type":"PointBulletType",
            "trailEffect":"none",
            "speed":2,
            "lifetime":150,
            "splashDamage":125,
            "splashDamageRadius": 30,
            "hitEffect":"none",
            "despawnEffect":"none",
            "fragLifeMin": 1,
            "fragLifeMax": 1.85,
            "fragBullets": 1,
            "fragBullet": {
            "hittable":false,
            "collides": false,
            "absorbable": false,
            "lifetime":185,
            "speed":4,
            "drag":0.005,
            "homingDelay":60,
            "homingPower":1,
            "homingRange": 800,	
            "width": 0,
            "height": 0,
            "splashDamage":250,
            "splashDamageRadius": 108,
            "hitSound":"laserblast",
            "hitSoundVolume":10,
            "hitShake":12,
            "hitEffect": {
                "type": "MultiEffect",
                "effects": [
                    {"type": "ParticleEffect",
                    "particles": 13,
                    "sizeFrom": 35,
                    "sizeTo": 0,
                    "length": 98,
                    "baseLength": 10,
                    "lifetime": 66,
                    "colorFrom": "BFFFDB",
                    "colorTo": "BFFFDB00",
                    "cone": 360},
                    {"type": "WaveEffect",
                    "lifetime": 30,
                    "sizeFrom": 0,
                    "sizeTo": 108,
                    "strokeFrom": 5,
                    "strokeTo": 0,
                    "colorFrom": "BFFFDB",
                    "colorTo": "BFFFDB"}
        ]},
            "despawnEffect":"none",
        "fragBullets": 1,
        "fragRandomSpread":0,
        "fragBullet": {
            "type": "LaserBulletType",
            "lightningSpacing":15,
            "lightningLength":6,
            "lightningDelay":0.8,
            "lightningLengthRand":3,
            "lightningDamage":88,
            "lightningColor": "BFFFDB",
            "length": 480,
            "width": 40,
            "sideAngle": 130,
            "sideWidth": 1.6,
            "sideLength": 200,
            "damage": 463.75,
            "lifetime": 90,
            "colors": ["BFFFDB80","BFFFDB","FFFFFF"],
            "despawnEffect": "none",
            "hitEffect": "none"
            }}},
            "fragLifeMin": 0.6,
            "fragLifeMax": 1.5,
            "fragBullets": 380,
            "fragBullet":{
                "type":"BasicBulletType",
		        "hitSound":"explosionbig",
                "hitSoundVolume":12,
                "collides":false,
                "hittable":false,
                "absorbable":false,
                "despawnEffect":{
                    "type": "ParticleEffect",
                    "particles": 3,
                    "sizeFrom": 55,
                    "sizeTo": 0,
                    "sizeInterp":"pow10In",
                    "interp":"pow10Out",
                    "length": 105,
                    "baseLength": 0,
                    "lifetime": 360,
                    "colorFrom": "25C9AB10",
                    "colorTo": "BFFFDB10",
                    "cone": 360},
                "hitEffect":{
                    "type": "ParticleEffect",
                    "particles": 1,
                    "sizeFrom": 8,
                    "sizeTo": 155,
                    "sizeInterp":"pow10Out",
                    "length": 0,
                    "baseLength": 0,
                    "lifetime": 25,
                    "colorFrom": "25C9AB",
                    "colorTo": "BFFFDB00"},
            "hitShake":11,
            "width":18,	"height":18,
		    "sprite":"circle-bullet",
		    "shrinkX":0.8,
		    "shrinkY":0.8,
            "status":"余热",
            "statusDuration": 35,
            "lightningDamage":383,
			"lightning":5,
			"lightningLength":9,
			"lightningColor":"BFFFDB",
		    "backColor":"BFFFDB",
		    "frontColor":"FFFFFF",
            "speed": 150,
            "lifetime": 490,
            "drag": 0.1,
            "splashDamageRadius": 105,
            "splashDamage": 263.86}
        }
    },
    "consumes": {
        "power": 64000,
        "liquid": "cryofluid/60"
    },
    "range": 4800,
    "category": "turret",
    "buildVisibility": "sandboxOnly",
    "requirements": [
        "镄/500000",
        "silicon/300000",
        "硅钢/220000",
        "泰勒合金/100000",
        "三级协议/980"
    ]
}