{
	"name": "怨灵Z",
	"armor":22,
	"size": 8,
	"reload": 2.4,
	"fogRadiusMultiuplier":1.125,
	"range": 520,
	"maxAmmo": 60,
	"recoilTime":90,
	"canOverdrive": false,
	"recoil": 8,
	"cooldownTime": 90,
	"shoot": {
		"type": "ShootAlternate",
		"barrels": 2,
		"spread": 24
	},
	"ammoUseEffect": "casing4",
	"ammoPerShot": 3,
	"targetGround": true,
	"targetAir": true,
	"coolantMultiplier": 0.5,
	"liquidCapacity": 120,
	"inaccuracy": 2,
	"shake": 5,
	"shootSound": "shootBig",
	"rotateSpeed": 3.5,
	"ammoTypes": {
		"裂位能": {
			"type": "BasicBulletType",
			"speed": 13,
			"damage": 85.5,
			"ammoMultiplier": 3,
			"lifetime": 60,
			"width": 18,
			"height": 50,
			"absorbable": false,
			"pierceArmor": true,
			"sprite": "饱和火力-透彻",
			"backColor": "EEC591",
			"frontColor": "E3E3E3",
			"trailLength": 5,
			"trailWidth": 2.2,
			"trailColor": "FFFFFF",
			"trailEffect": "none",
			"hitEffect": {
				"type": "MultiEffect",
				"effects": [
					{
						"type": "ParticleEffect",
						"particles": 5,
						"sizeFrom": 4,
						"sizeTo": 0,
						"length": 55,
						"baseLength": 9,
						"lifetime": 15,
						"colorFrom": "FEEBB3FF",
						"colorTo": "ffffff",
						"cone": 360
					},
					{
						"type": "WaveEffect",
						"lifetime": 10,
						"sizeFrom": 2,
						"sizeTo": 50,
						"strokeFrom": 3,
						"strokeTo": 0,
						"colorFrom": "FEEBB3FF",
						"colorTo": "FEEBB3FF"
					}
				]
			},
			"despawnEffect": "instBomb",
			"shootEffect": {
				"type": "MultiEffect",
				"effects": [
					{
						"type": "ParticleEffect",
						"particles": 3,
						"strokeFrom": 6,
						"strokeTo": 0,
						"lenFrom": 10,
						"lenTo": 0,
						"length": 30,
						"baseLength": 0,
						"lifetime": 25,
						"colorFrom": "ffffff",
						"colorTo": "ffffff",
						"cone": 15
					},
					{
						"type": "WaveEffect",
						"lifetime": 10,
						"sizeFrom": 0,
						"sizeTo": 16,
						"strokeFrom": 3,
						"strokeTo": 0,
						"colorFrom": "ffffff",
						"colorTo": "ffffff"
					}
				]
			},
			"hitSound": "laser",
			"status": "崩溃",
			"statusDuration": 60,
			"splashDamageRadius": 48,
			"splashDamage": 185,
			"fragRandomSpread": 0,
			"fragBullets": 2,
			"fragBullet": {
				"hitEffect": {
					"type": "MultiEffect",
					"effects": [
						{
							"type": "ParticleEffect",
							"particles": 5,
							"sizeFrom": 4,
							"sizeTo": 0,
							"length": 45,
							"baseLength": 9,
							"lifetime": 15,
							"colorFrom": "FEEBB3FF",
							"colorTo": "ffffff",
							"cone": 40
						},
						{
							"type": "WaveEffect",
							"lifetime": 10,
							"sizeFrom": 2,
							"sizeTo": 40,
							"strokeFrom": 3,
							"strokeTo": 0,
							"colorFrom": "FEEBB3FF",
							"colorTo": "FEEBB3FF"
						}
					]
				},
				"despawnEffect": "instBomb",
				"hitSound": "laser",
				"width": 10,
				"height": 4,
				"damage": 55,
				"collides": true,
				"pierceArmor": true,
				"status": "崩溃",
				"statusDuration": 50,
				"splashDamageRadius": 50,
				"splashDamage": 74.25,
				"lifetime": 10,
				"speed": 3.2,
				"fragRandomSpread": 0,
				"fragBullets": 1,
				"fragBullet": {
					"hitEffect": {
						"type": "MultiEffect",
						"effects": [
							{
								"type": "ParticleEffect",
								"particles": 5,
								"sizeFrom": 4,
								"sizeTo": 0,
								"length": 45,
								"baseLength": 9,
								"lifetime": 15,
								"colorFrom": "FEEBB3FF",
								"colorTo": "ffffff",
								"cone": 40
							},
							{
								"type": "WaveEffect",
								"lifetime": 10,
								"sizeFrom": 2,
								"sizeTo": 40,
								"strokeFrom": 3,
								"strokeTo": 0,
								"colorFrom": "FEEBB3FF",
								"colorTo": "FEEBB3FF"
							}
						]
					},
					"despawnEffect": "instBomb",
					"hitSound": "laser",
					"width": 10,
					"height": 4,
					"damage": 55,
					"collides": true,
					"pierceArmor": true,
					"status": "崩溃",
					"statusDuration": 50,
					"splashDamageRadius": 50,
					"splashDamage": 74.25,
					"lifetime": 10,
					"speed": 3.2
				}
			}
		}
	},
	"buildVisibility": "sandboxOnly",
	"requirements": [],
	"category": "turret"
}