{
	"type": "PowerTurret",
	"name": "短波雷达",
	"description": "每3秒扫描并标记100单位距离内的敌人，辅助炮台瞄准。被标记的单位会试图摆脱",
	"health": 550,
	"size":4,
	"reload": 180,
	"targetGround":true,
	"targetAir":true,
	"canOverdrive": false,
	"range": 800,
	"recoil":0,
    "customShadow":false,
	"shootY":0,
	"shootSound": "wave",
	"inaccuracy":0,
	"rotateSpeed":0,
	"shootCone":360,
	"ammoUseEffect":{
        "type": "WaveEffect",
        "lifetime": 100,
        "sizeFrom": 0,
        "sizeTo": 800,
        "strokeFrom": 5,
        "strokeTo": 0,
        "colorFrom": "FFFFFF",
        "colorTo": "ffffff"},
    "consumes": {
        "power": 6},
    "drawer":{
    "type":"DrawMulti",
    "drawers":[
            "DrawDefault",
    {"type":"DrawRegion",
    "suffix":"-面",
    "spinSprite":true,
    "rotateSpeed":1},
	{"type":"DrawRegion",
    "suffix":"-顶",
    "spinSprite":true,
    "rotateSpeed":-1}
    ]
},
    "shootType": {
	"type":"BasicBulletType",
    "damage":0,
	"speed": 0,
	"instantDisappear":true,
	"ammoMultiplier": 1,
	"shootEffect":{
        "type": "WaveEffect",
        "lifetime": 100,
		"startDelay":15,
        "sizeFrom": 0,
        "sizeTo": 800,
        "strokeFrom": 5,
        "strokeTo": 0,
        "colorFrom": "FFFFFF80",
        "colorTo": "ffffff80"},
	"smokeEffect":{
        "type": "WaveEffect",
        "lifetime": 100,
		"startDelay":30,
        "sizeFrom": 0,
        "sizeTo": 800,
        "strokeFrom": 5,
        "strokeTo": 0,
        "colorFrom": "FFFFFF80",
        "colorTo": "ffffff80"},
	"splashDamageRadius":800,
	"splashDamage":0.1,
	"buildingDamageMultiplier":0,
    "hitEffect":"none",
    "despawnEffect":"none",
    "statusDuration":300,
    "status":"标记"
	},
	"requirements": [
		{ "item": "copper", "amount": 350},
		{ "item": "metaglass", "amount":160},	
		{ "item": "silicon", "amount": 250},
		{ "item": "硅钢", "amount": 70},
		{ "item": "二级协议", "amount": 3 } 
	],
	"category": "effect",
	"research": "高斯"
}
