{
	"type": "PowerTurret",
	"name": "鱼跃防御平台",
	"health": 18800,
	"armor":  22,
	"size": 4,
	"reload": 160,
	"range": 620,
	"recoilTime": 50,
	"recoil": 2.25,
	"shootSound": "mineDeploy",
	"solid":false,
	"insulated":true,
	"placeableLiquid": true,
	"absorbLasers":true,
	"underBullets":true,
	"hasShadow":false,
	"drawer":{"type":"DrawTurret",
	"basePrefix":"水防御平台-",
	"parts":[
		{"type":"RegionPart",
		"mirror":true,
		"under":true,
		"x":2,"y":0,
		"suffix":"-管",
		"moveX":12,
		"moveY":5,
		"moveRot":-15},
		{"type":"RegionPart",
		"mirror":true,
		"under":true,
		"x":0,"y":0,
		"suffix":"-侧",
		"moveX":2,
		"moveY":-3,
		"moveRot":-15}
	]},
	"minWarmup": 0.98,
	"shootY":0,
	"shoot":{
		"type":"ShootBarrel",
		"barrels":[
			22,23,-15,
			-22,23,15
		]	},
	"smokeEffect": {
		"type": "ParticleEffect",
		"particles": 9,
		"interp": "pow10Out",
		"sizeInterp": "pow5In",
		"sizeFrom": 5,
		"sizeTo": 0,
		"length": 40,
		"baseLength": 0,
		"lifetime": 65,
		"colorFrom": "73737390",
		"colorTo": "FFFFFF90",
		"cone": 23
	},
	"targetGround": true,
	"targetAir": false,
	"canOverdrive": false,
	"requiresWater":true,
	"inaccuracy": 0,
	"rotateSpeed": 3,
	"shootType":{
		"type":"BasicBulletType",
		"reflectable":false,
		"damage": 350,
		"splashDamageRadius":90,
		"splashDamage": 880,
		"makeFire":true,
		"status": "blasted",
		"statusDuration": 60,
		"homingDelay":15,
		"homingRange": 320,
		"homingPower": 0.042,
		"pierceArmor":true,
		"hittable":false,
		"absorbable":false,
		"collidesAir":false,
		"collideFloor":true,
		"ammoMultiplier": 1,
		"layer":49,
		"shootEffect":"none",
		"smokeEffect":"none",
	"hitEffect":{"type": "MultiEffect",
	"effects": [
	{"type": "ParticleEffect",
	"particles": 18,
	"interp": "pow10Out",
	"sizeInterp": "pow10In",
	"sizeFrom": 11,
	"sizeTo": 0,
	"length": 95,
	"baseLength": 3,
	"lifetime": 125,
	"colorFrom": "737373FF",
	"colorTo": "737373FF",
	"cone": 360},
	{"type": "ParticleEffect",
	"particles": 18,
	"interp": "pow10Out",
	"sizeInterp": "pow10In",
	"sizeFrom": 8,
	"sizeTo": 0,
	"length": 95,
	"baseLength": 3,
	"lifetime": 105,
	"colorFrom": "FFFFFFA8",
	"colorTo": "737373FF",
	"cone": 360},
	{"type": "ParticleEffect",
	"particles": 22,
	"interp": "pow10Out",
	"sizeInterp": "pow5In",
	"sizeFrom": 9,
	"sizeTo": 0,
	"length": 89,
	"baseLength": 0,
	"lifetime": 60,
	"colorFrom": "596ab8",
	"colorTo": "596ab890",
	"cone": 360},
	{"type": "ParticleEffect",
	"particles": 40,
	"line":true,
	"strokeFrom": 2,
	"strokeTo": 2,
	"lenFrom":44,
	"lenTo":0,
	"length": 123,
	"baseLength": 13,
	"lifetime": 15,
	"colorFrom": "FFFFFF",
	"colorTo": "FFE176FF",
	"cone": 360},
	{"type": "WaveEffect",
	"lifetime": 22,
	"sizeFrom": 1,
	"sizeTo": 93,
	"strokeFrom": 9,
	"strokeTo": 0,
	"colorFrom": "FFE176FF",
	"colorTo": "ffffff"},
	{"type": "WaveEffect",
	"lifetime": 22,
	"sizeFrom": 1,
	"sizeTo": 72,
	"strokeFrom": 7,
	"strokeTo": 0,
	"colorFrom": "FFE176FF",
	"colorTo": "ffffff"}]},
		"despawnEffect":"none",
		"hitShake": 12,
		"hitSound":"explosionbig",
		"hitSoundVolume":5,
		"sprite":"饱和火力-导弹",
		"trailLength":10,
		"trailWidth":2.6,
		"trailColor":"596ab890",
		"backColor":"596ab890",
		"frontColor":"596ab890", 
		"trailChance": 0,
		"trailInterval": 3,
		"trailEffect": {"type": "MultiEffect",
		"effects": [
			{"type": "ParticleEffect",
			"particles": 5,
			"sizeFrom": 6,
			"sizeTo": 0,
			"lifetime": 95,
			"interp": "pow10Out",
			"sizeInterp": "pow5In",
			"baseLength": 0,
			"cone":20,
			"length": -75,
			"colorFrom": "596ab8A8",
			"colorTo": "596ab8A8",
			"layer":49.9},
			{"type": "WaveEffect",
			"lifetime": 42,
			"startDelay":2,
			"sizeFrom": 1,
			"sizeTo": 53,
			"strokeFrom": 3,
			"strokeTo": 0,
			"layer":49.9,
			"colorFrom": "596ab8",
			"colorTo": "596ab8A8"},
		{"type": "ParticleEffect",
		"particles": 4,
		"region":"饱和火力-菱形",
		"sizeFrom": 6,
		"sizeTo": 2,
		"lifetime": 95,
		"interp": "pow10Out",
		"baseLength": 0,
		"cone":20,
		"length": -75,
		"colorFrom": "FFFFFF30",
		"colorTo": "FFFFFF00",
		"layer":100}
		]},
		"trailRotation": true,
		"drag":-0.016,
		"shrinkY":0,
		"width": 20,	"height": 72,
		"speed": 3,	"lifetime": 90 },
	"requirements": [
		"镄/15000","metaglass/5000",
		"silicon/15000","泰勒合金/10000"
	],
	//"buildVisibility": "sandboxOnly",
	"category": "turret"
}