{
	"details":"为适应前线安装更强的激光发射器与护甲，携带纳米修复仪",
	"health":1700,
	"armor":8,
	"abilities": [
{ "type": "StatusFieldAbility",
	"duration": 30,
	"reload": 330,
	"range": 30,
	"applyEffect":"none",
	"activeEffect":{"type": "WaveEffect",
	"lifetime": 20,
	"sizeFrom":30,
	"sizeTo": 30,
	"strokeFrom": 1.3,
	"strokeTo": 0,
	"colorFrom": "97FFA8FF",
	"colorTo": "97FFA800"},
	"effect":"修复"  }	  ],
	"weapons":[
	{	"name": "O枪",	
		"reload": 20, 
		"x": 8,  "y": -6,
		"rotate": true,
		"rotateSpeed":9,
		"inaccuracy":0,
		"shootSound": "lasershoot",
		"bullet":{	
	"type":"LaserBoltBulletType",
	"frontColor":"97FFA8FF",	
	"backColor":"97FFA8FF",
	"healPercent":6,
	"damage":13,
   	"pierce": true,	
	"pierceCap":2,
	"collidesTeam":true,
	"trailLength":3,
	"trailWidth":1.3,
	"trailColor":"97FFA8FF",
	"speed":8, "lifetime":21.875,
	"width":2,	 "height":8	}},
	{	"name": "O枪",	
		"reload": 13, 
		"x": 4,  "y": 5,  
		"rotate": true,
		"rotateSpeed":9,
		"inaccuracy":0,
		"shootSound": "lasershoot",
		"bullet":{	
	"type":"LaserBoltBulletType",
	"frontColor":"97FFA8FF",	
	"backColor":"97FFA8FF",
	"healPercent":4,
	"damage":11,
   	"pierce": true,	
	"pierceCap":2,
	"collidesTeam":true,
	"trailLength":3,
	"trailWidth":1.3,
	"trailColor":"97FFA8FF",
	"speed":8.2, "lifetime":21.875,
	"width":2,	 "height":8	}	}]
}