{
    "name":"余热",
    "damage":60,
    "transitionDamage": 18000,
    "affinities": ["余热","崩溃"],
	"effectChance":1,
	"effect":{
	"type": "MultiEffect",
    "effects": [
{	"type": "ParticleEffect",
    "particles": 1,  
    "baseLength": 25,
    "length":35,
    "lifetime": 60,
    "spin":5,
    "interp": "fastSlow",
    "region":"饱和火力-星",
    "sizeFrom": 16,
    "sizeTo": 0,
    "colorFrom": "F2FF9C",
    "colorTo": "ffffff",
    "cone":360 },
    {"type": "ParticleEffect",
    "particles": 3,
    "baseLength": 0,
    "length":125,
    "lifetime": 30,
    "sizeFrom": 9,
    "sizeTo": 0,
    "interp": "fastSlow",
    "colorFrom": "F2FF9C80",
    "colorTo": "F2FF9C",
    "cone":360 }
        ]}
}