{
    "name":"绝判",
    "damage": 1.66666,
	"damageMultiplier":8.333,
	"healthMultiplier":0.24,
	"speedMultiplier":1.33,
	"reloadMultiplier":0.36,
	"effectChance":0.5,
	"effect":{	"type": "ParticleEffect",
    "particles": 3,  
    "baseLength": 60,
    "length":-45,
    "lifetime": 60,
    "strokeFrom": 3,
    "strokeTo": 0,
    "line": true,
    "lenFrom": 20,
    "lenTo": 0,
    "interp": "pow10Out",
    "sizeInterp": "pow5In",
    "colorFrom": "FEEBB3",
    "colorTo": "FEEBB380",
    "layer":99,
    "cone":360 }
}
