{
	"type": "mech",
	"name": "前线支援站",
	"description": "内置单位工厂，能够构建简易单位，快速形成战斗力需要其它武器保护",
    "canBoost": false,
    "speed": 0,
    "hitSize": 20,
    "health": 1350,
    "armor": 5,
    "mineSpeed": 0,
    "mineTier": 0,
    "buildSpeed": 0,
    "baserotateSpeed":0,
    "rotateSpeed": 0,
    "itemCapacity": 0,
    "commandLimit": 0,
    "rotateShooting": false,
	"research": "支援",
"abilities": [
{   "type": "UnitSpawnAbility",
    "unit": "dagger",
    "spawnX": 12,
    "spawnY": 12,
    "spawnTime": 600},
{   "type": "UnitSpawnAbility",
    "unit": "dagger",
    "spawnX": -12,
    "spawnY": -12,
    "spawnTime": 600},
{   "type": "UnitSpawnAbility",
    "unit": "dagger",
    "spawnX": 12,
    "spawnY": -12,
    "spawnTime": 600},
{   "type": "UnitSpawnAbility",
    "unit": "dagger",
    "spawnX": -12,
    "spawnY": 12,
    "spawnTime": 600}
]
}
