{
	"type": "missile",
	"template": "MissileUnitType",
	"name": "缉踪导弹",
	"speed": 4,
	"lifetime":180,
	"rotateSpeed":2.3,
	"loopSoundVolume":0.03,
	"deathSound":"Explosionbig",
	"hidden":true,
	"missileAccelTime":30,
	"targetGround":false,
	"lowAltitude":true,
	"ammoType":{
	"type":"PowerAmmoType",
	"totalPower":100},
	"hitSize":12,
	"health": 90,
	"fogRadius":2,
	"engineColor":"c0ecff",
	"trailColor":"c0ecff",
	"trailLength":11,
	"engines": [
        {	"x": -4,"y":-4,
        "radius": 2.2, "rotation": -135},
        {	"x": 4,"y": -4,
        "radius": 2.2, "rotation": -45}
    ],
	"engineOffset": 8,
	"engineSize": 2.3,
	"maxRange":30,
	"abilities":[
		{"type":"MoveEffectAbility",
		"effect":{
			"type": "ParticleEffect",
			"particles": 2,
			"sizeFrom": 6,
			"sizeTo": 0,
			"length": 10,
			"lifetime": 50,
			"interp": "pow10Out",
			"sizeInterp": "pow5In",
			"colorFrom": "c0ecff40",
			"colorTo": "c0ecff40",
			"cone": 360
		},
		"interval":8,
		"y":-8,
		"color":"c0ecff"
	}
	],
	"weapons":[
		{"name":"自爆",
		"x":0,"y":0,
		"reload":1,
		"mirror":false,
		"rotate": true,
		"shake":3,
		"shootSound":"explosion",
		"shootOnDeath":true,
	    "bullet":{
		"ammoMultiplier": 1,
	"type":"FlakBulletType",
	"killShooter":true,
    "splashDamageRadius": 50,
    "splashDamage": 35,
	"hitShake":3,
	"shootEffect":"none",
	"smokeEffect":"none",
	"despawnEffect":"none",
	"hitEffect":{"type": "MultiEffect",
			"effects": [
			{"type": "ParticleEffect",
			"particles": 23,
			"sizeFrom": 13,
			"sizeTo": 0,
			"length": 45,
			"baseLength": 30,
			"interp": "pow10Out",
			"sizeInterp": "pow10Out",
			"region":"饱和火力-菱形",
			"lifetime": 85,
			"colorFrom": "c0ecff",
			"colorTo": "c0ecff00",
			"cone": 360},
			{"type": "WaveEffect",
			"lifetime": 11,
			"sizeFrom": 0,
			"sizeTo": 75,
			"strokeFrom": 5,
			"strokeTo": 0,
			"colorFrom": "c0ecff",
			"colorTo": "c0ecff"}]},
		"fragLifeMin":0.3,
		"fragBullets":4,
		"fragBullet":{
			"type":"FlakBulletType",
			"damage":25,
			"status":"slow",
			"statusDuration":6,
			"homingRange":300,
			"homingPower": 0.15,
			"splashDamageRadius":35,
			"splashDamage":67.6,
			"hitSound":"explosion",
			"shootEffect":"none",
			"smokeEffect":"none",
			"hitEffect":{"type": "MultiEffect",
			"effects": [
			{"type": "ParticleEffect",
			"particles": 8,
			"sizeFrom": 5,
			"sizeTo": 0,
			"length": 35,
			"baseLength": 0,
			"region":"饱和火力-菱形",
			"lifetime": 25,
			"colorFrom": "c0ecff",
			"colorTo": "c0ecff",
			"cone": 360},
			{"type": "WaveEffect",
			"lifetime": 15,
			"sizeFrom": 0,
			"sizeTo": 35,
			"strokeFrom": 2,
			"strokeTo": 0,
			"colorFrom": "c0ecff",
			"colorTo": "c0ecff"}]},
		"despawnEffect":{
		"type": "ParticleEffect",
		"particles": 1,
		"sizeFrom": 3,
		"sizeTo": 0,
		"length": 0,
		"baseLength": 0,
		"lifetime":8,
		"colorFrom": "c0ecff",
		"colorTo": "c0ecff",
		"cone": 360},
			"sprite":"circle-bullet",
			"frontColor":"FFFFFF",
			"backColor":"c0ecff",
			"trailLength":11,
			"trailWidth":2,
			"trailColor":"c0ecff",
			"shrinkX":0,
			"shrinkY":0,
			"width": 4,"height": 4,
			"speed": 4,	"lifetime": 30
		}
		} 	}
	    ]
}
